,ST_CASE,FATALS,PERSONS,MONTH,MAN_COLL,SP_LIMIT,LGT_COND,WEATHER,SUR_COND,STATE,DRUNK_DR,rate,rate_numerical,arrival_time
814,10815,1,1,11,0,45,2,1,1,1,0,high,1.0,6.0
815,10816,1,1,11,0,25,1,1,1,1,0,high,1.0,6.0
816,10817,1,5,11,0,60,2,1,1,1,1,low,0.2,6.0
817,10818,1,2,11,0,70,2,1,1,1,0,low,0.5,7.0
818,10819,1,1,11,0,45,1,1,1,1,0,high,1.0,20.0
819,10820,1,1,11,0,55,2,1,1,1,1,high,1.0,9.0
820,10821,1,4,11,2,40,1,1,1,1,0,low,0.25,25.0
821,10822,1,1,11,0,45,2,1,1,1,1,high,1.0,25.0
822,10823,6,8,11,5,65,2,1,1,1,1,high,0.75,99.0
823,10824,1,2,11,0,45,1,1,1,1,0,low,0.5,56.0
824,10825,1,1,11,0,45,2,1,1,1,0,high,1.0,15.0
825,10826,1,2,11,5,55,2,1,1,1,0,low,0.5,25.0
826,10827,1,1,12,0,35,3,9,2,1,0,high,1.0,43.0
827,10828,1,1,11,0,55,1,1,1,1,0,high,1.0,18.0
828,10829,1,1,12,0,60,3,1,1,1,1,high,1.0,0.0
829,10830,2,5,12,0,40,2,1,1,1,1,low,0.4,5.0
830,10831,1,2,11,5,45,1,1,1,1,0,low,0.5,10.0
831,10832,1,2,12,0,55,1,1,1,1,0,low,0.5,11.0
832,10833,1,2,12,0,40,1,1,1,1,0,low,0.5,12.0
833,10834,1,2,11,1,55,1,1,1,1,1,low,0.5,7.0
834,10835,1,1,11,0,35,2,1,1,1,1,high,1.0,14.0
835,10836,1,5,11,1,45,1,1,1,1,0,low,0.2,20.0
836,10837,1,2,11,0,45,1,1,1,1,0,low,0.5,20.0
837,10838,1,1,11,0,45,2,1,1,1,1,high,1.0,25.0
838,10839,1,3,11,2,45,1,1,1,1,0,low,0.3333333333333333,2.0
839,10840,1,2,11,0,55,2,1,1,1,1,low,0.5,21.0
840,10841,1,3,11,2,35,1,1,1,1,1,low,0.3333333333333333,30.0
841,10842,1,1,11,0,45,2,1,2,1,1,high,1.0,15.0
842,10843,1,1,11,0,45,1,1,1,1,0,high,1.0,23.0
843,10844,1,1,11,0,35,2,1,1,1,0,high,1.0,14.0
844,10845,1,3,11,2,45,1,1,1,1,0,low,0.3333333333333333,15.0
845,10846,1,1,11,0,70,1,1,1,1,0,high,1.0,39.0
846,10847,1,2,11,0,40,2,2,2,1,0,low,0.5,15.0
847,10848,1,1,11,0,35,1,5,2,1,0,high,1.0,1135.0
848,10849,1,2,11,5,50,2,2,2,1,0,low,0.5,25.0
849,10850,1,3,11,5,55,4,1,1,1,0,low,0.3333333333333333,19.0
850,10851,1,2,11,5,45,1,1,1,1,0,low,0.5,19.0
851,10852,1,1,11,0,45,2,1,1,1,0,high,1.0,5.0
852,10853,3,7,11,0,55,2,1,1,1,0,low,0.42857142857142855,11.0
853,10854,1,1,11,0,45,2,1,1,1,1,high,1.0,10.0
854,10855,1,1,11,0,45,2,2,2,1,1,high,1.0,29.0
855,10856,1,2,11,2,65,2,1,2,1,1,low,0.5,20.0
856,10857,1,1,11,0,70,2,1,1,1,0,high,1.0,8.0
857,10858,1,3,11,4,55,2,2,2,1,0,low,0.3333333333333333,70.0
858,10859,1,1,12,0,45,2,1,1,1,1,high,1.0,37.0
859,10860,1,1,11,0,45,2,2,2,1,1,high,1.0,10.0
860,10861,1,4,12,0,45,2,1,1,1,1,low,0.25,10.0
861,10862,1,1,12,0,55,2,2,2,1,0,high,1.0,25.0
862,10863,1,2,11,0,55,2,1,1,1,1,low,0.5,6.0
863,10864,1,3,12,4,55,1,1,1,1,0,low,0.3333333333333333,12.0
864,10865,1,1,12,0,45,2,1,1,1,0,high,1.0,10.0
865,10866,1,1,12,0,35,2,1,1,1,0,high,1.0,20.0
866,10867,1,1,11,0,70,1,2,2,1,0,high,1.0,17.0
867,10868,1,1,12,0,40,1,1,1,1,0,high,1.0,7.0
868,10869,1,6,11,5,50,2,1,1,1,0,low,0.16666666666666666,30.0
869,10870,1,5,11,5,60,1,1,1,1,0,low,0.2,13.0
870,10871,1,1,12,0,30,1,5,2,1,0,high,1.0,10.0
871,10872,1,3,12,0,45,3,5,2,1,1,low,0.3333333333333333,10.0
872,10873,1,1,12,0,45,1,1,1,1,0,high,1.0,21.0
873,10874,1,1,12,0,70,2,1,1,1,1,high,1.0,10.0
874,10875,1,1,12,0,45,2,1,1,1,1,high,1.0,15.0
875,10876,1,1,12,0,45,2,1,1,1,0,high,1.0,30.0
876,10877,1,1,12,0,55,1,1,1,1,0,high,1.0,16.0
877,10878,1,1,12,0,55,1,1,1,1,1,high,1.0,5.0
878,10879,1,9,12,2,55,2,1,1,1,1,low,0.1111111111111111,55.0
879,10880,1,4,12,2,55,2,1,1,1,0,low,0.25,7.0
880,10881,1,6,12,0,45,2,1,2,1,1,low,0.16666666666666666,5.0
881,10882,1,2,12,5,70,1,1,1,1,0,low,0.5,5.0
882,10883,1,2,12,0,45,2,1,1,1,1,low,0.5,40.0
883,10884,1,1,12,0,65,1,1,1,1,0,high,1.0,120.0
884,10885,1,1,12,0,35,2,1,1,1,0,high,1.0,45.0
885,10886,2,3,12,5,45,2,5,2,1,0,high,0.6666666666666666,4.0
886,10887,1,1,12,0,70,2,1,2,1,0,high,1.0,42.0
887,10888,1,4,12,5,45,2,1,1,1,0,low,0.25,5.0
888,10889,1,2,12,5,55,1,1,1,1,0,low,0.5,107.0
889,10890,1,6,12,3,40,2,1,1,1,0,low,0.16666666666666666,13.0
890,10891,1,1,12,0,45,1,2,2,1,0,high,1.0,0.0
891,10892,1,2,12,0,45,2,1,1,1,0,low,0.5,15.0
892,10893,1,3,12,0,45,2,1,1,1,1,low,0.3333333333333333,5.0
893,10894,1,3,12,1,70,2,1,1,1,0,low,0.3333333333333333,27.0
894,10895,1,2,12,5,35,1,2,2,1,0,low,0.5,5.0
895,10896,1,1,12,0,55,1,1,1,1,0,high,1.0,15.0
896,10897,1,1,12,0,45,1,2,2,1,0,high,1.0,5.0
897,10898,1,1,12,0,55,1,1,1,1,0,high,1.0,12.0
898,10899,2,3,12,0,70,1,1,1,1,0,high,0.6666666666666666,10.0
899,10900,1,3,12,0,55,1,1,1,1,1,low,0.3333333333333333,5.0
900,10901,1,1,12,0,45,2,1,1,1,0,high,1.0,5.0
901,10902,1,1,12,0,55,4,5,1,1,0,high,1.0,5.0
902,10903,1,5,12,0,50,1,1,1,1,0,low,0.2,17.0
903,10904,1,1,12,0,55,2,2,2,1,1,high,1.0,20.0
904,10905,1,1,12,0,70,1,1,1,1,0,high,1.0,5.0
905,10906,2,5,12,0,55,2,2,2,1,0,low,0.4,14.0
906,10907,1,2,12,2,45,3,1,1,1,0,low,0.5,6.0
907,10908,1,2,12,0,35,2,2,2,1,0,low,0.5,5.0
908,10909,1,2,12,3,70,1,1,2,1,0,low,0.5,6.0
909,10910,1,3,12,5,70,2,1,1,1,0,low,0.3333333333333333,11.0
910,10911,1,3,2,5,45,2,1,1,1,0,low,0.3333333333333333,2.0
911,10912,1,2,2,0,55,1,1,1,1,0,low,0.5,8.0
912,10913,1,4,3,2,45,1,1,1,1,0,low,0.25,5.0
913,10914,1,4,11,1,55,1,1,1,1,0,low,0.25,3.0
914,10915,1,1,12,0,45,2,1,1,1,0,high,1.0,26.0
915,10916,1,3,5,2,45,1,1,1,1,0,low,0.3333333333333333,20.0
916,10917,1,4,12,1,25,3,1,1,1,0,low,0.25,370.0
917,10918,1,3,12,5,45,1,1,1,1,1,low,0.3333333333333333,18.0
918,10919,1,2,8,4,40,1,1,1,1,0,low,0.5,65.0
919,10920,1,1,11,0,45,2,1,1,1,1,high,1.0,9.0
920,10921,3,3,9,0,55,2,1,1,1,1,high,1.0,10.0
921,10922,3,4,10,0,45,1,1,1,1,1,high,0.75,15.0
922,10923,1,1,12,0,55,2,1,1,1,0,high,1.0,2.0
923,10924,1,2,12,1,50,1,1,1,1,0,low,0.5,15.0
924,10925,1,1,12,0,45,1,1,1,1,1,high,1.0,16.0
925,10926,1,2,11,5,55,2,1,1,1,0,low,0.5,55.0
926,10927,1,8,12,0,70,3,1,1,1,1,low,0.125,5.0
927,10928,1,1,12,0,45,1,1,1,1,0,high,1.0,8.0
928,10929,1,3,12,5,60,1,2,2,1,0,low,0.3333333333333333,7.0
929,10930,1,2,10,4,50,1,1,1,1,0,low,0.5,85.0
930,10931,1,5,8,0,40,5,1,1,1,0,low,0.2,8.0
931,10932,1,2,12,0,99,2,1,1,1,0,low,0.5,2.0
932,10933,1,2,9,2,40,5,1,1,1,0,low,0.5,3.0
933,10934,1,1,12,0,65,2,1,1,1,1,high,1.0,22.0
934,10935,1,1,6,0,55,2,1,1,1,0,high,1.0,9.0
935,10936,1,5,12,1,55,1,1,1,1,0,low,0.2,5.0
936,10937,1,3,10,5,55,1,1,1,1,0,low,0.3333333333333333,5.0
937,10938,1,2,10,5,55,1,1,1,1,0,low,0.5,3.0
938,10939,2,3,12,2,70,1,1,1,1,1,high,0.6666666666666666,1.0
939,10940,2,2,12,0,45,2,2,2,1,0,high,1.0,4.0
940,10941,1,2,11,2,45,1,1,1,1,1,low,0.5,2.0
941,10942,1,1,12,1,25,3,1,1,1,1,high,1.0,25.0
942,10943,1,2,12,0,45,1,1,1,1,1,low,0.5,1.0
943,10944,1,1,11,0,55,2,1,1,1,0,high,1.0,15.0
944,10945,1,3,12,5,45,3,1,1,1,0,low,0.3333333333333333,23.0
945,10946,1,2,12,5,55,1,1,1,1,0,low,0.5,5.0
946,10947,1,3,12,5,60,2,1,1,1,0,low,0.3333333333333333,4.0
947,10948,1,1,12,0,25,2,1,2,1,1,high,1.0,6.0
948,10949,1,2,1,0,35,3,1,1,1,0,low,0.5,10.0
949,10950,1,4,8,0,35,1,1,1,1,0,low,0.25,3.0
950,10951,1,1,4,0,65,3,1,1,1,0,high,1.0,6.0
951,10952,1,1,5,0,40,5,1,1,1,1,high,1.0,2.0
952,10953,1,2,6,0,40,3,1,1,1,0,low,0.5,10.0
953,10954,1,3,8,5,40,3,1,1,1,0,low,0.3333333333333333,6.0
954,10955,1,4,6,0,35,1,2,2,1,0,low,0.25,7.0
955,10956,1,2,11,5,65,1,1,1,1,0,low,0.5,45.0
956,10957,1,5,12,0,45,2,1,1,1,0,low,0.2,4.0
957,10958,1,2,12,0,50,2,1,1,1,0,low,0.5,21.0
958,10959,1,2,11,5,65,1,1,1,1,0,low,0.5,5.0
959,10960,1,1,12,0,55,2,1,1,1,0,high,1.0,50.0
960,10961,1,6,10,5,25,1,1,1,1,0,low,0.16666666666666666,10.0
961,10962,1,2,12,5,55,1,1,1,1,0,low,0.5,11.0
962,10963,1,1,12,0,55,2,1,2,1,0,high,1.0,5.0
963,10964,1,2,12,1,65,4,1,1,1,0,low,0.5,42.0
964,10965,1,2,12,0,30,3,1,1,1,0,low,0.5,7.0
965,10966,1,2,11,0,45,1,1,1,1,1,low,0.5,10.0
966,10967,1,1,11,0,45,2,1,1,1,0,high,1.0,4.0
967,10968,1,2,11,0,55,1,1,1,1,0,low,0.5,12.0
968,10969,1,2,1,2,50,1,1,1,1,0,low,0.5,40.0
969,10970,1,2,3,5,45,1,1,1,1,1,low,0.5,10.0
970,10971,1,1,4,0,35,1,1,1,1,0,high,1.0,5.0
971,10972,1,1,5,0,55,3,1,1,1,1,high,1.0,10.0
972,10973,1,6,5,2,50,1,2,2,1,0,low,0.16666666666666666,15.0
973,10974,2,2,6,0,55,1,1,1,1,0,high,1.0,12.0
974,10975,1,4,8,5,45,1,1,1,1,0,low,0.25,10.0
975,10976,1,3,11,0,35,3,1,1,1,0,low,0.3333333333333333,13.0
976,10977,1,1,8,0,25,1,1,1,1,0,high,1.0,55.0
977,10978,1,2,5,0,45,3,1,1,1,0,low,0.5,5.0
978,10979,1,4,9,0,60,1,1,1,1,0,low,0.25,16.0
979,10980,1,2,2,0,45,2,1,1,1,1,low,0.5,10.0
980,10981,1,4,8,5,35,1,1,1,1,0,low,0.25,5.0
981,10982,1,3,11,0,65,2,1,1,1,0,low,0.3333333333333333,18.0
982,10983,1,4,12,2,55,2,5,1,1,0,low,0.25,11.0
983,10984,1,4,12,1,45,3,1,1,1,1,low,0.25,5.0
984,10985,1,3,11,2,35,2,1,1,1,1,low,0.3333333333333333,11.0
985,10986,1,1,11,0,40,3,1,1,1,0,high,1.0,7.0
986,10987,1,1,6,0,15,1,1,1,1,1,high,1.0,13.0
987,10988,1,1,11,0,30,2,1,1,1,0,high,1.0,7.0
988,10989,1,2,4,8,50,1,1,1,1,0,low,0.5,12.0
989,10990,1,4,4,8,55,4,2,2,1,0,low,0.25,3.0
990,10991,2,2,1,2,55,4,1,1,1,0,high,1.0,6.0
991,10992,1,5,1,2,70,1,1,1,1,0,low,0.2,13.0
992,10993,1,1,12,0,55,2,1,1,1,0,high,1.0,4.0
993,10994,1,5,10,0,65,2,1,1,1,0,low,0.2,4.0
994,10995,1,1,8,0,99,1,1,1,1,0,high,1.0,47.0
995,10996,1,2,10,2,40,2,1,1,1,0,low,0.5,10.0
996,10997,1,3,10,0,60,1,1,1,1,0,low,0.3333333333333333,405.0
997,10998,1,1,2,0,45,4,2,2,1,0,high,1.0,3.0
998,10999,1,5,7,1,50,3,1,1,1,1,low,0.2,7.0
999,11000,1,4,6,3,60,2,1,1,1,0,low,0.25,7.0
1000,11001,1,2,11,2,50,2,1,1,1,0,low,0.5,12.0
1001,11002,1,2,11,0,30,2,1,1,1,1,low,0.5,4.0
1002,11003,1,3,7,0,40,1,1,1,1,0,low,0.3333333333333333,5.0
1003,11004,1,2,7,1,50,1,1,1,1,0,low,0.5,6.0
1004,11005,1,3,7,0,35,3,1,1,1,0,low,0.3333333333333333,13.0
1005,11006,1,2,2,0,35,4,2,2,1,0,low,0.5,7.0
1006,11007,1,3,6,0,60,2,1,1,1,0,low,0.3333333333333333,9.0
1007,11008,1,2,4,0,40,4,1,1,1,0,low,0.5,12.0
1008,11009,2,3,11,5,55,2,1,1,1,0,high,0.6666666666666666,13.0
1009,11010,1,1,12,0,55,1,1,1,1,0,high,1.0,7.0
1010,20001,1,2,1,4,55,2,5,4,2,0,low,0.5,33.0
1011,20002,1,3,1,0,65,2,1,1,2,0,low,0.3333333333333333,12.0
1012,20003,1,2,1,0,45,3,1,4,2,1,low,0.5,6.0
1013,20004,1,4,1,4,55,2,1,4,2,0,low,0.25,6.0
1014,20005,1,1,3,4,0,1,1,3,2,1,high,1.0,22.0
1015,20006,2,3,1,2,55,1,1,4,2,0,high,0.6666666666666666,26.0
1016,20007,1,3,2,0,30,3,1,3,2,2,low,0.3333333333333333,8.0
1017,20008,1,2,2,0,25,3,1,4,2,1,low,0.5,4.0
1018,20009,1,1,2,0,65,3,1,4,2,0,high,1.0,5.0
1019,20010,1,2,3,0,25,3,1,4,2,1,low,0.5,12.0
1020,20011,1,3,4,2,65,3,1,1,2,0,low,0.3333333333333333,36.0
1021,20012,1,2,4,0,40,3,1,1,2,1,low,0.5,17.0
1022,20013,1,4,4,4,45,3,1,1,2,2,low,0.25,4.0
1023,20014,1,2,3,0,40,1,1,1,2,1,low,0.5,16.0
1024,20015,1,2,1,3,25,1,4,3,2,2,low,0.5,13.0
1025,20016,1,3,4,2,45,1,1,4,2,0,low,0.3333333333333333,5.0
1026,20017,1,3,5,3,50,1,1,1,2,0,low,0.3333333333333333,10.0
1027,20018,1,2,5,3,55,1,1,1,2,0,low,0.5,11.0
1028,20019,1,1,4,0,65,1,1,1,2,1,high,1.0,16.0
1029,20020,1,2,5,2,55,1,1,1,2,1,low,0.5,11.0
1030,20021,1,4,6,4,55,1,1,1,2,0,low,0.25,8.0
1031,20022,1,1,2,0,0,2,4,3,2,1,high,1.0,13.0
1032,20023,2,3,6,4,65,1,1,1,2,0,high,0.6666666666666666,7.0
1033,20024,1,3,6,3,45,1,1,1,2,0,low,0.3333333333333333,4.0
1034,20025,1,1,6,0,45,1,1,1,2,1,high,1.0,13.0
1035,20026,2,7,6,0,55,1,1,1,2,0,low,0.2857142857142857,27.0
1036,20027,1,1,6,0,55,1,1,1,2,0,high,1.0,19.0
1037,20028,1,4,7,0,55,1,1,1,2,1,low,0.25,4.0
1038,20029,1,3,7,2,55,1,1,1,2,1,low,0.3333333333333333,8.0
1039,20030,1,1,7,0,45,2,1,1,2,0,high,1.0,2.0
1040,20031,1,4,7,2,65,1,1,1,2,0,low,0.25,2.0
1041,20032,1,2,7,1,45,1,1,1,2,0,low,0.5,8.0
1042,20033,1,3,7,0,65,1,1,1,2,0,low,0.3333333333333333,11.0
1043,20034,1,1,7,0,55,1,1,1,2,0,high,1.0,32.0
1044,20035,1,2,7,2,45,3,1,1,2,1,low,0.5,7.0
1045,20036,1,2,6,0,15,1,2,5,2,1,low,0.5,9.0
1046,20037,1,4,7,2,55,1,1,1,2,0,low,0.25,40.0
1047,20038,1,3,3,2,50,2,1,1,2,1,low,0.3333333333333333,3.0
1048,20039,1,6,7,2,55,1,1,1,2,0,low,0.16666666666666666,4.0
1049,20040,2,2,7,0,45,1,1,1,2,2,high,1.0,13.0
1050,20041,2,5,7,0,65,1,1,1,2,0,low,0.4,4.0
1051,20042,1,2,7,7,35,1,1,1,2,0,low,0.5,7.0
1052,20043,1,3,7,4,40,3,2,2,2,1,low,0.3333333333333333,9.0
1053,20044,1,2,8,0,40,3,1,1,2,1,low,0.5,6.0
1054,20045,2,5,6,0,40,3,6,5,2,1,low,0.4,6.0
1055,20046,1,2,7,3,45,3,1,1,2,1,low,0.5,10.0
1056,20047,1,3,7,4,45,1,1,1,2,0,low,0.3333333333333333,12.0
1057,20048,1,3,8,2,55,1,1,1,2,0,low,0.3333333333333333,17.0
1058,20049,1,2,8,0,65,1,1,1,2,0,low,0.5,6.0
1059,20050,1,1,9,0,65,2,2,2,2,0,high,1.0,23.0
1060,20051,1,1,9,0,30,3,1,2,2,0,high,1.0,46.0
1061,20052,1,1,10,0,55,1,1,4,2,0,high,1.0,9.0
1062,20053,1,2,9,0,45,3,1,2,2,0,low,0.5,6.0
1063,20054,1,3,9,0,45,3,2,2,2,1,low,0.3333333333333333,4.0
1064,20055,1,4,10,0,25,5,1,3,2,1,low,0.25,6.0
1065,20056,2,4,10,2,55,1,1,4,2,1,low,0.5,6.0
1066,20057,1,3,10,0,0,2,7,5,2,1,low,0.3333333333333333,18.0
1067,20058,1,2,9,0,0,1,2,2,2,0,low,0.5,16.0
1068,20059,1,2,10,2,55,3,1,1,2,1,low,0.5,3.0
1069,20060,1,1,8,0,65,2,1,1,2,1,high,1.0,25.0
1070,20061,1,3,10,1,55,3,1,1,2,0,low,0.3333333333333333,7.0
1071,20062,1,2,11,0,25,3,1,3,2,0,low,0.5,4.0
1072,20063,1,1,11,0,55,2,1,4,2,0,high,1.0,4.0
1073,20064,1,4,11,3,65,1,4,4,2,0,low,0.25,24.0
1074,20065,1,2,11,2,50,2,4,4,2,0,low,0.5,3.0
1075,20066,1,1,11,0,30,2,1,3,2,1,high,1.0,6.0
1076,20067,1,3,12,4,55,1,1,4,2,0,low,0.3333333333333333,14.0
1077,20068,1,1,12,0,65,3,1,1,2,0,high,1.0,10.0
1078,20069,1,1,11,0,35,5,1,4,2,1,high,1.0,28.0
1079,20070,1,2,11,3,55,3,1,4,2,0,low,0.5,15.0
1080,20071,1,2,11,0,0,2,4,3,2,1,low,0.5,1.0
1081,20072,1,2,12,0,55,2,1,4,2,1,low,0.5,5.0
1082,20073,1,1,12,0,55,2,4,4,2,0,high,1.0,8.0
1083,20074,1,3,11,3,40,3,1,1,2,1,low,0.3333333333333333,18.0
1084,20075,1,3,12,0,35,2,1,3,2,1,low,0.3333333333333333,2.0
1085,20076,1,3,12,2,50,3,4,3,2,1,low,0.3333333333333333,25.0
1086,20077,1,9,12,2,55,1,1,4,2,0,low,0.1111111111111111,6.0
1087,40001,1,4,1,5,35,3,1,1,4,0,low,0.25,6.0
1088,40002,1,3,1,0,25,1,1,1,4,0,low,0.3333333333333333,15.0
1089,40003,1,3,1,11,65,2,1,2,4,1,low,0.3333333333333333,6.0
1090,40004,1,3,1,0,40,2,1,2,4,2,low,0.3333333333333333,20.0
1091,40005,1,2,1,0,35,3,1,1,4,0,low,0.5,17.0
1092,40006,2,7,1,0,99,2,1,1,4,1,low,0.2857142857142857,9.0
1093,40007,1,2,1,0,65,1,1,1,4,0,low,0.5,13.0
1094,40008,1,3,1,0,40,1,1,1,4,0,low,0.3333333333333333,17.0
1095,40009,1,2,1,3,40,3,1,1,4,1,low,0.5,18.0
1096,40010,1,3,1,0,35,1,1,1,4,0,low,0.3333333333333333,28.0
1097,40011,1,2,1,0,75,5,1,4,4,0,low,0.5,6.0
1098,40012,2,3,1,0,75,2,4,3,4,1,high,0.6666666666666666,99.0
1099,40013,1,5,1,0,55,1,1,1,4,0,low,0.2,6.0
1100,40014,1,8,1,0,45,3,1,1,4,0,low,0.125,43.0
1101,40015,1,2,1,0,40,1,1,1,4,0,low,0.5,12.0
1102,40016,1,1,1,0,75,2,1,1,4,1,high,1.0,4.0
1103,40017,1,6,1,1,55,5,2,2,4,2,low,0.16666666666666666,7.0
1104,40018,1,2,1,0,35,2,1,1,4,1,low,0.5,45.0
1105,40019,1,3,1,0,55,3,1,1,4,2,low,0.3333333333333333,14.0
1106,40020,1,6,1,1,55,1,1,1,4,0,low,0.16666666666666666,5.0
1107,40021,1,1,1,0,45,1,1,1,4,0,high,1.0,11.0
1108,40023,1,4,1,1,40,3,1,1,4,1,low,0.25,6.0
1109,40024,1,3,1,5,40,3,1,1,4,1,low,0.3333333333333333,33.0
1110,40025,1,3,2,5,45,3,1,1,4,0,low,0.3333333333333333,11.0
1111,40026,1,2,2,0,40,4,1,1,4,0,low,0.5,5.0
1112,40027,1,2,2,7,75,1,1,1,4,0,low,0.5,0.0
1113,40028,1,2,2,0,35,3,1,1,4,0,low,0.5,5.0
1114,40029,1,2,2,0,65,3,1,1,4,1,low,0.5,6.0
1115,40030,1,2,2,4,55,2,1,1,4,0,low,0.5,6.0
1116,40031,1,1,2,0,75,1,1,1,4,0,high,1.0,5.0
1117,40032,1,2,2,4,45,1,1,1,4,1,low,0.5,8.0
1118,40033,1,1,2,0,20,2,1,1,4,1,high,1.0,5.0
1119,40034,1,1,2,0,65,3,1,1,4,0,high,1.0,6.0
1120,40035,1,1,2,0,35,1,1,1,4,1,high,1.0,15.0
1121,40036,1,2,2,0,40,1,1,1,4,0,low,0.5,5.0
1122,40037,1,2,2,0,25,1,1,1,4,0,low,0.5,7.0
1123,40038,1,4,2,1,75,1,1,1,4,0,low,0.25,7.0
1124,40039,1,2,2,4,25,1,1,1,4,0,low,0.5,6.0
1125,40040,1,4,2,0,45,2,1,5,4,2,low,0.25,10.0
1126,40041,1,3,2,0,75,1,1,1,4,0,low,0.3333333333333333,11.0
1127,40042,1,3,2,2,65,2,1,1,4,0,low,0.3333333333333333,2.0
1128,40043,1,3,2,2,65,1,1,1,4,0,low,0.3333333333333333,10.0
1129,40044,1,2,2,5,45,3,1,1,4,0,low,0.5,11.0
1130,40045,1,1,2,0,65,2,1,1,4,1,high,1.0,2.0
1131,40046,1,3,2,0,65,2,1,1,4,0,low,0.3333333333333333,0.0
1132,40047,1,6,2,1,75,1,1,1,4,0,low,0.16666666666666666,8.0
1133,40048,1,4,2,1,65,3,1,1,4,0,low,0.25,10.0
1134,40049,1,2,2,0,65,2,9,2,4,0,low,0.5,9.0
1135,40050,1,2,2,0,25,3,1,9,4,0,low,0.5,8.0
1136,40051,2,2,2,2,55,2,1,1,4,0,high,1.0,9.0
1137,40052,1,3,2,0,65,3,1,1,4,0,low,0.3333333333333333,5.0
1138,40053,1,2,2,0,65,1,1,1,4,0,low,0.5,2.0
1139,40054,1,1,2,0,25,1,1,1,4,0,high,1.0,5.0
1140,40055,1,2,2,1,75,2,1,1,4,0,low,0.5,9.0
1141,40056,1,5,2,5,45,1,1,1,4,0,low,0.2,8.0
1142,40057,1,2,2,0,65,2,1,1,4,0,low,0.5,13.0
1143,40058,1,2,3,8,45,2,1,1,4,0,low,0.5,19.0
1144,40059,1,1,3,0,75,2,1,1,4,0,high,1.0,17.0
1145,40060,1,1,3,0,25,1,1,1,4,0,high,1.0,38.0
1146,40061,1,2,3,0,45,3,1,1,4,1,low,0.5,8.0
1147,40062,1,1,3,0,45,2,1,1,4,1,high,1.0,13.0
1148,40063,1,3,3,2,65,1,1,1,4,0,low,0.3333333333333333,7.0
1149,40064,1,1,3,0,45,2,1,1,4,1,high,1.0,8.0
1150,40065,1,2,3,5,45,4,1,1,4,0,low,0.5,25.0
1151,40066,1,3,3,0,45,1,2,2,4,0,low,0.3333333333333333,7.0
1152,40067,1,1,1,0,45,3,1,1,4,1,high,1.0,43.0
1153,40068,1,2,1,0,40,1,1,1,4,0,low,0.5,15.0
1154,40069,1,5,1,5,25,1,1,1,4,0,low,0.2,6.0
1155,40070,1,2,1,0,45,3,1,1,4,1,low,0.5,12.0
1156,40071,1,2,1,4,40,1,1,1,4,0,low,0.5,19.0
1157,40072,1,2,1,5,45,3,1,1,4,1,low,0.5,7.0
1158,40073,1,2,1,0,35,3,1,2,4,2,low,0.5,6.0
1159,40074,2,2,1,0,35,1,2,2,4,0,high,1.0,0.0
1160,40075,1,2,1,99,45,3,1,1,4,0,low,0.5,15.0
1161,40076,1,4,2,1,45,1,1,1,4,0,low,0.25,5.0
1162,40077,1,2,2,0,45,3,1,1,4,0,low,0.5,15.0
1163,40078,1,1,2,0,45,1,1,1,4,1,high,1.0,18.0
1164,40079,1,1,2,0,40,3,1,1,4,1,high,1.0,0.0
1165,40080,1,3,2,2,45,3,1,1,4,0,low,0.3333333333333333,20.0
1166,40081,1,1,2,0,40,3,1,1,4,0,high,1.0,11.0
1167,40082,3,5,2,0,75,2,1,1,4,0,high,0.6,6.0
1168,40083,1,3,2,2,45,1,1,1,4,1,low,0.3333333333333333,36.0
1169,40084,1,2,2,0,50,2,1,1,4,0,low,0.5,25.0
1170,40085,1,3,2,1,40,1,1,1,4,0,low,0.3333333333333333,6.0
1171,40086,1,2,2,0,35,3,2,2,4,1,low,0.5,9.0
1172,40087,1,2,2,0,75,2,1,1,4,0,low,0.5,46.0
1173,40088,1,2,2,2,55,1,1,1,4,1,low,0.5,7.0
1174,40089,1,3,2,0,30,3,1,1,4,0,low,0.3333333333333333,21.0
1175,40090,1,10,2,0,75,2,1,1,4,0,low,0.1,6.0
1176,40091,1,1,3,0,50,3,1,1,4,1,high,1.0,5.0
1177,40092,1,3,3,4,45,1,1,1,4,0,low,0.3333333333333333,19.0
1178,40093,1,5,3,5,40,3,1,1,4,2,low,0.2,6.0
1179,40094,3,3,3,0,35,3,1,1,4,0,high,1.0,28.0
1180,40095,1,5,3,1,75,1,1,1,4,0,low,0.2,23.0
1181,40096,1,1,3,0,45,1,1,1,4,0,high,1.0,7.0
1182,40097,1,3,3,0,35,3,1,1,4,0,low,0.3333333333333333,6.0
1183,40098,1,2,3,0,40,1,1,1,4,0,low,0.5,5.0
1184,40099,1,4,3,0,45,3,1,1,4,2,low,0.25,19.0
1185,40100,1,6,3,2,65,3,1,1,4,1,low,0.16666666666666666,18.0
1186,40101,1,1,3,0,65,1,1,1,4,0,high,1.0,6.0
1187,40102,1,3,3,5,35,3,1,1,4,1,low,0.3333333333333333,6.0
1188,40103,1,2,3,0,45,2,1,1,4,1,low,0.5,5.0
1189,40104,1,3,3,0,45,3,1,1,4,2,low,0.3333333333333333,6.0
1190,40105,1,1,3,0,75,1,1,1,4,0,high,1.0,12.0
1191,40106,1,1,3,0,25,1,1,1,4,1,high,1.0,9.0
1192,40107,1,2,3,0,40,3,1,1,4,0,low,0.5,40.0
1193,40108,1,3,3,2,65,5,1,1,4,0,low,0.3333333333333333,229.0
1194,40109,1,2,3,0,40,1,1,1,4,2,low,0.5,46.0
1195,40110,1,1,3,0,65,1,1,1,4,0,high,1.0,2.0
1196,40111,1,3,3,0,40,3,1,1,4,1,low,0.3333333333333333,7.0
1197,40112,1,4,3,0,99,3,1,1,4,1,low,0.25,4.0
1198,40113,1,2,3,0,75,1,1,1,4,0,low,0.5,2.0
1199,40114,1,4,3,0,25,5,1,1,4,0,low,0.25,13.0
1200,40115,1,2,3,2,35,3,1,1,4,2,low,0.5,9.0
1201,40116,1,3,3,5,35,1,1,1,4,0,low,0.3333333333333333,11.0
1202,40117,1,1,3,0,55,1,1,1,4,1,high,1.0,4.0
1203,40118,1,2,3,0,75,2,2,2,4,0,low,0.5,5.0
1204,40119,1,1,3,0,65,1,1,1,4,0,high,1.0,2.0
1205,40120,1,13,3,2,75,2,1,1,4,1,low,0.07692307692307693,54.0
1206,40121,1,1,3,0,65,1,1,1,4,0,high,1.0,23.0
1207,40122,1,1,3,0,35,1,1,1,4,0,high,1.0,4.0