,ST_CASE,FATALS,PERSONS,MONTH,MAN_COLL,SP_LIMIT,LGT_COND,WEATHER,SUR_COND,STATE,DRUNK_DR,rate,rate_numerical,arrival_time
1987,40926,1,1,6,0,45,2,1,1,4,1,high,1.0,13.0
1988,40927,1,2,6,99,99,9,9,9,4,0,low,0.5,46.0
1989,40928,1,3,6,8,99,1,9,9,4,0,low,0.3333333333333333,18.0
1990,40929,1,6,6,0,35,4,1,5,4,0,low,0.16666666666666666,10.0
1991,40930,1,2,6,8,40,1,1,1,4,0,low,0.5,5.0
1992,40931,1,2,7,99,99,9,9,9,4,0,low,0.5,24.0
1993,40932,1,3,7,2,55,1,2,2,4,1,low,0.3333333333333333,20.0
1994,40933,1,3,9,99,99,1,9,9,4,0,low,0.3333333333333333,5.0
1995,40934,1,2,9,99,99,1,1,1,4,0,low,0.5,5.0
1996,40935,1,1,10,0,25,1,1,1,4,0,high,1.0,7.0
1997,40936,1,2,10,0,99,3,1,1,4,0,low,0.5,6.0
1998,40937,1,2,10,0,99,9,9,9,4,0,low,0.5,16.0
1999,40938,1,3,10,99,99,1,9,9,4,1,low,0.3333333333333333,30.0
2000,40939,1,7,11,5,25,1,1,1,4,1,low,0.14285714285714285,15.0
2001,40940,1,4,11,0,99,1,9,9,4,0,low,0.25,11.0
2002,40941,1,3,11,5,45,1,1,1,4,0,low,0.3333333333333333,76.0
2003,40942,1,2,12,5,45,4,1,1,4,0,low,0.5,13.0
2004,40943,1,3,12,0,99,1,1,1,4,0,low,0.3333333333333333,3.0
2005,40944,1,2,11,99,99,9,9,9,4,0,low,0.5,22.0
2006,40945,1,5,11,0,55,3,1,1,4,1,low,0.2,47.0
2007,40946,1,9,11,1,99,1,9,9,4,0,low,0.1111111111111111,4.0
2008,40947,1,3,11,4,45,3,1,1,4,1,low,0.3333333333333333,18.0
2009,40948,1,2,11,99,99,1,9,9,4,0,low,0.5,18.0
2010,40949,1,2,11,0,45,2,1,1,4,2,low,0.5,8.0
2011,40950,1,1,12,99,99,1,9,9,4,0,high,1.0,18.0
2012,40951,1,1,12,0,65,5,2,2,4,0,high,1.0,10.0
2013,40952,1,2,12,0,99,1,9,9,4,0,low,0.5,85.0
2014,40953,1,2,12,2,50,1,1,1,4,0,low,0.5,13.0
2015,40954,1,2,12,99,99,9,9,9,4,0,low,0.5,8.0
2016,40955,3,5,12,4,45,1,1,1,4,0,high,0.6,6.0
2017,40956,1,2,12,0,99,9,9,9,4,0,low,0.5,24.0
2018,40957,1,2,12,2,35,2,1,1,4,1,low,0.5,0.0
2019,40958,1,4,12,2,99,9,9,9,4,1,low,0.25,3.0
2020,40959,2,6,12,2,65,1,1,1,4,0,low,0.3333333333333333,11.0
2021,40960,1,3,12,0,55,2,1,1,4,1,low,0.3333333333333333,38.0
2022,40961,2,5,10,2,65,2,1,1,4,1,low,0.4,55.0
2023,40962,2,3,12,2,45,1,1,1,4,1,high,0.6666666666666666,8.0
2024,40963,1,3,9,0,25,2,1,1,4,0,low,0.3333333333333333,7.0
2025,40964,1,4,2,0,99,2,9,9,4,0,low,0.25,0.0
2026,40965,1,2,11,0,99,1,9,9,4,0,low,0.5,17.0
2027,40967,1,1,11,0,65,1,1,1,4,0,high,1.0,20.0
2028,40968,1,1,11,0,55,2,1,1,4,0,high,1.0,15.0
2029,40970,1,2,10,99,99,9,9,9,4,0,low,0.5,19.0
2030,40971,1,2,11,0,75,2,2,2,4,0,low,0.5,11.0
2031,40972,1,3,12,0,65,2,1,1,4,1,low,0.3333333333333333,12.0
2032,40973,1,2,2,0,99,9,9,9,4,0,low,0.5,16.0
2033,40974,1,2,9,99,99,9,9,9,4,0,low,0.5,12.0
2034,40975,1,2,11,0,45,2,1,5,4,0,low,0.5,5.0
2035,50001,1,4,1,2,55,2,1,1,5,1,low,0.25,0.0
2036,50002,1,1,1,0,55,2,1,1,5,1,high,1.0,24.0
2037,50003,2,3,1,0,70,1,1,1,5,0,high,0.6666666666666666,0.0
2038,50004,1,3,1,5,35,1,1,1,5,1,low,0.3333333333333333,13.0
2039,50006,1,1,1,0,15,2,1,1,5,0,high,1.0,0.0
2040,50007,1,1,1,0,55,1,5,2,5,0,high,1.0,63.0
2041,50008,1,2,1,0,55,2,8,2,5,0,low,0.5,22.0
2042,50009,1,2,1,0,55,2,1,1,5,1,low,0.5,53.0
2043,50010,2,5,1,5,55,1,2,2,5,0,low,0.4,13.0
2044,50011,1,2,1,0,25,1,1,1,5,0,low,0.5,4.0
2045,50012,2,3,1,2,55,1,1,1,5,0,high,0.6666666666666666,4.0
2046,50013,1,1,1,0,55,1,1,1,5,1,high,1.0,8.0
2047,50014,1,1,1,0,45,2,1,1,5,1,high,1.0,23.0
2048,50015,1,2,1,0,40,2,1,1,5,0,low,0.5,16.0
2049,50016,1,2,1,5,55,2,1,1,5,0,low,0.5,21.0
2050,50017,1,3,1,0,65,2,1,1,5,1,low,0.3333333333333333,27.0
2051,50018,1,2,1,0,55,1,1,1,5,1,low,0.5,30.0
2052,50019,1,1,1,0,55,1,2,2,5,0,high,1.0,3.0
2053,50020,1,3,1,0,45,1,2,2,5,0,low,0.3333333333333333,23.0
2054,50021,1,1,1,0,55,2,2,2,5,1,high,1.0,20.0
2055,50022,2,2,1,0,25,3,2,2,5,0,high,1.0,7.0
2056,50023,1,3,1,8,45,1,2,2,5,0,low,0.3333333333333333,7.0
2057,50024,1,1,1,0,55,1,2,2,5,0,high,1.0,20.0
2058,50025,2,4,1,1,40,1,1,2,5,0,low,0.5,7.0
2059,50026,1,2,1,7,65,1,1,1,5,0,low,0.5,12.0
2060,50027,1,2,1,2,55,2,1,1,5,1,low,0.5,2.0
2061,50028,1,3,1,2,25,1,1,1,5,0,low,0.3333333333333333,66.0
2062,50029,1,2,1,4,45,1,1,1,5,0,low,0.5,5.0
2063,50030,1,1,1,0,55,1,1,1,5,1,high,1.0,20.0
2064,50031,1,1,1,0,55,1,2,2,5,0,high,1.0,21.0
2065,50032,1,3,1,5,65,1,1,2,5,0,low,0.3333333333333333,6.0
2066,50033,1,1,1,0,55,2,2,2,5,1,high,1.0,28.0
2067,50034,1,4,1,0,55,1,1,1,5,0,low,0.25,6.0
2068,50035,1,2,1,1,55,2,1,1,5,0,low,0.5,45.0
2069,50036,1,1,1,0,55,1,1,1,5,0,high,1.0,15.0
2070,50037,1,1,1,0,70,2,1,1,5,0,high,1.0,7.0
2071,50038,1,1,1,7,70,1,1,1,5,0,high,1.0,20.0
2072,50039,1,2,1,0,65,1,1,1,5,0,low,0.5,7.0
2073,50040,1,2,1,5,45,1,1,1,5,0,low,0.5,6.0
2074,50041,2,3,1,2,55,1,1,1,5,0,high,0.6666666666666666,19.0
2075,50042,1,3,1,2,35,3,1,1,5,1,low,0.3333333333333333,14.0
2076,50043,1,1,1,0,30,3,2,2,5,0,high,1.0,21.0
2077,50044,1,1,1,0,55,2,2,2,5,1,high,1.0,6.0
2078,50045,1,1,1,0,55,1,1,1,5,0,high,1.0,11.0
2079,50046,1,1,1,0,55,2,1,1,5,1,high,1.0,26.0
2080,50047,1,2,1,8,70,1,4,3,5,0,low,0.5,6.0
2081,50048,1,2,1,2,55,1,1,8,5,0,low,0.5,6.0
2082,50049,1,1,1,0,55,2,4,4,5,0,high,1.0,20.0
2083,50050,1,2,1,5,55,3,2,2,5,0,low,0.5,8.0
2084,50051,2,7,2,5,70,2,4,4,5,0,low,0.2857142857142857,8.0
2085,50052,1,3,2,0,55,1,1,1,5,0,low,0.3333333333333333,30.0
2086,50053,1,3,2,5,55,2,1,1,5,0,low,0.3333333333333333,9.0
2087,50054,1,2,2,2,45,1,1,1,5,0,low,0.5,36.0
2088,50055,1,5,2,1,70,2,1,1,5,1,low,0.2,4.0
2089,50056,1,1,2,0,55,1,1,1,5,0,high,1.0,3.0
2090,50057,1,2,2,0,70,2,1,1,5,0,low,0.5,13.0
2091,50058,1,3,2,0,55,1,3,4,5,0,low,0.3333333333333333,5.0
2092,50059,1,2,2,5,55,2,1,1,5,0,low,0.5,5.0
2093,50060,1,2,2,5,35,1,1,1,5,1,low,0.5,19.0
2094,50061,1,1,2,0,35,2,1,5,5,1,high,1.0,43.0
2095,50062,1,3,2,0,70,2,1,1,5,1,low,0.3333333333333333,30.0
2096,50063,1,2,2,4,55,1,1,1,5,0,low,0.5,15.0
2097,50064,1,3,2,0,0,2,1,1,5,0,low,0.3333333333333333,2.0
2098,50065,1,2,2,7,70,2,1,1,5,1,low,0.5,5.0
2099,50066,1,2,2,2,45,1,1,1,5,0,low,0.5,14.0
2100,50067,1,2,2,0,30,1,1,1,5,0,low,0.5,5.0
2101,50068,1,1,2,0,55,1,1,1,5,0,high,1.0,22.0
2102,50069,1,4,2,5,0,1,1,1,5,0,low,0.25,18.0
2103,50070,1,3,2,0,55,1,1,1,5,0,low,0.3333333333333333,10.0
2104,50071,1,2,2,2,55,2,1,1,5,0,low,0.5,50.0
2105,50072,1,2,2,5,55,1,1,1,5,0,low,0.5,33.0
2106,50073,1,1,2,0,35,9,1,1,5,1,high,1.0,7.0
2107,50074,1,3,2,8,55,1,1,1,5,0,low,0.3333333333333333,57.0
2108,50075,1,3,2,3,30,1,1,1,5,0,low,0.3333333333333333,21.0
2109,50076,1,1,2,0,55,2,1,1,5,0,high,1.0,34.0
2110,50077,1,2,2,0,55,2,1,1,5,0,low,0.5,13.0
2111,50078,1,1,2,0,55,1,2,2,5,0,high,1.0,10.0
2112,50079,1,1,2,0,55,1,2,2,5,0,high,1.0,0.0
2113,50080,1,3,2,2,45,1,1,1,5,0,low,0.3333333333333333,15.0
2114,50081,1,4,2,0,55,2,1,1,5,1,low,0.25,29.0
2115,50082,1,1,2,0,55,1,1,1,5,1,high,1.0,46.0
2116,50083,1,3,2,0,55,2,1,1,5,1,low,0.3333333333333333,12.0
2117,50084,1,2,3,0,35,1,1,1,5,0,low,0.5,3.0
2118,50085,1,1,3,0,50,9,1,1,5,1,high,1.0,50.0
2119,50086,1,4,3,0,35,2,1,1,5,1,low,0.25,11.0
2120,50087,1,2,3,5,45,1,1,1,5,0,low,0.5,9.0
2121,50088,1,3,3,7,40,1,1,1,5,0,low,0.3333333333333333,10.0
2122,50089,1,3,3,5,55,2,1,1,5,0,low,0.3333333333333333,6.0
2123,50090,1,2,3,8,55,1,1,1,5,0,low,0.5,1.0
2124,50091,1,3,3,0,65,1,1,1,5,1,low,0.3333333333333333,9.0
2125,50092,1,1,3,0,55,1,1,1,5,0,high,1.0,4.0
2126,50093,1,2,3,2,55,1,1,1,5,0,low,0.5,5.0
2127,50094,2,2,3,0,0,1,1,1,5,0,high,1.0,5.0
2128,50095,1,1,3,0,99,2,5,2,5,1,high,1.0,50.0
2129,50096,1,2,3,0,55,1,1,1,5,1,low,0.5,8.0
2130,50097,1,5,3,2,55,1,1,1,5,1,low,0.2,16.0
2131,50098,1,6,3,5,55,1,1,1,5,0,low,0.16666666666666666,4.0
2132,50099,1,1,3,0,35,2,1,1,5,1,high,1.0,8.0
2133,50100,1,2,3,5,55,1,1,1,5,0,low,0.5,16.0
2134,50101,1,1,3,0,55,2,1,1,5,0,high,1.0,12.0
2135,50102,1,2,3,4,70,2,1,1,5,0,low,0.5,17.0
2136,50103,1,3,3,5,55,1,1,1,5,0,low,0.3333333333333333,3.0
2137,50104,1,2,3,5,55,1,1,1,5,0,low,0.5,5.0
2138,50105,1,1,3,0,55,5,1,1,5,1,high,1.0,12.0
2139,50106,1,2,3,0,70,4,1,1,5,0,low,0.5,43.0
2140,50107,1,2,3,5,55,1,1,1,5,0,low,0.5,3.0
2141,50108,1,2,3,0,30,2,1,1,5,0,low,0.5,12.0
2142,50109,1,1,3,0,35,1,1,1,5,0,high,1.0,9.0
2143,50110,1,1,3,0,35,2,1,1,5,1,high,1.0,10.0
2144,50111,1,1,3,0,55,1,1,2,5,0,high,1.0,53.0
2145,50112,1,1,3,0,99,1,1,1,5,0,high,1.0,14.0
2146,50113,1,1,3,0,55,2,1,1,5,0,high,1.0,65.0
2147,50114,1,1,3,0,55,2,1,1,5,1,high,1.0,7.0
2148,50115,1,5,3,2,30,2,1,1,5,1,low,0.2,2.0
2149,50116,1,1,3,0,55,2,1,1,5,1,high,1.0,7.0
2150,50117,1,1,3,0,55,1,1,1,5,0,high,1.0,56.0
2151,50118,1,2,3,0,55,2,1,1,5,0,low,0.5,45.0
2152,50119,1,1,3,0,70,4,1,1,5,0,high,1.0,10.0
2153,50120,1,1,3,0,55,1,1,1,5,0,high,1.0,4.0
2154,50121,1,1,3,0,55,2,1,5,5,1,high,1.0,5.0
2155,50122,2,2,3,0,70,2,1,1,5,0,high,1.0,21.0
2156,50123,3,5,3,0,70,2,1,1,5,0,high,0.6,30.0
2157,50124,1,5,3,2,55,1,1,1,5,0,low,0.2,12.0
2158,50125,2,3,3,0,35,2,1,1,5,0,high,0.6666666666666666,40.0
2159,50126,1,3,3,0,70,2,1,1,5,2,low,0.3333333333333333,23.0
2160,50127,1,1,3,0,70,1,1,1,5,0,high,1.0,10.0
2161,50128,1,3,3,0,70,1,2,2,5,0,low,0.3333333333333333,4.0
2162,50129,1,2,3,2,35,3,1,1,5,0,low,0.5,11.0
2163,50130,1,3,3,0,30,1,1,1,5,1,low,0.3333333333333333,6.0
2164,50131,1,1,3,0,0,1,1,1,5,1,high,1.0,20.0
2165,50132,1,6,3,0,65,1,1,1,5,0,low,0.16666666666666666,0.0
2166,50133,1,3,2,0,99,5,1,1,5,0,low,0.3333333333333333,55.0
2167,50134,1,2,3,0,45,2,1,1,5,1,low,0.5,8.0
2168,50135,1,5,4,2,55,1,1,1,5,0,low,0.2,17.0
2169,50136,1,1,4,0,30,1,1,1,5,0,high,1.0,22.0
2170,50137,2,2,4,2,55,1,1,1,5,1,high,1.0,4.0
2171,50138,1,3,4,5,35,2,1,1,5,1,low,0.3333333333333333,9.0
2172,50139,1,5,4,2,55,2,1,1,5,0,low,0.2,10.0
2173,50140,1,1,4,0,0,1,1,1,5,0,high,1.0,10.0
2174,50141,1,2,4,0,30,1,1,5,5,1,low,0.5,45.0
2175,50142,1,3,4,5,55,2,1,1,5,0,low,0.3333333333333333,12.0
2176,50143,1,2,4,5,45,2,1,1,5,0,low,0.5,7.0
2177,50144,1,2,4,0,50,1,1,1,5,0,low,0.5,26.0
2178,50145,1,1,4,0,65,2,1,1,5,0,high,1.0,12.0
2179,50146,1,1,4,0,55,1,1,1,5,0,high,1.0,5.0
2180,50147,1,2,4,0,70,2,1,1,5,1,low,0.5,20.0
2181,50148,1,2,4,0,70,2,1,1,5,0,low,0.5,10.0
2182,50149,1,4,4,4,55,9,1,9,5,0,low,0.25,25.0
2183,50150,1,1,4,0,30,2,1,1,5,0,high,1.0,16.0
2184,50151,1,3,4,0,55,2,1,1,5,0,low,0.3333333333333333,5.0
2185,50152,1,4,4,8,55,2,1,1,5,1,low,0.25,20.0
2186,50153,1,1,4,0,55,2,1,1,5,1,high,1.0,10.0
2187,50154,2,3,4,2,55,1,1,1,5,0,high,0.6666666666666666,20.0
2188,50155,1,3,4,0,45,1,1,1,5,1,low,0.3333333333333333,3.0
2189,50156,1,2,4,0,60,2,1,1,5,1,low,0.5,55.0
2190,50157,1,1,4,0,30,2,1,1,5,0,high,1.0,18.0
2191,50158,1,1,4,0,55,2,1,1,5,1,high,1.0,55.0
2192,50159,1,2,4,8,55,1,1,1,5,0,low,0.5,30.0
2193,50160,1,2,4,2,55,1,1,1,5,0,low,0.5,10.0
2194,50161,1,1,4,0,70,1,1,1,5,0,high,1.0,4.0
2195,50162,1,1,4,0,55,2,1,1,5,1,high,1.0,15.0
2196,50163,1,2,4,0,55,1,1,1,5,1,low,0.5,28.0
2197,50164,1,4,4,4,55,1,2,2,5,0,low,0.25,59.0
2198,50165,1,1,4,0,35,2,1,1,5,1,high,1.0,5.0
2199,50166,1,2,4,0,35,1,1,1,5,2,low,0.5,12.0
2200,50167,1,1,4,0,55,1,1,1,5,1,high,1.0,13.0
2201,50168,1,6,4,0,0,2,1,1,5,0,low,0.16666666666666666,18.0
2202,50169,2,3,5,0,55,1,1,1,5,0,high,0.6666666666666666,4.0
2203,50170,1,1,5,0,55,1,2,2,5,0,high,1.0,19.0
2204,50171,1,3,5,5,55,1,1,1,5,0,low,0.3333333333333333,6.0
2205,50172,1,2,5,8,55,1,1,1,5,0,low,0.5,5.0
2206,50173,1,3,5,0,25,2,1,1,5,1,low,0.3333333333333333,11.0
2207,50174,1,2,5,0,35,1,1,1,5,1,low,0.5,29.0
2208,50175,1,2,5,7,55,1,1,1,5,0,low,0.5,5.0
2209,50176,2,7,5,0,65,1,1,1,5,0,low,0.2857142857142857,23.0
2210,50177,1,5,5,4,30,1,1,1,5,0,low,0.2,5.0
2211,50178,3,4,5,0,55,2,1,1,5,1,high,0.75,13.0
2212,50179,1,6,5,1,70,1,1,1,5,0,low,0.16666666666666666,3.0
2213,50180,1,4,5,2,30,2,1,2,5,0,low,0.25,11.0
2214,50181,1,4,5,0,45,1,1,1,5,1,low,0.25,6.0
2215,50182,1,3,5,5,55,1,1,1,5,0,low,0.3333333333333333,10.0
2216,50183,2,6,5,1,70,2,1,1,5,0,low,0.3333333333333333,8.0
2217,50184,1,1,5,0,65,2,1,1,5,1,high,1.0,3.0
2218,50185,1,1,5,0,25,9,1,1,5,1,high,1.0,11.0
2219,50186,2,4,5,0,70,1,1,1,5,0,low,0.5,2.0
2220,50187,1,2,5,0,30,3,1,1,5,1,low,0.5,2.0
2221,50188,1,1,5,0,35,2,1,1,5,1,high,1.0,8.0
2222,50189,2,2,5,0,55,2,1,1,5,1,high,1.0,18.0
2223,50190,1,2,5,0,30,2,1,1,5,1,low,0.5,4.0
2224,50191,1,3,5,0,70,2,1,1,5,1,low,0.3333333333333333,330.0
2225,50192,1,5,5,2,35,5,1,1,5,0,low,0.2,21.0
2226,50193,1,4,5,5,55,1,1,1,5,0,low,0.25,7.0
2227,50194,1,2,5,8,55,1,1,1,5,0,low,0.5,8.0
2228,50195,1,4,5,5,55,1,1,1,5,0,low,0.25,23.0
2229,50196,1,2,5,5,0,1,1,1,5,0,low,0.5,11.0
2230,50197,1,2,5,5,30,1,1,1,5,0,low,0.5,141.0
2231,50198,1,2,5,0,55,1,1,1,5,0,low,0.5,3.0
2232,50199,1,2,5,1,30,1,1,1,5,0,low,0.5,15.0
2233,50200,1,1,5,0,55,1,1,1,5,0,high,1.0,5.0
2234,50201,2,2,5,0,50,3,1,1,5,1,high,1.0,3.0
2235,50202,1,2,5,5,55,1,1,1,5,0,low,0.5,15.0
2236,50203,2,2,5,0,55,2,1,1,5,1,high,1.0,4.0
2237,50204,1,2,5,8,35,1,1,1,5,0,low,0.5,4.0
2238,50205,1,1,5,0,50,1,1,1,5,1,high,1.0,13.0
2239,50206,1,4,5,0,55,1,1,1,5,0,low,0.25,10.0
2240,50207,1,3,5,2,45,1,1,1,5,0,low,0.3333333333333333,159.0
2241,50208,1,1,5,0,55,1,1,1,5,0,high,1.0,16.0
2242,50209,1,2,5,1,55,1,1,1,5,0,low,0.5,6.0
2243,50210,3,4,5,2,55,1,2,2,5,1,high,0.75,2.0
2244,50211,1,4,5,7,55,1,1,1,5,0,low,0.25,15.0
2245,50212,1,4,5,2,40,5,1,1,5,1,low,0.25,8.0
2246,50213,1,3,1,2,35,1,1,1,5,0,low,0.3333333333333333,8.0
2247,50214,1,2,2,2,40,2,1,1,5,1,low,0.5,16.0
2248,50215,1,4,3,3,55,1,1,1,5,0,low,0.25,20.0
2249,50216,3,7,6,1,70,1,1,1,5,0,low,0.42857142857142855,11.0
2250,50217,1,1,6,0,65,1,1,1,5,0,high,1.0,13.0
2251,50218,1,2,6,7,55,2,1,1,5,0,low,0.5,1.0
2252,50219,1,1,6,0,40,2,1,1,5,1,high,1.0,6.0
2253,50220,1,1,6,0,70,2,5,1,5,1,high,1.0,4.0
2254,50221,1,2,6,0,0,1,1,1,5,1,low,0.5,75.0
2255,50222,1,1,6,0,55,1,1,1,5,0,high,1.0,4.0
2256,50223,1,1,6,0,40,1,1,1,5,0,high,1.0,18.0
2257,50224,1,3,6,4,30,1,1,1,5,0,low,0.3333333333333333,4.0
2258,50225,1,2,6,0,65,1,1,1,5,0,low,0.5,10.0
2259,50226,1,2,6,0,70,1,1,1,5,0,low,0.5,6.0
2260,50227,1,2,6,3,55,1,1,1,5,1,low,0.5,9.0
2261,50228,2,3,6,2,55,1,1,1,5,0,high,0.6666666666666666,5.0
2262,50229,1,1,6,0,55,1,1,1,5,1,high,1.0,4.0
2263,50230,1,1,6,0,55,1,1,1,5,0,high,1.0,43.0
2264,50231,1,2,6,8,55,2,1,1,5,1,low,0.5,6.0
2265,50232,1,3,6,0,55,3,1,1,5,1,low,0.3333333333333333,7.0
2266,50233,1,1,6,0,55,1,1,1,5,0,high,1.0,10.0
2267,50234,1,1,6,0,0,1,1,1,5,0,high,1.0,16.0
2268,50235,1,1,6,0,25,1,1,8,5,0,high,1.0,7.0
2269,50236,1,1,6,0,40,2,1,1,5,0,high,1.0,20.0
2270,50237,1,2,6,5,55,1,1,1,5,0,low,0.5,10.0
2271,50238,1,2,6,0,55,1,1,1,5,0,low,0.5,7.0
2272,50239,1,1,6,0,55,1,1,1,5,0,high,1.0,25.0
2273,50240,1,2,6,5,55,1,1,1,5,0,low,0.5,19.0
2274,50241,1,1,6,0,55,1,1,1,5,0,high,1.0,3.0
2275,50242,2,5,6,5,35,2,1,1,5,0,low,0.4,7.0
2276,50243,1,2,6,0,55,1,1,1,5,0,low,0.5,3.0
2277,50244,3,6,6,4,55,1,1,1,5,1,low,0.5,7.0
2278,50245,1,3,6,2,70,2,1,1,5,2,low,0.3333333333333333,10.0
2279,50246,1,3,6,5,55,1,1,1,5,0,low,0.3333333333333333,26.0
2280,50247,1,1,6,0,55,1,1,1,5,0,high,1.0,5.0
2281,50248,1,1,6,0,40,2,1,1,5,0,high,1.0,7.0
2282,50249,1,2,6,0,70,1,1,1,5,0,low,0.5,10.0
2283,50250,1,8,6,4,40,3,2,2,5,0,low,0.125,29.0
2284,50251,1,2,6,0,30,2,1,2,5,1,low,0.5,4.0
2285,50252,1,1,6,0,65,2,2,2,5,0,high,1.0,10.0
2286,50253,1,2,6,4,45,1,1,1,5,0,low,0.5,3.0
2287,50254,1,2,6,0,30,1,1,1,5,2,low,0.5,9.0
2288,50255,1,1,6,0,0,2,1,1,5,0,high,1.0,3.0
2289,50256,1,1,6,0,55,1,1,1,5,0,high,1.0,22.0
2290,50257,1,1,6,0,30,3,1,1,5,1,high,1.0,8.0
2291,50258,1,2,6,0,15,1,1,1,5,0,low,0.5,43.0
2292,50259,1,1,6,0,55,1,1,1,5,0,high,1.0,13.0
2293,50260,2,2,6,0,55,1,1,1,5,0,high,1.0,30.0
2294,50261,1,2,6,2,35,1,1,1,5,0,low,0.5,7.0
2295,50262,1,1,6,0,55,1,1,1,5,0,high,1.0,25.0
2296,50263,1,1,6,0,55,1,2,2,5,1,high,1.0,17.0
2297,50264,1,3,6,1,70,2,1,1,5,0,low,0.3333333333333333,26.0
2298,50265,1,2,6,0,55,2,1,2,5,0,low,0.5,15.0
2299,50266,1,2,7,8,55,1,1,1,5,0,low,0.5,13.0
2300,50267,1,3,7,0,55,1,2,2,5,0,low,0.3333333333333333,5.0
2301,50268,1,2,7,2,55,1,1,1,5,0,low,0.5,10.0
2302,50269,1,1,7,0,40,9,9,9,5,0,high,1.0,8.0
2303,50270,1,2,7,4,40,1,1,1,5,0,low,0.5,7.0
2304,50271,1,1,7,0,55,1,1,1,5,0,high,1.0,14.0
2305,50272,1,1,7,0,55,2,1,1,5,1,high,1.0,6.0
2306,50273,1,2,7,0,35,1,1,1,5,0,low,0.5,1.0
2307,50274,1,1,7,0,55,1,1,1,5,0,high,1.0,8.0
2308,50275,1,2,7,0,30,1,1,1,5,0,low,0.5,5.0
2309,50276,1,2,7,0,35,3,1,2,5,1,low,0.5,7.0
2310,50277,1,1,7,0,60,2,5,1,5,1,high,1.0,7.0
2311,50278,2,3,7,5,70,1,1,1,5,1,high,0.6666666666666666,13.0
2312,50279,1,2,7,5,45,1,1,1,5,0,low,0.5,11.0
2313,50280,1,5,7,3,55,2,1,1,5,0,low,0.2,3.0
2314,50281,1,4,7,0,70,2,1,1,5,0,low,0.25,8.0
2315,50282,1,2,7,8,55,1,1,1,5,0,low,0.5,11.0
2316,50283,1,2,7,3,55,1,1,2,5,0,low,0.5,33.0
2317,50284,2,4,7,5,55,1,1,1,5,0,low,0.5,43.0
2318,50285,1,2,7,5,0,1,1,1,5,0,low,0.5,12.0
2319,50286,1,2,7,4,40,1,1,1,5,0,low,0.5,6.0
2320,50287,1,1,7,0,30,2,1,1,5,1,high,1.0,5.0
2321,50288,2,3,7,2,50,2,1,1,5,1,high,0.6666666666666666,3.0
2322,50289,1,2,7,4,55,1,2,2,5,0,low,0.5,28.0
2323,50290,1,1,7,0,45,1,1,1,5,0,high,1.0,26.0
2324,50291,2,2,7,5,55,1,2,2,5,0,high,1.0,33.0
2325,50292,5,6,7,2,55,1,1,1,5,0,high,0.8333333333333334,23.0
2326,50293,1,3,7,2,35,1,1,1,5,0,low,0.3333333333333333,4.0
2327,50294,1,2,7,2,55,1,1,1,5,1,low,0.5,8.0
2328,50295,1,2,7,0,55,2,5,8,5,1,low,0.5,8.0
2329,50296,1,2,7,0,55,2,1,1,5,1,low,0.5,4.0
2330,50297,1,1,7,0,40,2,1,1,5,1,high,1.0,19.0
2331,50298,1,1,7,0,55,1,1,1,5,0,high,1.0,7.0
2332,50299,1,1,7,0,0,1,1,1,5,0,high,1.0,13.0
2333,50300,1,2,7,2,55,1,1,1,5,0,low,0.5,17.0
2334,50301,1,2,7,0,35,1,1,1,5,1,low,0.5,3.0
2335,50302,1,1,7,0,55,1,1,1,5,0,high,1.0,8.0
2336,50303,2,2,7,0,70,1,1,1,5,0,high,1.0,36.0
2337,50304,1,2,7,0,30,1,1,1,5,0,low,0.5,5.0
2338,50305,1,1,7,0,40,1,1,2,5,1,high,1.0,5.0
2339,50306,1,1,7,0,99,2,1,1,5,0,high,1.0,9.0
2340,50307,1,7,7,4,45,1,1,1,5,0,low,0.14285714285714285,7.0
2341,50308,1,4,7,4,70,1,1,1,5,0,low,0.25,17.0
2342,50309,1,4,7,2,55,2,1,1,5,1,low,0.25,13.0
2343,50310,1,1,7,0,55,1,1,1,5,1,high,1.0,11.0
2344,50311,1,2,7,0,35,1,1,1,5,0,low,0.5,5.0
2345,50312,1,1,7,0,35,5,1,1,5,1,high,1.0,23.0
2346,50313,1,1,7,0,70,2,1,1,5,0,high,1.0,2.0
2347,50314,1,1,7,0,45,2,1,1,5,0,high,1.0,8.0
2348,50315,1,2,7,0,45,1,1,1,5,0,low,0.5,4.0
2349,50316,1,1,7,0,40,4,1,1,5,1,high,1.0,4.0
2350,50317,1,3,7,8,45,1,1,1,5,0,low,0.3333333333333333,4.0
2351,50318,1,7,7,4,30,1,1,1,5,0,low,0.14285714285714285,16.0
2352,50319,1,1,7,0,45,1,1,1,5,1,high,1.0,25.0
2353,50320,1,1,7,0,55,2,1,1,5,0,high,1.0,11.0
2354,50321,2,3,7,0,35,2,1,1,5,1,high,0.6666666666666666,11.0
2355,50322,1,1,7,0,55,1,1,8,5,0,high,1.0,17.0
2356,50323,1,2,7,0,55,2,1,1,5,2,low,0.5,4.0
2357,50324,1,3,8,0,55,1,1,1,5,1,low,0.3333333333333333,4.0
2358,50325,1,1,8,0,35,9,9,9,5,0,high,1.0,4.0
2359,50326,1,1,8,0,60,1,1,1,5,1,high,1.0,17.0
2360,50327,1,2,8,0,70,1,1,1,5,0,low,0.5,1.0
2361,50328,1,3,8,0,70,1,1,1,5,0,low,0.3333333333333333,5.0
2362,50329,1,3,8,5,55,1,1,1,5,0,low,0.3333333333333333,15.0
2363,50330,1,2,8,8,55,1,1,1,5,0,low,0.5,9.0
2364,50331,1,1,8,0,35,2,1,1,5,1,high,1.0,13.0
2365,50332,2,2,8,0,55,1,1,1,5,1,high,1.0,27.0
2366,50333,1,3,8,0,55,2,1,1,5,1,low,0.3333333333333333,24.0
2367,50334,2,4,8,4,55,1,1,1,5,0,low,0.5,26.0
2368,50335,1,1,8,0,70,1,1,1,5,0,high,1.0,12.0
2369,50336,1,1,8,0,25,3,1,1,5,1,high,1.0,7.0
2370,50337,1,7,8,0,70,1,1,1,5,0,low,0.14285714285714285,4.0
2371,50338,2,4,8,0,65,2,1,1,5,0,low,0.5,4.0
2372,50339,1,5,8,6,35,3,1,1,5,1,low,0.2,11.0
2373,50340,1,2,8,0,50,2,1,1,5,1,low,0.5,2.0
2374,50341,1,1,8,0,55,2,1,1,5,1,high,1.0,9.0
2375,50342,1,1,8,0,55,1,1,1,5,0,high,1.0,15.0
2376,50343,1,4,8,2,55,1,1,1,5,0,low,0.25,6.0
2377,50344,1,2,8,0,65,2,1,1,5,0,low,0.5,6.0
2378,50345,1,3,8,5,30,1,1,1,5,0,low,0.3333333333333333,4.0
2379,50346,1,1,8,0,55,1,1,1,5,1,high,1.0,70.0
2380,50347,1,3,8,0,55,2,1,1,5,1,low,0.3333333333333333,17.0