,ST_CASE,FATALS,PERSONS,MONTH,MAN_COLL,SP_LIMIT,LGT_COND,WEATHER,SUR_COND,STATE,DRUNK_DR,rate,rate_numerical,arrival_time
2381,50348,1,2,8,5,30,3,1,1,5,1,low,0.5,13.0
2382,50349,1,1,8,0,30,1,1,1,5,0,high,1.0,9.0
2383,50350,1,2,8,5,35,2,1,1,5,1,low,0.5,15.0
2384,50351,1,1,8,0,55,2,1,1,5,1,high,1.0,10.0
2385,50352,1,1,8,0,50,1,2,2,5,0,high,1.0,5.0
2386,50353,1,4,8,2,0,1,7,5,5,0,low,0.25,10.0
2387,50354,1,1,8,0,55,1,1,1,5,0,high,1.0,534.0
2388,50355,1,2,8,0,40,2,1,1,5,1,low,0.5,2.0
2389,50356,1,3,8,0,40,1,1,1,5,0,low,0.3333333333333333,5.0
2390,50357,1,1,8,0,55,2,1,1,5,1,high,1.0,8.0
2391,50358,1,1,8,0,55,5,1,1,5,0,high,1.0,5.0
2392,50359,1,1,8,0,55,2,1,1,5,1,high,1.0,5.0
2393,50360,1,2,8,1,70,1,1,1,5,0,low,0.5,8.0
2394,50361,1,1,8,0,35,1,1,1,5,0,high,1.0,1.0
2395,50362,1,3,8,8,55,2,1,1,5,0,low,0.3333333333333333,8.0
2396,50363,1,2,8,5,55,1,1,1,5,0,low,0.5,227.0
2397,50364,1,2,8,0,55,1,2,2,5,1,low,0.5,12.0
2398,50365,1,1,8,0,55,1,1,1,5,1,high,1.0,2.0
2399,50366,1,2,4,4,99,2,1,1,5,0,low,0.5,5.0
2400,50367,1,8,5,0,55,2,1,1,5,0,low,0.125,9.0
2401,50368,1,2,6,0,45,1,2,2,5,1,low,0.5,3.0
2402,50369,1,1,7,0,45,2,1,1,5,1,high,1.0,5.0
2403,50370,1,2,8,2,40,1,1,1,5,1,low,0.5,25.0
2404,50371,1,1,5,0,45,1,1,1,5,1,high,1.0,10.0
2405,50372,1,1,7,0,55,1,1,1,5,0,high,1.0,7.0
2406,50373,1,4,7,0,99,2,1,1,5,2,low,0.25,17.0
2407,50374,1,2,8,0,45,2,1,1,5,0,low,0.5,7.0
2408,50375,1,1,8,0,55,9,9,9,5,0,high,1.0,1.0
2409,50376,1,2,1,0,35,2,1,1,5,2,low,0.5,3.0
2410,50377,1,4,6,2,40,1,1,1,5,0,low,0.25,7.0
2411,50378,1,1,8,0,40,2,1,1,5,1,high,1.0,3.0
2412,50379,1,4,9,0,70,1,1,1,5,0,low,0.25,4.0
2413,50380,1,4,9,2,55,1,1,1,5,1,low,0.25,8.0
2414,50381,1,2,9,0,55,2,1,5,5,0,low,0.5,5.0
2415,50382,1,3,9,0,35,2,1,1,5,0,low,0.3333333333333333,5.0
2416,50383,1,1,9,0,70,1,2,2,5,0,high,1.0,9.0
2417,50384,1,2,9,4,40,1,1,1,5,0,low,0.5,5.0
2418,50385,1,2,9,0,65,1,1,2,5,0,low,0.5,16.0
2419,50386,1,2,9,5,30,1,1,1,5,0,low,0.5,6.0
2420,50387,1,7,9,4,55,1,1,1,5,0,low,0.14285714285714285,23.0
2421,50388,1,1,9,0,55,1,2,2,5,0,high,1.0,10.0
2422,50389,1,3,9,5,45,1,2,2,5,0,low,0.3333333333333333,4.0
2423,50390,1,3,9,2,55,1,1,2,5,0,low,0.3333333333333333,12.0
2424,50391,1,1,9,0,0,1,8,1,5,0,high,1.0,6.0
2425,50392,1,4,9,2,55,2,1,1,5,0,low,0.25,3.0
2426,50393,1,4,9,5,55,2,1,1,5,1,low,0.25,7.0
2427,50394,1,3,9,5,55,1,1,1,5,0,low,0.3333333333333333,5.0
2428,50395,1,3,9,2,55,1,1,1,5,0,low,0.3333333333333333,9.0
2429,50396,2,2,9,2,55,5,1,1,5,1,high,1.0,142.0
2430,50397,1,2,9,0,45,4,1,1,5,0,low,0.5,147.0
2431,50398,1,1,9,0,70,2,1,1,5,0,high,1.0,12.0
2432,50399,1,4,9,0,45,2,1,1,5,1,low,0.25,8.0
2433,50400,1,1,9,0,55,1,1,2,5,0,high,1.0,5.0
2434,50401,2,3,9,4,70,2,1,1,5,0,high,0.6666666666666666,15.0
2435,50402,1,4,9,5,55,2,1,1,5,1,low,0.25,69.0
2436,50403,1,4,9,5,30,2,1,1,5,1,low,0.25,6.0
2437,50404,1,4,9,2,55,9,8,1,5,0,low,0.25,5.0
2438,50405,1,2,9,0,55,1,1,1,5,0,low,0.5,44.0
2439,50406,1,1,9,0,70,2,1,1,5,1,high,1.0,10.0
2440,50407,1,2,9,2,55,1,1,1,5,0,low,0.5,5.0
2441,50408,1,1,9,0,55,2,1,1,5,0,high,1.0,42.0
2442,50409,1,6,9,2,55,1,1,1,5,0,low,0.16666666666666666,13.0
2443,50410,1,3,9,5,70,2,1,1,5,1,low,0.3333333333333333,38.0
2444,50411,1,1,9,0,55,1,1,1,5,0,high,1.0,17.0
2445,50412,1,2,9,4,55,1,1,1,5,0,low,0.5,5.0
2446,50413,2,5,9,2,30,2,1,1,5,1,low,0.4,13.0
2447,50414,1,4,9,2,35,2,1,1,5,0,low,0.25,7.0
2448,50415,1,1,9,0,55,1,1,1,5,0,high,1.0,13.0
2449,50416,1,1,9,0,55,2,1,1,5,1,high,1.0,6.0
2450,50417,1,5,9,5,30,1,1,1,5,0,low,0.2,7.0
2451,50418,2,3,9,5,55,1,1,1,5,0,high,0.6666666666666666,7.0
2452,50419,1,1,9,0,55,2,1,1,5,0,high,1.0,17.0
2453,50420,1,3,9,2,30,1,1,1,5,1,low,0.3333333333333333,6.0
2454,50421,1,4,9,0,55,1,1,1,5,0,low,0.25,3.0
2455,50422,1,2,9,5,55,1,2,2,5,0,low,0.5,1.0
2456,50424,2,3,9,2,55,1,1,1,5,0,high,0.6666666666666666,9.0
2457,50425,1,1,9,0,55,1,1,1,5,0,high,1.0,6.0
2458,50426,1,1,9,0,40,1,1,1,5,0,high,1.0,35.0
2459,50427,1,4,9,0,55,2,1,1,5,2,low,0.25,22.0
2460,50428,1,3,9,0,45,3,1,1,5,1,low,0.3333333333333333,7.0
2461,50429,1,3,9,0,70,2,1,1,5,1,low,0.3333333333333333,7.0
2462,50430,1,1,9,0,70,2,1,1,5,1,high,1.0,17.0
2463,50431,1,1,9,0,45,9,9,9,5,1,high,1.0,1.0
2464,50432,1,2,9,4,45,2,1,1,5,1,low,0.5,10.0
2465,50433,1,1,10,0,55,4,2,2,5,0,high,1.0,16.0
2466,50434,1,2,9,5,35,1,1,1,5,1,low,0.5,19.0
2467,50435,1,1,10,0,55,1,2,2,5,0,high,1.0,30.0
2468,50436,1,2,10,0,45,3,1,1,5,1,low,0.5,20.0
2469,50437,1,1,10,0,55,2,1,1,5,0,high,1.0,21.0
2470,50438,1,4,10,1,65,2,2,2,5,1,low,0.25,3.0
2471,50439,1,2,10,0,55,2,1,1,5,1,low,0.5,5.0
2472,50440,1,2,10,1,55,1,1,1,5,0,low,0.5,8.0
2473,50441,1,2,10,5,40,1,1,1,5,0,low,0.5,4.0
2474,50442,1,1,10,0,70,1,1,1,5,1,high,1.0,6.0
2475,50443,1,1,10,0,45,1,1,1,5,0,high,1.0,23.0
2476,50444,1,4,10,1,65,1,1,1,5,0,low,0.25,33.0
2477,50445,1,1,10,0,55,2,1,1,5,0,high,1.0,4.0
2478,50446,1,2,10,5,55,1,1,1,5,0,low,0.5,16.0
2479,50447,1,1,10,0,55,1,1,1,5,1,high,1.0,16.0
2480,50448,1,2,10,0,40,2,1,1,5,1,low,0.5,6.0
2481,50449,1,2,10,2,55,1,1,1,5,0,low,0.5,10.0
2482,50450,1,1,10,0,55,1,1,1,5,0,high,1.0,3.0
2483,50451,3,3,10,2,55,1,1,1,5,1,high,1.0,201.0
2484,50452,1,3,10,5,40,3,1,1,5,0,low,0.3333333333333333,20.0
2485,50453,1,1,10,0,55,2,1,1,5,1,high,1.0,6.0
2486,50454,1,1,10,0,70,1,1,1,5,0,high,1.0,24.0
2487,50455,1,3,10,0,55,2,2,2,5,0,low,0.3333333333333333,2.0
2488,50456,2,3,10,5,55,1,2,2,5,0,high,0.6666666666666666,21.0
2489,50457,1,4,10,3,55,1,1,1,5,0,low,0.25,20.0
2490,50458,1,3,10,5,40,1,1,1,5,0,low,0.3333333333333333,389.0
2491,50459,1,1,10,0,55,1,1,1,5,0,high,1.0,5.0
2492,50460,1,2,10,0,45,1,1,1,5,0,low,0.5,6.0
2493,50461,1,2,10,5,55,1,1,1,5,0,low,0.5,8.0
2494,50462,1,1,10,0,55,2,1,1,5,0,high,1.0,2.0
2495,50463,2,3,10,2,45,1,1,1,5,0,high,0.6666666666666666,1.0
2496,50464,1,1,10,0,55,1,1,1,5,0,high,1.0,6.0
2497,50465,1,2,10,4,55,1,5,2,5,0,low,0.5,8.0
2498,50466,1,2,10,0,65,2,1,1,5,0,low,0.5,8.0
2499,50467,1,1,10,0,55,1,1,1,5,1,high,1.0,5.0
2500,50468,1,3,10,2,45,1,1,1,5,0,low,0.3333333333333333,27.0
2501,50469,1,5,10,2,55,2,1,1,5,1,low,0.2,6.0
2502,50470,1,2,10,0,55,1,1,1,5,0,low,0.5,6.0
2503,50471,1,5,10,0,55,1,1,1,5,1,low,0.2,34.0
2504,50472,1,1,10,0,55,2,1,1,5,0,high,1.0,7.0
2505,50473,1,2,10,0,65,2,1,1,5,0,low,0.5,9.0
2506,50474,2,4,10,2,55,1,1,1,5,0,low,0.5,9.0
2507,50475,1,4,10,0,55,1,1,1,5,0,low,0.25,5.0
2508,50476,1,6,10,2,55,1,1,1,5,0,low,0.16666666666666666,9.0
2509,50477,1,2,10,2,65,2,2,2,5,1,low,0.5,5.0
2510,50478,1,2,10,2,55,2,1,1,5,0,low,0.5,14.0
2511,50479,1,3,10,7,70,1,1,1,5,0,low,0.3333333333333333,10.0
2512,50480,2,4,10,4,55,1,1,1,5,0,low,0.5,8.0
2513,50481,1,2,10,4,55,2,2,2,5,0,low,0.5,17.0
2514,50482,1,3,10,4,70,2,1,1,5,1,low,0.3333333333333333,5.0
2515,50483,2,2,10,4,70,2,1,1,5,1,high,1.0,8.0
2516,50484,1,2,10,2,55,2,1,1,5,0,low,0.5,2.0
2517,50485,1,6,10,2,35,3,1,1,5,1,low,0.16666666666666666,7.0
2518,50486,2,3,10,2,55,1,1,1,5,0,high,0.6666666666666666,2.0
2519,50487,1,4,10,2,45,2,1,1,5,0,low,0.25,3.0
2520,50488,1,1,10,0,35,2,1,1,5,1,high,1.0,15.0
2521,50489,1,3,10,0,55,1,1,1,5,0,low,0.3333333333333333,0.0
2522,50490,1,4,10,1,55,1,1,1,5,0,low,0.25,8.0
2523,50491,1,5,10,1,65,1,1,1,5,1,low,0.2,9.0
2524,50492,1,3,8,0,30,2,1,1,5,1,low,0.3333333333333333,16.0
2525,50493,1,4,10,2,30,1,1,1,5,1,low,0.25,10.0
2526,50494,1,1,11,0,55,2,1,1,5,1,high,1.0,6.0
2527,50495,1,2,9,0,45,2,1,1,5,1,low,0.5,9.0
2528,50496,1,1,11,0,55,1,1,1,5,0,high,1.0,2.0
2529,50497,1,1,11,0,30,1,1,1,5,0,high,1.0,3.0
2530,50498,1,3,11,0,70,2,1,1,5,0,low,0.3333333333333333,1.0
2531,50499,1,4,11,1,70,1,1,1,5,0,low,0.25,2.0
2532,50500,1,4,11,2,55,1,1,1,5,0,low,0.25,10.0
2533,50501,1,3,11,0,70,2,1,1,5,1,low,0.3333333333333333,11.0
2534,50502,2,2,11,0,55,2,1,1,5,1,high,1.0,4.0
2535,50503,1,1,11,0,55,1,1,1,5,0,high,1.0,8.0
2536,50504,1,5,11,0,70,2,1,1,5,1,low,0.2,15.0
2537,50505,1,2,11,0,45,2,1,1,5,1,low,0.5,29.0
2538,50506,1,4,11,2,55,1,1,1,5,0,low,0.25,2.0
2539,50507,1,1,11,0,35,1,1,1,5,0,high,1.0,13.0
2540,50508,1,1,11,0,99,1,1,1,5,0,high,1.0,6.0
2541,50509,1,3,11,0,55,2,1,1,5,0,low,0.3333333333333333,1.0
2542,50510,1,2,11,4,55,1,2,2,5,0,low,0.5,4.0
2543,50511,1,1,11,0,55,2,1,1,5,1,high,1.0,7.0
2544,50512,1,2,11,0,65,2,1,1,5,1,low,0.5,23.0
2545,50513,1,3,11,0,70,1,1,1,5,0,low,0.3333333333333333,6.0
2546,50514,1,1,11,0,45,1,1,1,5,1,high,1.0,4.0
2547,50515,1,2,11,5,45,2,1,1,5,0,low,0.5,6.0
2548,50516,1,4,11,2,50,1,1,1,5,0,low,0.25,0.0
2549,50517,1,1,11,0,55,2,1,1,5,0,high,1.0,9.0
2550,50518,1,1,11,0,40,3,1,1,5,1,high,1.0,9.0
2551,50519,1,1,11,0,60,3,1,1,5,1,high,1.0,14.0
2552,50520,1,1,11,0,65,1,1,1,5,0,high,1.0,2.0
2553,50521,1,3,11,2,55,2,2,2,5,1,low,0.3333333333333333,11.0
2554,50522,1,2,11,1,45,2,5,1,5,1,low,0.5,11.0
2555,50523,1,1,11,0,45,1,1,2,5,0,high,1.0,2.0
2556,50524,1,2,11,0,35,1,1,1,5,0,low,0.5,5.0
2557,50525,1,1,11,0,55,2,1,1,5,0,high,1.0,11.0
2558,50526,1,1,11,0,50,1,1,1,5,0,high,1.0,4.0
2559,50527,1,2,11,0,40,2,1,1,5,0,low,0.5,13.0
2560,50528,1,1,11,0,55,2,1,1,5,1,high,1.0,0.0
2561,50529,1,2,11,2,40,2,1,2,5,0,low,0.5,9.0
2562,50530,4,49,11,4,70,2,2,2,5,0,low,0.08163265306122448,5.0
2563,50531,1,1,11,0,35,5,1,1,5,0,high,1.0,22.0
2564,50532,1,1,12,0,35,2,1,1,5,0,high,1.0,5.0
2565,50533,1,2,10,0,65,2,1,1,5,0,low,0.5,4.0
2566,50534,1,1,10,0,55,2,1,1,5,1,high,1.0,9.0
2567,50535,1,5,9,1,55,3,1,1,5,0,low,0.2,3.0
2568,50536,1,2,12,0,45,2,1,1,5,1,low,0.5,1.0
2569,50537,1,3,12,2,40,3,2,2,5,2,low,0.3333333333333333,12.0
2570,50538,1,1,12,0,35,2,2,2,5,1,high,1.0,8.0
2571,50539,1,2,12,0,65,1,1,1,5,0,low,0.5,10.0
2572,50540,1,2,12,0,25,1,2,2,5,1,low,0.5,5.0
2573,50541,1,3,12,5,55,1,1,1,5,0,low,0.3333333333333333,8.0
2574,50542,1,2,12,0,60,3,1,1,5,0,low,0.5,1.0
2575,50543,1,1,12,0,55,1,1,1,5,0,high,1.0,8.0
2576,50544,1,1,12,0,55,2,1,1,5,0,high,1.0,10.0
2577,50545,1,1,12,0,55,1,1,1,5,0,high,1.0,5.0
2578,50546,1,1,12,0,55,9,9,9,5,1,high,1.0,15.0
2579,50547,1,2,12,0,0,1,5,2,5,0,low,0.5,10.0
2580,50548,1,3,12,0,35,2,2,2,5,0,low,0.3333333333333333,4.0
2581,50549,1,1,12,0,55,1,2,2,5,0,high,1.0,8.0
2582,50550,2,4,12,4,55,2,2,2,5,0,low,0.5,3.0
2583,50551,1,2,12,0,45,2,2,2,5,0,low,0.5,7.0
2584,50552,1,1,12,0,40,2,1,1,5,1,high,1.0,4.0
2585,50553,2,7,12,8,40,1,1,1,5,0,low,0.2857142857142857,2.0
2586,50554,1,4,12,0,30,2,1,1,5,0,low,0.25,14.0
2587,50555,1,2,12,2,65,2,2,2,5,1,low,0.5,8.0
2588,50556,1,1,12,0,55,2,1,2,5,0,high,1.0,16.0
2589,50557,1,3,12,2,55,1,2,2,5,1,low,0.3333333333333333,10.0
2590,50558,2,5,12,4,55,1,1,1,5,0,low,0.4,14.0
2591,50559,1,1,12,0,0,1,1,1,5,1,high,1.0,13.0
2592,50560,1,1,12,0,55,1,1,1,5,0,high,1.0,5.0
2593,50561,1,3,12,0,55,9,1,1,5,0,low,0.3333333333333333,6.0
2594,50562,1,3,12,1,30,2,1,1,5,1,low,0.3333333333333333,9.0
2595,50563,1,1,12,0,35,2,1,1,5,1,high,1.0,4.0
2596,50564,1,3,12,0,65,2,1,1,5,0,low,0.3333333333333333,1.0
2597,50565,2,3,12,5,55,1,3,4,5,0,high,0.6666666666666666,2.0
2598,50566,1,1,12,0,60,2,2,2,5,1,high,1.0,5.0
2599,50567,1,1,12,0,55,1,1,1,5,0,high,1.0,5.0
2600,50568,1,8,12,2,55,1,1,1,5,0,low,0.125,5.0
2601,50569,1,4,12,0,40,2,1,1,5,2,low,0.25,7.0
2602,50570,1,1,12,0,55,1,1,5,5,1,high,1.0,3.0
2603,50571,1,1,10,0,99,1,1,1,5,0,high,1.0,0.0
2604,50572,1,3,10,0,55,2,1,1,5,2,low,0.3333333333333333,12.0
2605,50573,1,3,11,5,45,3,1,1,5,0,low,0.3333333333333333,3.0
2606,50574,1,2,11,0,45,2,1,1,5,0,low,0.5,6.0
2607,50576,1,1,11,0,99,2,1,1,5,1,high,1.0,6.0
2608,50577,1,2,5,4,30,1,1,1,5,0,low,0.5,8.0
2609,50578,1,1,6,0,35,2,1,1,5,0,high,1.0,7.0
2610,50579,1,1,8,0,30,2,1,1,5,1,high,1.0,6.0
2611,50580,1,2,10,0,50,2,2,2,5,0,low,0.5,29.0
2612,50581,1,3,11,5,35,2,1,1,5,1,low,0.3333333333333333,11.0
2613,50582,1,1,11,0,45,2,2,2,5,0,high,1.0,10.0
2614,50583,1,2,12,0,40,2,1,1,5,0,low,0.5,9.0
2615,50584,1,4,10,2,40,1,1,2,5,0,low,0.25,3.0
2616,50585,1,1,11,0,55,2,1,1,5,0,high,1.0,4.0
2617,50586,1,1,12,0,99,1,1,1,5,0,high,1.0,3.0
2618,50587,1,1,10,0,45,1,1,1,5,0,high,1.0,1.0
6191,80001,1,3,1,0,40,3,1,2,8,1,low,0.3333333333333333,17.0
6192,80002,1,3,1,5,60,2,4,4,8,0,low,0.3333333333333333,41.0
6193,80003,1,1,1,0,65,2,1,1,8,0,high,1.0,8.0
6194,80004,1,3,1,0,65,1,6,4,8,0,low,0.3333333333333333,74.0
6195,80005,1,1,1,0,65,4,1,4,8,0,high,1.0,16.0
6196,80006,1,7,1,5,45,1,1,1,8,0,low,0.14285714285714285,4.0
6197,80007,1,2,1,2,65,1,1,1,8,1,low,0.5,7.0
6198,80008,2,2,1,0,55,2,1,1,8,2,high,1.0,47.0
6199,80009,2,2,1,2,55,3,1,2,8,2,high,1.0,7.0
6200,80010,1,3,1,0,35,1,1,1,8,0,low,0.3333333333333333,11.0
6201,80011,1,1,1,0,50,1,1,1,8,0,high,1.0,4.0
6202,80012,1,1,1,0,75,4,1,1,8,0,high,1.0,7.0
6203,80013,1,2,1,3,75,1,1,4,8,0,low,0.5,7.0
6204,80014,1,4,1,4,65,5,1,1,8,2,low,0.25,10.0
6205,80015,1,3,1,0,40,1,1,4,8,0,low,0.3333333333333333,3.0
6206,80016,1,3,1,0,65,3,1,1,8,2,low,0.3333333333333333,7.0
6207,80017,1,2,1,0,40,1,1,1,8,0,low,0.5,11.0
6208,80018,1,2,2,0,55,3,4,4,8,1,low,0.5,10.0
6209,80019,1,1,2,0,65,1,6,4,8,0,high,1.0,39.0
6210,80020,1,3,2,5,35,3,1,4,8,0,low,0.3333333333333333,35.0
6211,80021,1,4,2,5,45,3,1,1,8,4,low,0.25,23.0
6212,80022,1,1,2,0,50,2,1,1,8,1,high,1.0,13.0
6213,80023,1,1,2,0,50,3,1,1,8,1,high,1.0,11.0
6214,80024,1,3,2,2,55,1,1,1,8,0,low,0.3333333333333333,7.0
6215,80025,1,5,2,3,75,2,1,1,8,0,low,0.2,10.0
6216,80026,1,2,2,0,35,3,1,1,8,0,low,0.5,3.0
6217,80027,1,5,2,2,35,1,1,2,8,0,low,0.2,5.0
6218,80028,1,6,2,2,55,3,1,1,8,1,low,0.16666666666666666,53.0
6219,80029,1,1,2,0,65,2,1,1,8,1,high,1.0,10.0
6220,80030,1,11,2,9,75,1,5,4,8,0,low,0.09090909090909091,31.0
6221,80031,1,3,2,3,45,1,2,2,8,0,low,0.3333333333333333,25.0
6222,80032,1,4,2,5,35,1,4,3,8,0,low,0.25,15.0
6223,80033,1,3,2,0,30,3,1,1,8,0,low,0.3333333333333333,7.0
6224,80034,1,1,2,0,55,1,1,1,8,0,high,1.0,10.0
6225,80035,1,2,2,0,75,4,6,4,8,0,low,0.5,3.0
6226,80036,1,2,2,0,45,1,4,4,8,0,low,0.5,11.0
6227,80037,1,1,2,0,30,1,1,1,8,0,high,1.0,5.0
6228,80038,1,1,2,0,55,2,1,1,8,1,high,1.0,10.0
6229,80039,1,3,2,1,55,3,1,1,8,1,low,0.3333333333333333,12.0
6230,80040,1,4,2,0,65,1,1,4,8,0,low,0.25,6.0
6231,80041,1,2,2,4,55,1,1,1,8,0,low,0.5,12.0
6232,80042,2,5,2,3,55,4,1,1,8,2,low,0.4,4.0
6233,80043,1,3,2,0,45,3,1,1,8,0,low,0.3333333333333333,54.0
6234,80044,1,1,2,0,55,1,1,1,8,1,high,1.0,5.0
6235,80045,1,2,2,0,75,1,1,1,8,0,low,0.5,3.0
6236,80046,1,2,2,0,45,3,1,1,8,2,low,0.5,12.0
6237,80047,1,1,2,0,45,1,5,1,8,1,high,1.0,4.0
6238,80048,1,2,2,2,65,2,4,2,8,0,low,0.5,5.0
6239,80049,1,1,2,0,55,2,1,1,8,1,high,1.0,48.0
6240,80050,1,2,2,0,45,2,1,1,8,1,low,0.5,36.0
6241,80051,1,3,2,5,35,3,1,1,8,1,low,0.3333333333333333,6.0
6242,80052,1,3,2,0,40,2,1,1,8,1,low,0.3333333333333333,3.0
6243,80053,1,1,2,0,35,5,1,1,8,0,high,1.0,7.0
6244,80054,1,1,2,0,25,1,1,1,8,0,high,1.0,21.0
6245,80055,1,2,2,5,40,3,1,1,8,0,low,0.5,5.0
6246,80056,1,5,2,2,50,1,1,1,8,2,low,0.2,7.0
6247,80057,1,3,2,0,65,2,1,1,8,1,low,0.3333333333333333,7.0
6248,80058,1,3,2,2,65,1,4,4,8,0,low,0.3333333333333333,6.0
6249,80059,1,2,2,5,30,1,1,2,8,0,low,0.5,5.0
6250,80060,1,2,2,0,35,3,5,1,8,0,low,0.5,3.0
6251,80061,1,2,3,5,55,2,4,3,8,0,low,0.5,8.0
6252,80062,2,2,3,0,40,2,1,1,8,1,high,1.0,6.0
6253,80063,1,5,3,0,30,3,1,1,8,1,low,0.2,26.0
6254,80064,1,3,3,0,35,2,1,1,8,2,low,0.3333333333333333,40.0
6255,80065,1,2,3,8,65,2,1,1,8,0,low,0.5,24.0
6256,80066,1,2,3,0,35,1,1,1,8,0,low,0.5,6.0
6257,80067,1,1,3,0,35,1,1,1,8,0,high,1.0,10.0
6258,80068,1,7,3,5,30,3,2,2,8,2,low,0.14285714285714285,50.0
6259,80069,1,2,3,5,55,1,1,1,8,0,low,0.5,11.0
6260,80070,1,4,3,0,40,1,1,1,8,1,low,0.25,10.0
6261,80071,1,1,3,0,45,3,1,1,8,1,high,1.0,1.0
6262,80072,1,8,3,1,55,3,1,1,8,7,low,0.125,4.0
6263,80073,1,2,3,0,25,2,1,1,8,2,low,0.5,2.0
6264,80074,3,7,3,5,60,2,1,1,8,4,low,0.42857142857142855,8.0
6265,80075,1,1,3,0,55,5,1,1,8,1,high,1.0,27.0
6266,80076,1,1,3,0,35,3,1,1,8,0,high,1.0,16.0
6267,80077,1,3,3,0,75,2,6,1,8,1,low,0.3333333333333333,13.0
6268,80078,1,2,3,0,50,1,1,1,8,0,low,0.5,5.0
6269,80079,1,6,3,2,45,3,1,1,8,1,low,0.16666666666666666,6.0
6270,80080,2,3,3,1,75,2,1,1,8,1,high,0.6666666666666666,8.0
6271,80081,1,3,3,2,65,2,1,1,8,2,low,0.3333333333333333,5.0
6272,80082,1,7,3,1,50,1,1,1,8,0,low,0.14285714285714285,5.0
6273,80083,1,3,3,5,60,1,1,1,8,0,low,0.3333333333333333,4.0
6274,80084,1,3,3,2,65,1,4,3,8,0,low,0.3333333333333333,3.0
6275,80085,1,2,3,5,65,1,4,3,8,0,low,0.5,15.0
6276,80086,1,6,3,4,75,1,2,2,8,0,low,0.16666666666666666,12.0
6277,80087,1,6,3,0,45,1,1,1,8,1,low,0.16666666666666666,6.0
6278,80088,1,2,3,1,50,3,1,1,8,1,low,0.5,5.0
6279,80089,1,1,3,0,35,1,1,1,8,0,high,1.0,9.0
6280,80090,1,1,3,0,40,5,1,1,8,0,high,1.0,4.0
6281,80091,1,4,3,0,25,2,1,1,8,4,low,0.25,5.0
6282,80092,1,1,3,0,45,2,4,3,8,1,high,1.0,11.0
6283,80093,2,6,3,2,55,1,1,4,8,0,low,0.3333333333333333,17.0
6284,80094,1,1,3,0,50,2,1,2,8,0,high,1.0,20.0
6285,80095,1,1,3,0,75,2,4,3,8,1,high,1.0,8.0
6286,80096,1,1,3,0,65,1,1,1,8,1,high,1.0,9.0
6287,80097,1,4,3,0,35,3,1,1,8,1,low,0.25,5.0
6288,80098,1,1,3,0,55,3,1,1,8,1,high,1.0,1.0
6289,80099,1,6,3,1,55,1,1,1,8,0,low,0.16666666666666666,8.0
6290,80100,1,5,3,4,30,1,1,1,8,0,low,0.2,10.0
6291,80101,1,1,3,3,30,3,1,1,8,1,high,1.0,14.0
6292,80102,1,2,3,0,65,2,1,1,8,0,low,0.5,9.0
6293,80103,1,1,3,0,25,1,1,1,8,1,high,1.0,4.0
6294,80104,1,3,3,5,35,1,1,1,8,0,low,0.3333333333333333,5.0
6295,80105,2,4,4,5,35,1,1,1,8,0,low,0.5,7.0
6296,80106,1,2,4,5,65,1,1,1,8,0,low,0.5,7.0
6297,80107,1,4,4,4,45,2,1,1,8,2,low,0.25,3.0
6298,80108,1,2,4,0,75,1,2,4,8,0,low,0.5,3.0
6299,80109,1,1,4,0,45,1,4,4,8,0,high,1.0,9.0
6300,80110,1,1,4,0,65,2,1,1,8,1,high,1.0,12.0
6301,80111,1,6,4,3,75,4,4,4,8,0,low,0.16666666666666666,7.0
6302,80112,1,1,4,0,55,2,4,3,8,1,high,1.0,9.0
6303,80113,1,4,4,5,65,1,4,3,8,0,low,0.25,3.0
6304,80114,1,3,4,3,65,1,1,1,8,0,low,0.3333333333333333,11.0
6305,80115,1,3,4,5,55,1,4,4,8,0,low,0.3333333333333333,9.0
6306,80116,1,1,4,0,75,2,1,1,8,1,high,1.0,12.0
6307,80117,1,2,4,5,40,1,1,1,8,0,low,0.5,7.0
6308,80118,1,2,4,1,35,2,1,1,8,2,low,0.5,3.0
6309,80119,1,1,4,0,55,2,1,1,8,1,high,1.0,4.0
6310,80120,1,1,4,0,75,1,1,1,8,0,high,1.0,10.0
6311,80121,1,2,4,5,45,1,1,1,8,0,low,0.5,11.0
6312,80122,4,5,4,2,55,1,6,1,8,0,high,0.8,13.0
6313,80123,1,2,4,0,55,2,1,1,8,1,low,0.5,8.0
6314,80124,1,1,4,0,50,2,1,1,8,1,high,1.0,7.0
6315,80125,1,2,4,0,35,3,4,2,8,1,low,0.5,13.0
6316,80126,1,2,4,0,50,1,1,1,8,0,low,0.5,12.0
6317,80127,2,4,4,5,55,1,1,1,8,0,low,0.5,3.0
6318,80128,1,2,4,5,55,1,4,3,8,0,low,0.5,8.0
6319,80129,1,2,4,5,35,1,1,1,8,0,low,0.5,13.0
6320,80130,1,1,4,0,45,4,1,1,8,0,high,1.0,10.0
6321,80131,1,5,4,5,35,1,2,2,8,0,low,0.2,31.0
6322,80132,1,7,4,0,55,3,1,1,8,1,low,0.14285714285714285,13.0
6323,80133,1,2,4,0,60,4,1,2,8,1,low,0.5,6.0
6324,80134,1,3,4,2,40,1,1,1,8,0,low,0.3333333333333333,8.0
6325,80135,1,1,4,0,50,1,1,1,8,1,high,1.0,9.0
6326,80136,1,3,4,0,35,3,1,1,8,2,low,0.3333333333333333,55.0
6327,80137,1,6,4,2,40,1,1,1,8,0,low,0.16666666666666666,2.0
6328,80138,1,3,4,5,55,1,1,1,8,0,low,0.3333333333333333,6.0
6329,80139,1,4,4,1,65,2,1,1,8,3,low,0.25,15.0
6330,80140,1,2,4,0,55,1,1,1,8,1,low,0.5,12.0
6331,80141,2,2,4,2,65,1,1,1,8,0,high,1.0,11.0
6332,80142,1,3,4,1,55,1,1,1,8,0,low,0.3333333333333333,26.0
6333,80143,1,1,4,0,50,3,1,1,8,1,high,1.0,56.0
6334,80144,1,3,4,0,40,3,1,1,8,3,low,0.3333333333333333,17.0
6335,80145,1,2,4,0,55,1,1,1,8,2,low,0.5,7.0
6336,80146,1,2,4,2,45,1,1,1,8,0,low,0.5,7.0
6337,80147,1,1,4,0,35,1,1,1,8,0,high,1.0,4.0
6338,80148,1,2,5,5,45,1,1,1,8,0,low,0.5,8.0
6339,80149,1,3,5,5,65,1,2,2,8,0,low,0.3333333333333333,15.0
6340,80150,1,1,5,0,55,1,1,1,8,1,high,1.0,6.0
6341,80151,1,1,5,0,35,2,1,2,8,1,high,1.0,7.0
6342,80152,1,2,5,4,55,1,1,1,8,0,low,0.5,7.0
6343,80153,1,2,5,5,35,3,1,1,8,0,low,0.5,8.0