,ST_CASE,FATALS,PERSONS,MONTH,MAN_COLL,SP_LIMIT,LGT_COND,WEATHER,SUR_COND,STATE,DRUNK_DR,rate,rate_numerical,arrival_time
6344,80154,2,7,5,0,20,1,1,1,8,1,low,0.2857142857142857,4.0
6345,80155,1,2,5,0,50,1,1,1,8,0,low,0.5,6.0
6346,80156,1,3,5,3,75,1,1,1,8,0,low,0.3333333333333333,8.0
6347,80157,3,3,5,0,65,1,1,1,8,0,high,1.0,8.0
6348,80158,1,5,5,0,55,1,1,1,8,0,low,0.2,17.0
6349,80159,2,2,5,0,65,1,2,2,8,0,high,1.0,8.0
6350,80160,1,6,5,5,50,1,1,1,8,0,low,0.16666666666666666,7.0
6351,80161,1,2,5,0,50,3,1,1,8,1,low,0.5,4.0
6352,80162,1,3,5,0,55,1,2,2,8,0,low,0.3333333333333333,8.0
6353,80163,1,5,5,0,30,2,1,1,8,4,low,0.2,3.0
6354,80164,1,4,5,5,55,1,1,1,8,0,low,0.25,4.0
6355,80165,1,1,5,0,55,1,1,1,8,1,high,1.0,12.0
6356,80166,1,2,5,5,65,1,1,1,8,0,low,0.5,12.0
6357,80167,1,1,5,0,40,2,1,1,8,1,high,1.0,5.0
6358,80168,1,1,5,0,35,5,1,1,8,1,high,1.0,22.0
6359,80169,1,2,5,0,40,2,1,1,8,2,low,0.5,9.0
6360,80170,1,2,5,2,65,4,1,1,8,0,low,0.5,12.0
6361,80171,2,3,5,0,20,4,1,1,8,3,high,0.6666666666666666,5.0
6362,80172,1,3,5,5,45,3,1,1,8,0,low,0.3333333333333333,11.0
6363,80173,1,5,5,5,65,3,1,1,8,3,low,0.2,5.0
6364,80174,1,2,5,0,45,3,1,1,8,2,low,0.5,8.0
6365,80175,1,2,5,0,65,1,2,6,8,0,low,0.5,6.0
6366,80176,1,2,5,5,40,1,1,1,8,0,low,0.5,18.0
6367,80177,1,1,5,0,40,1,1,1,8,0,high,1.0,10.0
6368,80178,1,2,5,4,35,3,1,1,8,0,low,0.5,9.0
6369,80179,1,1,5,0,30,2,1,1,8,1,high,1.0,29.0
6370,80180,1,2,5,0,50,2,1,1,8,2,low,0.5,8.0
6371,80181,1,3,5,0,30,3,1,1,8,0,low,0.3333333333333333,16.0
6372,80182,2,3,5,2,40,1,2,2,8,0,high,0.6666666666666666,8.0
6373,80183,1,1,5,0,35,3,1,1,8,1,high,1.0,13.0
6374,80184,1,4,5,0,30,1,1,1,8,0,low,0.25,0.0
6375,80185,1,1,5,0,30,2,1,1,8,1,high,1.0,15.0
6376,80186,1,1,6,0,25,2,1,1,8,1,high,1.0,32.0
6377,80187,1,1,6,0,30,2,1,1,8,1,high,1.0,8.0
6378,80188,1,2,6,5,40,1,1,1,8,0,low,0.5,14.0
6379,80189,1,2,6,1,30,1,1,2,8,1,low,0.5,5.0
6380,80190,2,5,6,5,55,1,1,1,8,0,low,0.4,7.0
6381,80191,1,1,6,0,60,2,1,1,8,0,high,1.0,5.0
6382,80192,1,4,6,1,65,1,7,1,8,0,low,0.25,12.0
6383,80193,1,2,6,0,35,2,1,1,8,2,low,0.5,15.0
6384,80194,1,1,6,0,55,3,1,1,8,1,high,1.0,8.0
6385,80195,1,2,6,5,40,1,1,1,8,0,low,0.5,18.0
6386,80196,1,2,6,0,55,1,1,1,8,0,low,0.5,14.0
6387,80197,1,2,6,0,55,3,1,1,8,1,low,0.5,13.0
6388,80198,1,2,6,2,45,1,1,1,8,0,low,0.5,12.0
6389,80199,1,2,6,5,45,3,1,1,8,0,low,0.5,6.0
6390,80200,2,4,6,5,55,1,1,1,8,1,low,0.5,12.0
6391,80201,1,3,6,5,65,1,1,1,8,1,low,0.3333333333333333,21.0
6392,80202,1,7,6,0,25,2,1,1,8,2,low,0.14285714285714285,10.0
6393,80203,1,3,6,0,75,1,1,1,8,0,low,0.3333333333333333,15.0
6394,80204,1,1,6,0,45,2,1,1,8,1,high,1.0,14.0
6395,80205,1,1,6,0,45,2,1,1,8,1,high,1.0,3.0
6396,80206,1,2,6,0,75,1,1,1,8,0,low,0.5,6.0
6397,80207,1,4,6,5,35,3,1,1,8,2,low,0.25,8.0
6398,80208,1,2,6,1,55,1,1,1,8,0,low,0.5,7.0
6399,80209,1,3,6,0,40,3,1,1,8,1,low,0.3333333333333333,10.0
6400,80210,2,2,6,0,35,2,1,1,8,2,high,1.0,4.0
6401,80211,1,1,6,0,35,2,1,1,8,1,high,1.0,9.0
6402,80212,1,10,6,1,45,3,6,1,8,0,low,0.1,2.0
6403,80213,1,2,6,0,45,2,1,1,8,1,low,0.5,9.0
6404,80214,1,1,6,0,65,2,1,1,8,1,high,1.0,4.0
6405,80215,2,2,6,0,65,1,1,1,8,0,high,1.0,23.0
6406,80216,1,11,6,4,65,1,1,1,8,3,low,0.09090909090909091,7.0
6407,80217,1,1,6,0,65,1,1,1,8,1,high,1.0,5.0
6408,80218,1,1,6,0,55,1,1,1,8,1,high,1.0,8.0
6409,80219,1,1,6,0,50,1,1,1,8,1,high,1.0,4.0
6410,80220,1,2,6,2,35,3,1,1,8,0,low,0.5,3.0
6411,80221,1,1,6,0,40,1,1,1,8,0,high,1.0,10.0
6412,80222,1,3,6,1,25,1,1,1,8,1,low,0.3333333333333333,5.0
6413,80223,1,2,6,0,25,1,2,2,8,1,low,0.5,15.0
6414,80224,1,1,6,0,35,1,1,1,8,0,high,1.0,14.0
6415,80225,2,4,6,0,65,1,1,1,8,0,low,0.5,3.0
6416,80226,1,1,6,0,50,1,1,1,8,0,high,1.0,2.0
6417,80227,1,1,6,0,40,1,1,1,8,0,high,1.0,5.0
6418,80228,1,1,6,0,55,2,1,1,8,1,high,1.0,6.0
6419,80229,1,2,6,11,50,1,1,1,8,0,low,0.5,13.0
6420,80230,2,5,6,0,75,1,1,1,8,0,low,0.4,6.0
6421,80231,1,4,6,0,25,2,1,1,8,3,low,0.25,3.0
6422,80232,1,2,6,7,40,1,1,1,8,1,low,0.5,7.0
6423,80233,1,3,6,2,55,1,1,1,8,0,low,0.3333333333333333,16.0
6424,80234,1,2,6,0,40,1,1,1,8,0,low,0.5,4.0
6425,80235,1,1,6,0,70,1,1,1,8,0,high,1.0,16.0
6426,80236,1,3,6,1,35,1,1,1,8,1,low,0.3333333333333333,19.0
6427,80237,1,5,6,5,25,1,1,1,8,0,low,0.2,13.0
6428,80238,1,1,6,0,25,2,1,1,8,1,high,1.0,8.0
6429,80239,1,4,6,1,60,1,1,1,8,0,low,0.25,6.0
6430,80240,1,2,6,5,55,1,1,1,8,0,low,0.5,43.0
6431,80241,1,3,6,5,45,1,1,1,8,0,low,0.3333333333333333,8.0
6432,80242,2,3,7,0,40,1,1,1,8,0,high,0.6666666666666666,20.0
6433,80243,1,5,7,4,65,1,1,1,8,0,low,0.2,5.0
6434,80244,1,2,7,0,55,1,1,1,8,0,low,0.5,11.0
6435,80245,1,3,7,3,75,2,1,1,8,0,low,0.3333333333333333,13.0
6436,80246,2,2,7,0,75,2,1,1,8,2,high,1.0,2.0
6437,80247,1,2,7,0,40,1,1,1,8,0,low,0.5,5.0
6438,80248,1,5,7,3,75,1,1,1,8,0,low,0.2,22.0
6439,80249,1,1,7,0,60,1,1,1,8,0,high,1.0,11.0
6440,80250,1,1,7,0,65,1,1,1,8,0,high,1.0,6.0
6441,80251,1,2,7,0,20,5,1,1,8,1,low,0.5,2.0
6442,80252,1,1,7,0,75,1,1,1,8,0,high,1.0,10.0
6443,80253,1,2,7,0,40,1,1,1,8,1,low,0.5,4.0
6444,80254,1,6,7,1,65,1,1,1,8,0,low,0.16666666666666666,16.0
6445,80255,1,2,7,0,35,1,1,1,8,0,low,0.5,26.0
6446,80256,3,10,7,7,40,3,2,2,8,1,low,0.3,6.0
6447,80257,1,2,7,0,30,1,1,1,8,0,low,0.5,50.0
6448,80258,2,3,7,0,75,1,1,1,8,0,high,0.6666666666666666,13.0
6449,80259,1,4,7,0,30,1,1,1,8,0,low,0.25,21.0
6450,80260,1,1,7,0,75,2,1,1,8,1,high,1.0,12.0
6451,80261,2,2,7,2,65,1,1,2,8,1,high,1.0,15.0
6452,80262,1,3,7,0,35,3,1,1,8,1,low,0.3333333333333333,9.0
6453,80263,1,5,7,3,65,1,1,2,8,0,low,0.2,7.0
6454,80264,1,4,7,2,40,2,1,8,8,1,low,0.25,11.0
6455,80265,1,1,7,0,35,2,1,1,8,1,high,1.0,21.0
6456,80266,1,3,7,0,30,1,1,1,8,1,low,0.3333333333333333,13.0
6457,80267,1,1,7,0,55,1,1,1,8,1,high,1.0,10.0
6458,80268,1,4,7,5,55,1,1,1,8,0,low,0.25,11.0
6459,80269,1,1,7,0,55,5,1,1,8,1,high,1.0,9.0
6460,80270,1,2,7,0,25,1,1,1,8,1,low,0.5,5.0
6461,80271,3,11,7,1,75,1,1,1,8,0,low,0.2727272727272727,12.0
6462,80272,1,5,7,5,55,1,1,1,8,0,low,0.2,30.0
6463,80273,1,1,7,0,30,2,1,1,8,1,high,1.0,12.0
6464,80274,1,2,7,5,45,1,1,1,8,0,low,0.5,9.0
6465,80275,1,2,7,5,55,1,1,1,8,0,low,0.5,16.0
6466,80276,1,2,7,0,75,1,1,1,8,0,low,0.5,11.0
6467,80277,1,2,7,3,50,1,1,1,8,0,low,0.5,8.0
6468,80278,1,3,7,0,55,1,1,1,8,0,low,0.3333333333333333,7.0
6469,80279,1,2,7,5,45,1,1,1,8,1,low,0.5,2.0
6470,80280,1,9,7,1,55,1,1,1,8,0,low,0.1111111111111111,14.0
6471,80281,1,6,7,1,55,1,1,1,8,0,low,0.16666666666666666,12.0
6472,80282,1,2,7,2,55,1,1,1,8,0,low,0.5,24.0
6473,80283,1,2,7,0,65,1,1,1,8,0,low,0.5,21.0
6474,80284,1,3,7,9,55,1,1,1,8,0,low,0.3333333333333333,13.0
6475,80285,1,3,7,3,75,1,1,1,8,0,low,0.3333333333333333,3.0
6476,80286,2,2,7,0,75,5,1,1,8,0,high,1.0,14.0
6477,80287,1,9,7,0,50,1,1,1,8,0,low,0.1111111111111111,5.0
6478,80288,1,9,7,0,75,1,2,2,8,0,low,0.1111111111111111,52.0
6479,80289,1,3,7,0,25,1,1,1,8,3,low,0.3333333333333333,25.0
6480,80290,2,3,7,2,60,1,1,1,8,0,high,0.6666666666666666,18.0
6481,80291,1,3,7,0,60,2,1,1,8,2,low,0.3333333333333333,20.0
6482,80292,1,2,7,0,45,3,1,1,8,0,low,0.5,21.0
6483,80293,1,1,7,0,25,4,1,1,8,1,high,1.0,5.0
6484,80294,1,2,7,0,30,1,1,2,8,0,low,0.5,10.0
6485,80295,1,3,7,5,45,1,1,1,8,1,low,0.3333333333333333,11.0
6486,80296,1,2,7,0,55,1,1,1,8,2,low,0.5,3.0
6487,80297,1,1,7,0,30,3,1,1,8,0,high,1.0,18.0
6488,80298,1,2,7,0,40,2,1,1,8,2,low,0.5,12.0
6489,80299,1,2,7,2,45,1,1,1,8,0,low,0.5,9.0
6490,80300,1,1,6,0,65,3,1,1,8,1,high,1.0,15.0
6491,80301,1,2,8,0,35,3,1,1,8,2,low,0.5,12.0
6492,80302,1,1,8,0,75,1,1,1,8,0,high,1.0,9.0
6493,80303,1,2,8,5,40,1,1,1,8,1,low,0.5,4.0
6494,80304,1,2,8,0,30,1,1,1,8,0,low,0.5,6.0
6495,80305,1,4,8,5,40,3,1,1,8,1,low,0.25,7.0
6496,80306,1,2,8,0,65,2,1,1,8,0,low,0.5,21.0
6497,80307,1,2,8,2,65,1,1,1,8,0,low,0.5,12.0
6498,80308,1,4,8,5,50,1,1,1,8,0,low,0.25,23.0
6499,80309,1,1,8,0,65,2,1,1,8,1,high,1.0,20.0
6500,80310,1,1,8,0,35,1,1,1,8,0,high,1.0,18.0
6501,80311,1,3,8,0,55,1,1,1,8,0,low,0.3333333333333333,6.0
6502,80312,1,2,8,5,55,1,1,1,8,1,low,0.5,8.0
6503,80313,1,2,8,5,45,1,1,1,8,0,low,0.5,8.0
6504,80314,1,1,8,0,65,4,1,1,8,0,high,1.0,13.0
6505,80315,1,2,8,5,65,1,1,1,8,0,low,0.5,10.0
6506,80316,1,1,8,0,65,2,1,1,8,1,high,1.0,6.0
6507,80317,1,3,8,0,25,2,1,1,8,3,low,0.3333333333333333,12.0
6508,80318,1,4,8,1,35,1,1,1,8,0,low,0.25,47.0
6509,80319,1,1,8,0,35,1,1,1,8,0,high,1.0,35.0
6510,80320,2,2,8,0,75,2,1,1,8,0,high,1.0,2.0
6511,80321,1,3,8,5,45,1,1,1,8,0,low,0.3333333333333333,12.0
6512,80322,1,4,8,4,35,3,1,1,8,0,low,0.25,18.0
6513,80323,1,1,8,0,55,2,1,1,8,1,high,1.0,24.0
6514,80324,1,1,8,0,50,2,1,1,8,1,high,1.0,9.0
6515,80325,1,1,8,0,35,3,1,1,8,0,high,1.0,9.0
6516,80326,1,4,8,5,65,1,1,2,8,0,low,0.25,15.0
6517,80327,1,1,8,0,65,1,1,1,8,0,high,1.0,21.0
6518,80328,1,3,8,5,30,1,1,1,8,0,low,0.3333333333333333,104.0
6519,80329,1,3,8,0,60,1,1,1,8,1,low,0.3333333333333333,13.0
6520,80330,1,1,8,0,45,1,1,1,8,0,high,1.0,7.0
6521,80331,1,4,8,2,50,1,1,1,8,0,low,0.25,10.0
6522,80332,1,3,8,0,40,1,1,1,8,1,low,0.3333333333333333,16.0
6523,80333,1,2,8,0,35,1,1,1,8,0,low,0.5,10.0
6524,80334,1,4,8,5,35,1,1,1,8,0,low,0.25,17.0
6525,80335,1,2,8,0,40,1,1,1,8,2,low,0.5,10.0
6526,80336,1,1,8,0,40,1,1,1,8,0,high,1.0,4.0
6527,80337,1,4,8,1,55,1,1,1,8,0,low,0.25,27.0
6528,80338,1,1,8,0,50,2,1,1,8,1,high,1.0,4.0
6529,80339,1,1,8,0,45,5,1,1,8,1,high,1.0,12.0
6530,80340,1,1,8,0,45,5,1,1,8,1,high,1.0,11.0
6531,80341,1,4,8,5,55,1,2,2,8,0,low,0.25,15.0
6532,80342,1,3,8,0,40,3,1,1,8,1,low,0.3333333333333333,16.0
6533,80343,1,4,8,0,30,1,1,1,8,0,low,0.25,10.0
6534,80344,1,2,9,0,25,1,1,1,8,0,low,0.5,14.0
6535,80345,3,3,9,2,65,1,1,1,8,1,high,1.0,7.0
6536,80346,1,1,9,0,50,2,1,1,8,1,high,1.0,15.0
6537,80347,2,2,9,0,40,2,1,1,8,2,high,1.0,8.0
6538,80348,1,5,9,2,45,1,1,1,8,0,low,0.2,8.0
6539,80349,1,2,9,0,65,1,1,1,8,0,low,0.5,27.0
6540,80350,1,3,9,5,55,1,1,1,8,0,low,0.3333333333333333,14.0
6541,80351,1,4,9,0,75,1,1,1,8,1,low,0.25,12.0
6542,80352,1,2,9,0,75,1,2,2,8,0,low,0.5,6.0
6543,80353,1,3,9,5,55,1,1,1,8,0,low,0.3333333333333333,18.0
6544,80354,1,1,9,0,30,3,1,1,8,1,high,1.0,10.0
6545,80355,1,4,9,0,75,2,1,1,8,0,low,0.25,12.0
6546,80356,1,2,9,0,50,2,1,1,8,0,low,0.5,31.0
6547,80357,1,2,9,0,25,3,1,1,8,1,low,0.5,7.0
6548,80358,1,2,9,5,65,1,1,1,8,0,low,0.5,14.0
6549,80359,1,2,9,1,30,1,1,1,8,0,low,0.5,3.0
6550,80360,1,2,9,5,45,1,1,1,8,0,low,0.5,12.0
6551,80361,1,1,9,0,65,2,1,1,8,1,high,1.0,10.0
6552,80362,3,5,9,5,40,3,1,1,8,1,high,0.6,6.0
6553,80363,1,7,9,4,40,5,1,1,8,0,low,0.14285714285714285,9.0
6554,80364,1,3,9,0,35,2,1,1,8,3,low,0.3333333333333333,7.0
6555,80365,1,2,9,2,35,3,1,1,8,1,low,0.5,10.0
6556,80366,1,2,9,4,25,1,1,1,8,0,low,0.5,10.0
6557,80367,1,2,9,5,45,1,1,1,8,0,low,0.5,21.0
6558,80368,2,6,9,2,45,1,1,1,8,0,low,0.3333333333333333,12.0
6559,80369,1,2,9,0,60,1,1,1,8,0,low,0.5,16.0
6560,80370,1,1,9,0,65,2,1,1,8,1,high,1.0,9.0
6561,80371,1,2,9,0,40,3,1,1,8,0,low,0.5,7.0
6562,80372,1,3,9,0,55,1,1,1,8,1,low,0.3333333333333333,5.0
6563,80373,1,2,9,0,55,2,1,1,8,1,low,0.5,14.0
6564,80374,1,1,9,0,50,2,1,1,8,1,high,1.0,26.0
6565,80375,1,3,9,0,25,1,1,1,8,0,low,0.3333333333333333,4.0
6566,80376,1,2,9,0,45,3,1,1,8,2,low,0.5,2.0
6567,80377,1,1,9,0,65,2,1,1,8,0,high,1.0,14.0
6568,80378,1,2,9,0,50,2,1,1,8,0,low,0.5,85.0
6569,80379,1,4,9,3,50,1,1,1,8,0,low,0.25,22.0
6570,80380,1,6,9,5,55,1,1,1,8,0,low,0.16666666666666666,4.0
6571,80381,1,4,9,1,45,1,1,1,8,1,low,0.25,5.0
6572,80382,1,1,9,0,65,1,1,1,8,0,high,1.0,14.0
6573,80383,1,2,9,0,45,3,1,1,8,1,low,0.5,16.0
6574,80384,2,3,9,2,55,2,1,1,8,0,high,0.6666666666666666,8.0
6575,80385,1,6,9,4,60,1,1,1,8,0,low,0.16666666666666666,7.0
6576,80386,1,2,9,0,65,1,1,1,8,0,low,0.5,4.0
6577,80387,1,1,9,0,40,1,1,1,8,1,high,1.0,5.0
6578,80388,1,3,9,0,30,3,1,1,8,1,low,0.3333333333333333,5.0
6579,80389,1,3,9,0,40,3,1,1,8,0,low,0.3333333333333333,25.0
6580,80390,1,3,9,5,30,1,1,1,8,0,low,0.3333333333333333,190.0
6581,80391,1,3,9,0,40,1,1,1,8,0,low,0.3333333333333333,16.0
6582,80392,1,2,9,0,45,3,1,1,8,0,low,0.5,11.0
6583,80393,1,2,9,0,35,3,1,1,8,2,low,0.5,5.0
6584,80394,1,2,9,0,40,2,5,2,8,2,low,0.5,21.0
6585,80395,1,2,9,0,35,2,1,1,8,1,low,0.5,18.0
6586,80396,1,2,9,0,40,3,1,1,8,2,low,0.5,4.0
6587,80397,1,2,10,0,55,1,1,1,8,0,low,0.5,26.0
6588,80398,1,1,10,0,55,2,1,1,8,1,high,1.0,10.0
6589,80399,1,1,10,1,75,1,1,1,8,0,high,1.0,39.0
6590,80400,1,3,10,4,55,2,1,1,8,1,low,0.3333333333333333,8.0
6591,80401,2,4,10,2,65,1,1,1,8,1,low,0.5,6.0
6592,80402,1,2,10,0,35,1,1,1,8,1,low,0.5,12.0
6593,80403,1,2,10,0,35,3,1,1,8,2,low,0.5,18.0
6594,80404,1,8,10,5,45,3,1,1,8,1,low,0.125,39.0
6595,80405,1,2,10,4,55,1,1,1,8,1,low,0.5,6.0
6596,80406,1,3,10,4,75,2,1,1,8,2,low,0.3333333333333333,26.0
6597,80407,1,4,10,0,35,2,1,1,8,4,low,0.25,16.0
6598,80408,1,2,10,5,55,1,1,1,8,0,low,0.5,2.0
6599,80409,1,2,10,0,25,1,1,1,8,0,low,0.5,19.0
6600,80410,1,4,10,0,45,2,4,2,8,0,low,0.25,12.0
6601,80411,1,1,10,0,60,1,1,2,8,0,high,1.0,22.0
6602,80412,1,2,10,0,55,3,1,1,8,1,low,0.5,5.0
6603,80413,1,2,10,0,40,5,1,1,8,1,low,0.5,7.0
6604,80414,1,2,10,0,65,2,6,4,8,0,low,0.5,17.0
6605,80415,1,1,10,0,55,1,4,4,8,0,high,1.0,9.0
6606,80416,1,1,10,0,40,1,6,1,8,1,high,1.0,10.0
6607,80417,1,2,10,5,55,1,1,1,8,0,low,0.5,30.0
6608,80418,1,3,10,0,35,1,1,1,8,1,low,0.3333333333333333,16.0
6609,80419,1,2,10,2,45,2,1,1,8,0,low,0.5,44.0
6610,80420,1,1,10,0,35,3,1,1,8,1,high,1.0,16.0
6611,80421,1,2,10,0,30,3,1,1,8,0,low,0.5,30.0
6612,80422,1,2,10,0,65,2,1,1,8,2,low,0.5,7.0
6613,80423,1,2,10,0,45,2,1,1,8,1,low,0.5,3.0
6614,80424,1,1,10,0,45,1,4,2,8,0,high,1.0,10.0
6615,80425,1,3,10,5,50,1,1,1,8,1,low,0.3333333333333333,5.0
6616,80426,1,4,10,5,40,1,1,1,8,0,low,0.25,16.0
6617,80427,1,2,10,0,65,1,1,1,8,0,low,0.5,9.0
6618,80428,1,2,10,0,35,1,1,1,8,0,low,0.5,4.0
6619,80429,1,1,10,0,75,1,1,1,8,0,high,1.0,14.0
6620,80430,1,3,10,0,65,1,1,1,8,0,low,0.3333333333333333,12.0
6621,80431,1,1,10,0,75,1,1,1,8,0,high,1.0,11.0
6622,80432,1,1,10,0,60,2,1,1,8,1,high,1.0,5.0
6623,80433,1,1,10,0,65,3,1,1,8,1,high,1.0,41.0
6624,80434,2,3,10,0,55,2,1,1,8,1,high,0.6666666666666666,7.0
6625,80435,1,10,10,1,65,1,1,1,8,0,low,0.1,18.0
6626,80436,1,8,10,0,65,2,2,2,8,0,low,0.125,8.0
6627,80437,1,2,10,3,65,1,4,3,8,0,low,0.5,8.0
6628,80438,1,2,10,0,55,3,1,1,8,2,low,0.5,49.0
6629,80439,1,1,11,0,65,1,1,1,8,0,high,1.0,44.0
6630,80440,1,2,10,0,45,4,5,1,8,0,low,0.5,12.0
6631,80441,1,2,10,2,35,3,1,1,8,1,low,0.5,20.0
6632,80442,1,3,10,5,30,3,1,1,8,1,low,0.3333333333333333,13.0
6633,80443,1,2,10,0,35,3,1,1,8,1,low,0.5,14.0
6634,80444,1,5,11,5,55,1,1,1,8,0,low,0.2,17.0
6635,80445,1,3,11,5,35,3,1,2,8,0,low,0.3333333333333333,52.0
6636,80446,1,2,11,0,35,3,1,1,8,0,low,0.5,14.0
6637,80447,1,2,11,0,30,1,1,1,8,0,low,0.5,23.0
6638,80448,1,1,11,0,65,2,1,1,8,1,high,1.0,5.0
6639,80449,1,1,11,0,65,2,1,1,8,1,high,1.0,35.0
6640,80450,1,1,11,0,45,1,1,1,8,1,high,1.0,9.0
6641,80451,1,2,11,5,45,5,1,1,8,0,low,0.5,15.0
6642,80452,1,1,11,0,65,1,1,1,8,0,high,1.0,17.0
6643,80453,1,1,11,0,65,1,1,1,8,1,high,1.0,17.0
6644,80454,1,2,11,0,30,3,1,1,8,1,low,0.5,6.0
6645,80455,1,4,11,0,45,2,1,1,8,2,low,0.25,6.0
6646,80456,1,1,11,0,40,1,1,1,8,0,high,1.0,13.0
6647,80457,1,1,11,0,65,1,1,1,8,0,high,1.0,21.0
6648,80458,1,3,11,0,55,3,1,1,8,0,low,0.3333333333333333,240.0
6649,80459,1,1,11,0,40,3,1,1,8,1,high,1.0,36.0
6650,80460,1,1,11,0,55,1,1,1,8,1,high,1.0,16.0
6651,80461,1,2,11,0,35,3,1,1,8,2,low,0.5,33.0
6652,80462,1,4,11,0,35,2,1,1,8,1,low,0.25,5.0
6653,80463,1,4,10,3,65,1,1,1,8,0,low,0.25,32.0
6654,80464,1,2,11,4,65,1,4,3,8,0,low,0.5,7.0
6655,80465,1,1,11,0,55,2,1,1,8,1,high,1.0,12.0
6656,80466,1,2,11,4,65,4,1,3,8,0,low,0.5,6.0
6657,80467,1,4,11,2,55,1,1,1,8,0,low,0.25,11.0
6658,80468,1,1,11,0,30,3,1,1,8,1,high,1.0,3.0
6659,80469,1,2,11,0,55,2,1,1,8,1,low,0.5,1.0
6660,80470,1,2,11,0,40,1,1,1,8,0,low,0.5,13.0
6661,80471,1,3,11,5,30,1,1,1,8,0,low,0.3333333333333333,24.0
6662,80472,1,2,11,5,40,1,1,1,8,0,low,0.5,166.0
6663,80473,1,3,11,0,65,2,1,1,8,0,low,0.3333333333333333,9.0
6664,80474,1,4,11,0,55,4,4,4,8,0,low,0.25,14.0
6665,80475,1,1,11,9,45,1,1,4,8,0,high,1.0,15.0
6666,80476,1,4,12,0,75,1,1,4,8,0,low,0.25,8.0
6667,80477,1,2,12,1,65,1,4,3,8,1,low,0.5,11.0
6668,80478,1,2,12,0,35,2,1,1,8,1,low,0.5,14.0
6669,80479,1,4,12,5,55,1,1,1,8,0,low,0.25,5.0
6670,80480,1,4,12,5,55,1,1,1,8,0,low,0.25,5.0
6671,80481,1,2,12,2,40,2,1,1,8,1,low,0.5,4.0
6672,80482,1,3,12,8,65,1,4,4,8,0,low,0.3333333333333333,11.0
6673,80483,1,3,12,0,75,2,4,4,8,0,low,0.3333333333333333,3.0
6674,80484,1,1,12,0,60,1,4,4,8,0,high,1.0,8.0
6675,80485,1,3,12,0,55,1,4,3,8,0,low,0.3333333333333333,74.0
6676,80486,1,3,12,5,55,2,4,4,8,0,low,0.3333333333333333,14.0
6677,80487,1,2,12,0,35,3,1,1,8,2,low,0.5,13.0
6678,80488,1,2,12,5,55,1,4,4,8,1,low,0.5,21.0
6679,80489,1,2,12,0,55,1,1,1,8,0,low,0.5,6.0
6680,80490,1,7,12,4,60,1,1,1,8,0,low,0.14285714285714285,19.0
6681,80491,1,3,12,5,55,1,1,1,8,0,low,0.3333333333333333,18.0
6682,80492,1,1,12,0,75,1,1,1,8,0,high,1.0,23.0
6683,80493,1,7,12,5,40,1,1,4,8,0,low,0.14285714285714285,7.0
6684,80494,1,3,12,4,40,3,1,1,8,1,low,0.3333333333333333,7.0
6685,80495,1,2,12,2,35,3,1,1,8,0,low,0.5,33.0
6686,80496,1,1,12,0,35,4,1,3,8,0,high,1.0,6.0
6687,80497,1,1,12,0,65,1,1,1,8,0,high,1.0,29.0
6688,80498,1,2,12,1,75,1,1,1,8,0,low,0.5,14.0
6689,80499,1,2,12,0,35,2,1,1,8,1,low,0.5,89.0
6690,80500,1,9,12,3,65,1,1,1,8,1,low,0.1111111111111111,9.0
6691,80501,1,2,12,5,55,1,1,1,8,0,low,0.5,17.0
6692,80502,1,3,12,1,35,1,1,1,8,0,low,0.3333333333333333,7.0
6693,80503,1,2,12,2,65,5,1,1,8,0,low,0.5,12.0
6694,80504,1,1,10,0,65,3,1,1,8,1,high,1.0,24.0
6695,80505,1,1,12,0,55,2,1,1,8,1,high,1.0,3.0
6696,80506,1,1,12,0,65,2,1,3,8,1,high,1.0,15.0
6697,80507,1,2,12,0,55,2,1,1,8,1,low,0.5,5.0
6698,80508,1,2,12,2,45,3,1,1,8,0,low,0.5,15.0
6699,90001,1,3,1,0,55,2,1,2,9,0,low,0.3333333333333333,5.0
6700,90002,1,5,1,0,55,2,1,1,9,0,low,0.2,7.0
6701,90003,1,3,1,2,30,1,4,4,9,0,low,0.3333333333333333,9.0
6702,90004,1,2,1,0,99,1,2,2,9,0,low,0.5,13.0
6703,90005,1,2,1,0,25,1,2,2,9,0,low,0.5,6.0
6704,90006,2,3,1,2,65,3,1,1,9,2,high,0.6666666666666666,6.0
6705,90007,1,3,1,2,45,1,1,1,9,1,low,0.3333333333333333,12.0
6706,90008,1,2,1,2,35,1,1,1,9,1,low,0.5,16.0
6707,90009,1,2,1,0,30,3,1,1,9,2,low,0.5,64.0
6708,90010,1,1,2,0,45,1,1,1,9,0,high,1.0,25.0
6709,90011,1,2,2,2,65,3,1,1,9,1,low,0.5,29.0
6710,90012,2,3,2,4,40,1,1,2,9,1,high,0.6666666666666666,5.0
6711,90013,1,3,2,0,30,3,1,4,9,0,low,0.3333333333333333,3.0
6712,90014,1,2,3,0,65,2,3,3,9,1,low,0.5,20.0
6713,90015,1,3,3,0,30,3,1,9,9,1,low,0.3333333333333333,10.0
6714,90016,1,1,1,0,65,2,1,1,9,1,high,1.0,0.0
6715,90017,1,2,1,5,25,1,1,2,9,0,low,0.5,10.0
6716,90018,1,6,3,2,25,3,1,1,9,1,low,0.16666666666666666,25.0
6717,90019,1,1,3,0,45,1,1,4,9,0,high,1.0,6.0
6718,90020,1,2,3,2,35,1,1,1,9,0,low,0.5,14.0
6719,90021,1,1,3,0,35,1,1,1,9,0,high,1.0,29.0
6720,90022,1,2,3,0,25,1,1,1,9,1,low,0.5,10.0
6721,90023,1,2,3,0,30,3,2,2,9,2,low,0.5,11.0
6722,90024,1,2,3,0,45,5,1,1,9,0,low,0.5,11.0
6723,90025,1,1,1,0,30,1,1,1,9,0,high,1.0,24.0
6724,90026,1,2,1,0,40,2,1,1,9,1,low,0.5,9.0
6725,90027,1,2,1,2,35,1,1,1,9,0,low,0.5,18.0
6726,90028,1,3,2,8,30,1,1,1,9,1,low,0.3333333333333333,22.0
6727,90029,1,2,3,0,25,1,1,1,9,0,low,0.5,2.0
6728,90030,1,2,4,0,99,9,1,9,9,0,low,0.5,6.0
6729,90031,1,2,4,1,55,3,1,1,9,1,low,0.5,14.0
6730,90032,2,4,4,1,45,1,1,1,9,0,low,0.5,12.0
6731,90033,1,4,4,2,45,1,1,1,9,0,low,0.25,9.0
6732,90034,1,2,3,4,35,1,2,2,9,0,low,0.5,8.0
6733,90035,1,1,2,0,25,1,1,1,9,0,high,1.0,9.0
6734,90036,1,1,4,0,30,2,1,1,9,1,high,1.0,32.0
6735,90037,1,7,5,1,45,3,1,1,9,1,low,0.14285714285714285,6.0
6736,90038,1,3,2,1,55,3,1,1,9,0,low,0.3333333333333333,9.0