,ST_CASE,FATALS,PERSONS,MONTH,MAN_COLL,SP_LIMIT,LGT_COND,WEATHER,SUR_COND,STATE,DRUNK_DR,rate,rate_numerical,arrival_time
6737,90039,1,5,2,5,40,1,1,2,9,0,low,0.2,5.0
6738,90040,1,1,1,0,40,1,1,1,9,0,high,1.0,78.0
6739,90041,1,2,5,3,65,1,1,1,9,0,low,0.5,44.0
6740,90042,1,4,1,5,40,1,1,1,9,1,low,0.25,2.0
6741,90043,1,4,6,5,50,3,1,1,9,3,low,0.25,4.0
6742,90044,1,2,6,0,45,4,1,1,9,2,low,0.5,12.0
6743,90045,1,2,6,0,65,1,1,1,9,0,low,0.5,3.0
6744,90046,1,2,6,2,35,1,1,1,9,0,low,0.5,15.0
6745,90047,1,1,7,0,65,1,1,1,9,0,high,1.0,21.0
6746,90048,1,1,7,0,40,2,1,1,9,1,high,1.0,11.0
6747,90049,1,2,7,0,25,1,2,2,9,1,low,0.5,99.0
6748,90050,1,1,7,0,50,1,1,1,9,0,high,1.0,4.0
6749,90051,1,1,7,0,30,2,1,1,9,0,high,1.0,1.0
6750,90052,1,4,7,4,35,3,1,1,9,1,low,0.25,18.0
6751,90053,1,2,3,2,35,1,1,1,9,0,low,0.5,8.0
6752,90054,1,1,3,0,40,3,1,1,9,1,high,1.0,3.0
6753,90055,1,1,4,0,40,3,1,1,9,1,high,1.0,12.0
6754,90056,1,1,5,0,25,1,1,1,9,0,high,1.0,7.0
6755,90057,1,2,7,5,25,1,1,1,9,0,low,0.5,45.0
6756,90058,1,5,7,5,25,1,1,1,9,0,low,0.2,5.0
6757,90059,1,1,3,0,40,3,2,2,9,1,high,1.0,29.0
6758,90060,1,4,8,8,50,1,1,1,9,0,low,0.25,9.0
6759,90061,1,1,1,0,35,1,1,1,9,0,high,1.0,7.0
6760,90062,1,2,4,0,45,1,5,2,9,1,low,0.5,14.0
6761,90063,1,1,5,0,30,1,1,1,9,0,high,1.0,24.0
6762,90064,1,1,5,0,25,1,1,1,9,0,high,1.0,11.0
6763,90065,1,2,2,5,35,3,1,1,9,0,low,0.5,5.0
6764,90066,1,1,4,0,35,1,1,1,9,0,high,1.0,8.0
6765,90067,2,4,4,8,35,1,1,1,9,1,low,0.5,29.0
6766,90068,1,1,4,0,25,3,1,1,9,0,high,1.0,862.0
6767,90069,1,5,2,2,50,2,1,1,9,0,low,0.2,20.0
6768,90070,1,1,2,0,30,2,1,1,9,1,high,1.0,36.0
6769,90071,1,1,2,0,40,2,1,1,9,0,high,1.0,5.0
6770,90072,1,2,5,1,25,1,1,1,9,0,low,0.5,9.0
6771,90073,1,2,6,5,45,1,1,1,9,0,low,0.5,27.0
6772,90074,1,2,7,0,25,1,1,1,9,0,low,0.5,4.0
6773,90075,1,1,3,0,30,1,1,1,9,0,high,1.0,9.0
6774,90076,1,5,7,4,40,1,1,1,9,0,low,0.2,40.0
6775,90077,3,4,1,2,35,2,3,2,9,1,high,0.75,6.0
6776,90078,1,3,2,5,35,3,1,1,9,1,low,0.3333333333333333,34.0
6777,90079,1,1,1,0,55,1,1,1,9,0,high,1.0,41.0
6778,90080,1,1,1,0,40,1,1,1,9,0,high,1.0,21.0
6779,90081,2,2,2,0,35,2,1,1,9,2,high,1.0,41.0
6780,90082,1,2,2,2,50,3,1,1,9,0,low,0.5,30.0
6781,90083,1,1,2,0,25,1,1,1,9,0,high,1.0,5.0
6782,90084,1,2,2,0,40,2,1,5,9,1,low,0.5,40.0
6783,90085,2,3,2,7,40,2,1,1,9,3,high,0.6666666666666666,27.0
6784,90086,1,2,1,1,55,1,2,2,9,1,low,0.5,30.0
6785,90087,1,1,3,0,45,3,1,1,9,1,high,1.0,25.0
6786,90088,1,2,3,4,35,1,1,1,9,0,low,0.5,45.0
6787,90089,1,1,4,0,35,3,1,1,9,1,high,1.0,22.0
6788,90090,1,2,4,4,65,2,1,1,9,0,low,0.5,32.0
6789,90091,1,1,4,0,25,2,1,1,9,1,high,1.0,54.0
6790,90092,1,1,4,0,55,1,2,2,9,0,high,1.0,30.0
6791,90093,1,10,4,9,55,2,1,1,9,5,low,0.1,48.0
6792,90094,1,2,4,0,25,3,1,1,9,2,low,0.5,2.0
6793,90095,1,2,4,4,40,1,2,2,9,0,low,0.5,57.0
6794,90096,2,5,4,0,55,5,1,1,9,1,low,0.4,0.0
6795,90097,1,2,5,5,50,3,1,1,9,0,low,0.5,0.0
6796,90098,1,4,5,7,45,1,1,1,9,0,low,0.25,5.0
6797,90099,1,2,5,0,35,3,1,1,9,0,low,0.5,21.0
6798,90100,1,3,1,2,40,2,2,2,9,2,low,0.3333333333333333,55.0
6799,90101,1,2,5,1,55,3,1,2,9,0,low,0.5,30.0
6800,90102,1,2,5,0,25,2,1,1,9,0,low,0.5,17.0
6801,90103,2,2,5,0,55,3,1,1,9,2,high,1.0,0.0
6802,90104,1,1,5,0,45,1,1,1,9,0,high,1.0,0.0
6803,90105,1,1,5,0,25,2,1,1,9,1,high,1.0,108.0
6804,90106,1,2,5,2,40,3,1,1,9,1,low,0.5,59.0
6805,90107,1,1,6,0,55,2,2,2,9,0,high,1.0,12.0
6806,90108,1,1,6,0,45,2,1,1,9,1,high,1.0,11.0
6807,90109,2,4,6,0,55,2,1,1,9,1,low,0.5,44.0
6808,90110,1,1,6,0,45,1,1,1,9,0,high,1.0,13.0
6809,90111,1,2,6,0,65,1,1,1,9,1,low,0.5,12.0
6810,90112,1,3,6,5,45,1,1,1,9,0,low,0.3333333333333333,24.0
6811,90113,1,1,6,0,40,1,1,1,9,1,high,1.0,1.0
6812,90114,1,1,7,0,65,1,1,1,9,0,high,1.0,5.0
6813,90115,1,1,7,0,25,2,1,1,9,1,high,1.0,7.0
6814,90116,1,2,7,7,65,2,1,2,9,1,low,0.5,96.0
6815,90117,1,4,7,0,35,3,1,1,9,2,low,0.25,7.0
6816,90118,1,1,7,0,55,2,1,1,9,1,high,1.0,16.0
6817,90119,1,1,7,0,35,2,1,1,9,1,high,1.0,1.0
6818,90120,1,1,8,0,25,2,1,1,9,1,high,1.0,9.0
6819,90121,1,5,8,4,40,1,2,2,9,0,low,0.2,63.0
6820,90122,1,3,8,2,25,3,1,1,9,0,low,0.3333333333333333,13.0
6821,90123,1,3,8,0,65,3,1,1,9,0,low,0.3333333333333333,13.0
6822,90124,1,3,8,7,65,1,1,1,9,0,low,0.3333333333333333,1.0
6823,90125,1,2,8,0,65,1,2,2,9,0,low,0.5,17.0
6824,90126,1,5,8,4,40,1,1,1,9,0,low,0.2,7.0
6825,90127,1,2,8,0,25,1,1,1,9,0,low,0.5,9.0
6826,90128,1,2,8,0,30,1,1,1,9,0,low,0.5,8.0
6827,90129,1,2,8,0,30,2,1,1,9,1,low,0.5,26.0
6828,90130,1,2,8,0,40,1,1,1,9,0,low,0.5,5.0
6829,90131,1,2,8,0,30,1,1,1,9,2,low,0.5,10.0
6830,90132,1,2,8,2,55,2,1,1,9,1,low,0.5,3.0
6831,90133,1,2,8,0,65,5,1,1,9,2,low,0.5,16.0
6832,90134,1,2,8,0,25,3,1,1,9,1,low,0.5,3.0
6833,90135,1,1,8,0,25,2,2,2,9,1,high,1.0,3.0
6834,90136,1,1,8,0,65,1,1,1,9,0,high,1.0,9.0
6835,90137,1,6,8,7,55,1,1,1,9,1,low,0.16666666666666666,6.0
6836,90138,4,7,8,4,40,3,1,1,9,0,high,0.5714285714285714,25.0
6837,90139,1,3,8,0,65,1,1,1,9,0,low,0.3333333333333333,2.0
6838,90140,2,3,8,1,65,3,1,1,9,0,high,0.6666666666666666,7.0
6839,90141,1,5,8,0,30,2,1,1,9,5,low,0.2,4.0
6840,90142,1,2,8,5,25,1,1,1,9,0,low,0.5,2.0
6841,90143,1,5,8,1,25,3,1,1,9,0,low,0.2,13.0
6842,90144,1,1,8,0,30,1,1,5,9,0,high,1.0,95.0
6843,90145,1,2,8,0,35,1,1,1,9,0,low,0.5,19.0
6844,90146,1,5,2,5,45,3,1,2,9,0,low,0.2,3.0
6845,90147,1,4,9,5,25,1,1,1,9,1,low,0.25,10.0
6846,90148,1,2,9,2,45,1,1,1,9,0,low,0.5,42.0
6847,90149,1,2,7,0,35,3,1,1,9,2,low,0.5,2.0
6848,90150,1,4,8,3,35,1,1,1,9,0,low,0.25,14.0
6849,90151,1,1,6,0,35,1,1,1,9,0,high,1.0,17.0
6850,90152,1,1,9,0,55,2,1,1,9,1,high,1.0,5.0
6851,90153,1,2,9,0,40,3,1,1,9,0,low,0.5,8.0
6852,90154,1,1,9,0,25,3,1,1,9,1,high,1.0,6.0
6853,90155,1,1,9,0,35,5,1,1,9,0,high,1.0,0.0
6854,90156,1,1,9,0,30,2,2,2,9,1,high,1.0,7.0
6855,90157,2,3,9,4,50,1,1,1,9,0,high,0.6666666666666666,7.0
6856,90158,1,2,9,4,40,3,1,1,9,0,low,0.5,0.0
6857,90159,1,1,9,0,45,2,1,1,9,1,high,1.0,7.0
6858,90160,1,3,9,4,45,1,1,1,9,0,low,0.3333333333333333,9.0
6859,90161,1,3,9,2,40,1,1,1,9,0,low,0.3333333333333333,16.0
6860,90162,1,1,9,0,25,1,1,1,9,0,high,1.0,20.0
6861,90163,3,5,10,4,40,1,1,1,9,0,high,0.6,13.0
6862,90164,1,1,10,0,35,1,1,1,9,0,high,1.0,0.0
6863,90165,1,3,9,5,40,1,1,1,9,0,low,0.3333333333333333,16.0
6864,90166,1,2,5,5,40,1,1,1,9,1,low,0.5,9.0
6865,90167,1,3,7,2,25,1,1,1,9,0,low,0.3333333333333333,31.0
6866,90168,1,2,8,0,40,3,1,1,9,0,low,0.5,9.0
6867,90169,1,1,9,0,35,1,1,1,9,0,high,1.0,16.0
6868,90170,1,2,4,0,40,3,1,1,9,0,low,0.5,11.0
6869,90171,1,1,7,0,25,3,1,1,9,1,high,1.0,3.0
6870,90173,1,1,1,0,30,3,1,1,9,1,high,1.0,4.0
6871,90174,1,1,5,0,25,3,1,1,9,1,high,1.0,65.0
6872,90175,1,1,6,0,25,3,1,1,9,1,high,1.0,13.0
6873,90176,1,2,6,0,25,3,1,1,9,2,low,0.5,5.0
6874,90177,1,4,10,2,45,1,1,2,9,1,low,0.25,10.0
6875,90178,1,2,10,0,35,2,2,2,9,1,low,0.5,193.0
6876,90179,1,1,10,0,25,3,1,1,9,1,high,1.0,4.0
6877,90180,1,1,10,0,25,3,1,1,9,0,high,1.0,5.0
6878,90181,1,6,10,1,65,1,1,1,9,0,low,0.16666666666666666,9.0
6879,90182,1,1,10,0,50,2,1,1,9,0,high,1.0,7.0
6880,90183,1,1,6,1,25,1,1,1,9,0,high,1.0,20.0
6881,90184,1,1,5,0,55,3,1,1,9,1,high,1.0,9.0
6882,90185,1,4,6,0,55,1,1,1,9,0,low,0.25,5.0
6883,90186,1,1,9,0,40,2,2,2,9,1,high,1.0,19.0
6884,90187,1,5,10,5,40,5,1,1,9,0,low,0.2,8.0
6885,90188,1,4,10,5,25,3,1,1,9,0,low,0.25,21.0
6886,90189,1,2,11,0,35,2,1,1,9,0,low,0.5,6.0
6887,90190,3,7,11,0,50,1,1,1,9,0,low,0.42857142857142855,8.0
6888,90191,1,2,11,0,30,3,2,2,9,1,low,0.5,16.0
6889,90192,1,2,11,0,35,2,2,2,9,0,low,0.5,0.0
6890,90193,1,5,11,2,35,1,1,1,9,1,low,0.2,103.0
6891,90194,1,3,11,5,50,3,2,2,9,0,low,0.3333333333333333,12.0
6892,90195,1,2,11,0,65,3,1,1,9,0,low,0.5,2.0
6893,90196,1,4,11,0,25,3,1,2,9,0,low,0.25,16.0
6894,90197,1,5,11,0,35,1,2,2,9,0,low,0.2,2.0
6895,90198,1,2,11,0,40,2,1,1,9,1,low,0.5,4.0
6896,90199,1,2,12,0,25,5,1,1,9,0,low,0.5,4.0
6897,90200,1,3,12,0,30,3,1,1,9,0,low,0.3333333333333333,2.0
6898,90201,1,2,12,0,30,3,1,1,9,2,low,0.5,12.0
6899,90202,1,2,12,5,45,2,1,1,9,0,low,0.5,1.0
6900,90203,1,1,12,0,30,2,1,2,9,1,high,1.0,8.0
6901,90204,1,1,11,0,25,1,2,2,9,0,high,1.0,6.0
6902,90205,1,4,11,0,0,1,2,2,9,0,low,0.25,6.0
6903,90206,1,4,12,0,30,3,1,1,9,2,low,0.25,8.0
6904,90207,1,1,12,0,40,2,1,1,9,1,high,1.0,8.0
6905,90208,1,1,7,0,25,1,1,1,9,0,high,1.0,22.0
6906,90209,1,3,10,0,65,1,1,1,9,0,low,0.3333333333333333,5.0
6907,90210,1,4,12,1,45,3,1,1,9,2,low,0.25,11.0
6908,90211,1,1,12,0,25,2,1,1,9,0,high,1.0,8.0
6909,90212,1,3,12,2,30,2,1,4,9,0,low,0.3333333333333333,9.0
6910,90213,1,1,12,1,45,1,1,1,9,0,high,1.0,82.0
6911,90214,1,2,12,5,35,1,1,1,9,0,low,0.5,8.0
6912,90215,1,1,12,0,55,2,1,2,9,0,high,1.0,15.0
6913,90216,1,2,12,0,25,3,1,2,9,0,low,0.5,2.0
6914,90217,1,2,2,0,25,3,1,1,9,1,low,0.5,8.0
6915,90218,1,3,2,0,30,3,1,1,9,1,low,0.3333333333333333,6.0
6916,90219,1,3,11,0,25,1,1,1,9,0,low,0.3333333333333333,22.0
6917,90220,1,3,7,5,45,1,1,1,9,0,low,0.3333333333333333,3.0
6918,90221,1,3,10,5,30,1,1,1,9,0,low,0.3333333333333333,1.0
6919,90222,1,2,11,0,35,3,1,1,9,1,low,0.5,1.0
6920,90223,1,3,10,2,35,1,1,1,9,0,low,0.3333333333333333,7.0
6921,90224,1,2,10,0,99,3,9,1,9,0,low,0.5,4.0
6922,90225,1,1,10,0,55,3,2,2,9,0,high,1.0,2.0
6923,90226,2,3,10,0,45,1,1,2,9,0,high,0.6666666666666666,6.0
6924,90227,1,3,9,2,50,3,1,1,9,1,low,0.3333333333333333,24.0
6925,90228,1,1,9,0,50,3,1,1,9,1,high,1.0,18.0
6926,90229,1,2,9,7,45,1,1,1,9,2,low,0.5,5.0
6927,90230,1,3,9,1,65,2,1,1,9,0,low,0.3333333333333333,5.0
6928,90231,1,2,9,0,65,1,1,1,9,0,low,0.5,4.0
6929,90232,2,4,10,0,65,1,1,1,9,0,low,0.5,11.0
6930,90233,1,2,11,7,65,1,1,1,9,0,low,0.5,19.0
6931,90234,2,2,11,0,55,9,9,9,9,2,high,1.0,9.0
6932,90235,1,1,11,0,25,2,1,1,9,1,high,1.0,11.0
6933,90236,1,1,11,0,65,1,1,1,9,0,high,1.0,12.0
6934,90237,2,5,12,99,50,3,4,3,9,0,low,0.4,4.0
6935,90238,1,1,12,0,35,2,1,2,9,1,high,1.0,11.0
6936,90239,1,2,12,1,55,3,1,2,9,1,low,0.5,6.0
6937,90240,1,5,1,0,99,3,1,1,9,0,low,0.2,17.0
6938,90241,1,4,8,0,25,3,1,1,9,1,low,0.25,5.0
6939,90242,1,2,10,0,25,1,1,1,9,0,low,0.5,11.0
6940,90243,1,1,9,0,45,2,1,1,9,1,high,1.0,5.0
6941,90244,1,3,9,0,55,2,1,1,9,1,low,0.3333333333333333,10.0
6942,90245,2,3,9,1,55,3,1,1,9,0,high,0.6666666666666666,5.0
6943,90246,1,8,11,0,55,1,1,1,9,0,low,0.125,13.0
6944,90247,1,3,9,0,65,2,1,1,9,1,low,0.3333333333333333,2.0
6945,90248,1,2,11,2,25,3,5,2,9,1,low,0.5,18.0
6946,90249,1,1,9,0,25,3,1,1,9,0,high,1.0,10.0
6947,90250,1,2,7,0,30,2,5,2,9,1,low,0.5,8.0
6948,90251,1,1,9,0,30,3,1,1,9,1,high,1.0,26.0
6949,90252,1,2,10,2,45,1,1,1,9,0,low,0.5,108.0
6950,90253,1,8,5,5,40,1,1,1,9,0,low,0.125,11.0
6951,100001,1,1,1,0,50,2,1,1,10,0,high,1.0,12.0
6952,100002,1,3,1,0,50,2,1,1,10,0,low,0.3333333333333333,8.0
6953,100003,1,2,1,0,45,1,1,1,10,0,low,0.5,13.0
6954,100004,1,2,1,0,30,1,1,1,10,0,low,0.5,3.0
6955,100005,2,3,1,5,55,1,1,1,10,0,high,0.6666666666666666,19.0
6956,100006,1,4,1,0,50,2,1,1,10,0,low,0.25,40.0
6957,100007,1,2,1,0,45,2,1,1,10,0,low,0.5,25.0
6958,100008,1,1,1,0,35,2,1,1,10,1,high,1.0,42.0
6959,100009,1,1,1,0,50,2,1,1,10,1,high,1.0,18.0
6960,100010,1,1,1,0,50,1,1,1,10,0,high,1.0,8.0
6961,100011,1,2,1,4,50,3,1,1,10,0,low,0.5,5.0
6962,100012,1,2,2,4,40,2,3,2,10,1,low,0.5,17.0
6963,100013,1,2,2,4,50,2,1,1,10,0,low,0.5,10.0
6964,100014,1,2,2,7,50,2,1,1,10,1,low,0.5,8.0
6965,100015,2,4,2,0,40,2,1,1,10,1,low,0.5,20.0
6966,100016,2,3,2,0,45,2,1,1,10,2,high,0.6666666666666666,24.0
6967,100017,1,1,2,0,50,2,1,1,10,1,high,1.0,10.0
6968,100018,1,4,2,4,40,1,1,1,10,0,low,0.25,26.0
6969,100019,1,3,2,4,50,2,1,1,10,0,low,0.3333333333333333,4.0
6970,100021,2,2,2,0,50,1,3,4,10,0,high,1.0,9.0
6971,100022,1,1,2,0,50,2,1,1,10,1,high,1.0,5.0
6972,100023,1,2,2,2,50,2,1,1,10,1,low,0.5,26.0
6973,100024,1,2,2,0,50,2,1,1,10,1,low,0.5,5.0
6974,100025,1,2,2,4,50,1,3,3,10,0,low,0.5,1.0
6975,100026,1,2,2,0,45,2,1,1,10,1,low,0.5,10.0
6976,100027,1,2,2,1,65,2,1,1,10,0,low,0.5,9.0
6977,100028,1,4,3,4,50,2,1,1,10,1,low,0.25,13.0
6978,100029,1,2,3,4,40,2,1,1,10,1,low,0.5,13.0
6979,100030,1,4,3,4,50,2,1,1,10,1,low,0.25,6.0
6980,100031,1,1,3,0,50,2,1,1,10,0,high,1.0,6.0
6981,100032,1,7,3,4,50,2,1,2,10,0,low,0.14285714285714285,16.0
6982,100033,3,3,3,2,50,2,1,1,10,2,high,1.0,0.0
6983,100034,1,5,3,8,50,1,1,1,10,0,low,0.2,11.0
6984,100035,1,3,3,2,45,1,1,1,10,0,low,0.3333333333333333,9.0
6985,100036,1,2,3,1,55,1,1,1,10,0,low,0.5,20.0
6986,100037,1,1,4,0,55,2,1,1,10,1,high,1.0,5.0
6987,100038,1,1,4,0,40,3,1,1,10,1,high,1.0,2.0
6988,100039,1,1,4,0,45,3,2,2,10,1,high,1.0,2.0
6989,100040,2,2,4,0,35,1,1,1,10,1,high,1.0,2.0
6990,100041,1,1,5,0,35,1,1,1,10,0,high,1.0,6.0
6991,100042,1,1,5,0,25,3,1,1,10,1,high,1.0,16.0
6992,100043,1,1,5,0,55,3,2,2,10,1,high,1.0,13.0
6993,100044,1,1,5,0,50,1,1,1,10,0,high,1.0,22.0
6994,100045,1,2,5,4,45,1,1,1,10,0,low,0.5,8.0
6995,100046,1,6,5,4,55,1,1,1,10,0,low,0.16666666666666666,16.0
6996,100047,1,2,5,0,50,2,1,1,10,1,low,0.5,3.0
6997,100048,1,4,5,4,55,1,1,1,10,0,low,0.25,10.0
6998,100049,1,1,5,0,20,2,1,1,10,1,high,1.0,16.0
6999,100050,1,1,6,0,50,1,1,1,10,0,high,1.0,8.0
7000,100051,1,4,6,0,50,1,1,1,10,0,low,0.25,9.0
7001,100052,1,2,6,0,50,1,1,1,10,0,low,0.5,11.0
7002,100053,1,5,6,0,55,1,1,1,10,0,low,0.2,5.0
7003,100054,1,2,6,0,55,1,1,1,10,0,low,0.5,11.0
7004,100055,1,1,7,0,45,1,1,1,10,1,high,1.0,17.0
7005,100056,1,2,7,0,50,2,1,1,10,1,low,0.5,3.0
7006,100057,1,1,7,0,40,1,1,1,10,0,high,1.0,9.0
7007,100058,1,2,7,5,35,1,1,1,10,0,low,0.5,9.0
7008,100059,1,3,7,4,50,1,1,1,10,0,low,0.3333333333333333,2.0
7009,100060,2,4,7,0,50,2,1,1,10,0,low,0.5,1.0
7010,100061,1,6,7,2,55,1,1,1,10,0,low,0.16666666666666666,7.0
7011,100062,1,1,7,0,45,5,1,1,10,1,high,1.0,15.0
7012,100063,1,2,7,0,55,1,1,1,10,0,low,0.5,5.0
7013,100064,1,5,7,4,55,1,1,1,10,0,low,0.2,1.0
7014,100065,1,2,7,1,45,1,1,1,10,0,low,0.5,9.0
7015,100066,1,3,8,0,55,2,1,1,10,1,low,0.3333333333333333,7.0
7016,100067,1,4,7,0,50,2,1,1,10,1,low,0.25,49.0
7017,100068,1,2,8,2,50,2,1,1,10,1,low,0.5,7.0
7018,100069,1,4,8,0,55,2,1,1,10,0,low,0.25,7.0
7019,100070,1,1,8,0,50,1,1,1,10,1,high,1.0,5.0
7020,100071,1,4,8,0,55,1,1,1,10,1,low,0.25,8.0
7021,100072,1,18,8,1,55,3,1,1,10,0,low,0.05555555555555555,11.0
7022,100073,1,1,9,0,50,1,1,1,10,1,high,1.0,10.0
7023,100074,1,10,9,4,45,1,1,2,10,0,low,0.1,8.0
7024,100075,1,3,9,0,55,2,1,1,10,0,low,0.3333333333333333,18.0
7025,100076,1,2,9,0,50,1,1,1,10,1,low,0.5,45.0
7026,100077,1,4,9,2,50,2,1,1,10,1,low,0.25,45.0
7027,100078,2,3,9,4,45,2,1,1,10,1,high,0.6666666666666666,7.0
7028,100079,1,1,10,0,50,1,1,1,10,0,high,1.0,15.0
7029,100080,1,5,10,4,50,1,1,1,10,0,low,0.2,2.0
7030,100081,1,1,10,0,55,4,5,1,10,0,high,1.0,13.0
7031,100082,1,3,10,0,55,2,5,1,10,1,low,0.3333333333333333,5.0
7032,100083,1,4,10,1,55,3,1,1,10,1,low,0.25,4.0
7033,100084,1,2,10,4,40,2,1,1,10,0,low,0.5,9.0
7034,100085,1,1,10,0,65,4,2,2,10,0,high,1.0,87.0
7035,100086,1,3,10,4,50,2,1,1,10,1,low,0.3333333333333333,1.0
7036,100087,1,2,10,0,50,2,2,2,10,2,low,0.5,8.0
7037,100088,4,5,10,4,50,2,1,1,10,1,high,0.8,1.0
7038,100089,1,1,11,0,25,1,1,1,10,0,high,1.0,49.0
7039,100090,1,2,11,2,50,2,1,1,10,0,low,0.5,42.0
7040,100091,1,2,11,2,50,1,1,1,10,0,low,0.5,15.0
7041,100092,1,2,11,4,50,1,1,1,10,0,low,0.5,1.0
7042,100093,1,1,9,0,35,1,1,1,10,0,high,1.0,14.0
7043,100094,1,2,10,4,55,1,1,1,10,0,low,0.5,8.0
7044,100095,1,3,11,0,50,2,2,2,10,0,low,0.3333333333333333,9.0
7045,100096,1,2,11,0,50,2,1,1,10,1,low,0.5,1.0
7046,100097,1,2,11,0,45,3,1,1,10,2,low,0.5,10.0
7047,100098,1,3,11,0,55,2,1,1,10,1,low,0.3333333333333333,20.0
7048,100099,1,2,11,0,35,2,1,1,10,1,low,0.5,10.0
7049,100100,1,1,11,0,45,1,1,1,10,0,high,1.0,0.0
7050,100101,1,1,12,0,50,2,2,2,10,1,high,1.0,9.0
7051,100102,1,6,11,2,50,2,1,1,10,1,low,0.16666666666666666,15.0
7052,100103,1,1,12,0,50,1,4,3,10,0,high,1.0,10.0
7053,100104,1,2,12,0,25,3,2,2,10,0,low,0.5,3.0
7054,100105,1,3,12,2,50,2,1,2,10,0,low,0.3333333333333333,18.0
7055,100106,1,1,12,0,50,1,1,1,10,0,high,1.0,8.0
7056,110001,1,2,1,0,25,3,1,1,11,0,low,0.5,9.0
7057,110002,1,2,2,0,45,1,1,1,11,0,low,0.5,10.0
7058,110003,1,2,2,0,25,1,1,1,11,0,low,0.5,11.0
7059,110004,1,3,2,0,35,3,1,1,11,1,low,0.3333333333333333,4.0
7060,110005,1,2,2,5,25,1,1,1,11,0,low,0.5,1.0
7061,110006,2,3,2,0,25,3,1,1,11,0,high,0.6666666666666666,19.0
7062,110007,1,2,2,2,25,3,1,1,11,1,low,0.5,18.0
7063,110008,1,2,2,0,25,3,1,1,11,1,low,0.5,14.0
7064,110009,2,7,3,1,35,3,1,1,11,0,low,0.2857142857142857,4.0
7065,110010,4,4,3,5,30,3,1,1,11,3,high,1.0,3.0
7066,110011,1,2,4,0,25,3,1,1,11,0,low,0.5,12.0
7067,110012,1,2,4,0,25,1,1,1,11,0,low,0.5,11.0
7068,110013,1,2,4,0,25,3,1,1,11,0,low,0.5,4.0
7069,110014,1,3,5,0,25,3,1,1,11,0,low,0.3333333333333333,52.0
7070,110015,2,2,7,0,50,3,1,1,11,0,high,1.0,7.0
7071,110016,1,2,7,0,25,1,1,1,11,1,low,0.5,6.0
7072,110017,1,3,7,0,25,3,1,1,11,1,low,0.3333333333333333,11.0
7073,110018,1,1,7,0,25,3,1,1,11,0,high,1.0,9.0
7074,110019,1,1,7,0,25,1,1,1,11,1,high,1.0,7.0
7075,110020,1,3,7,5,30,3,1,1,11,1,low,0.3333333333333333,19.0
7076,110021,3,5,8,5,30,3,1,1,11,3,high,0.6,27.0
7077,110022,1,3,8,0,30,1,1,1,11,0,low,0.3333333333333333,2.0
7078,110023,1,2,8,0,25,3,1,1,11,1,low,0.5,12.0
7079,110024,1,2,8,0,25,1,1,1,11,0,low,0.5,9.0
7080,110025,1,4,8,5,25,3,1,1,11,0,low,0.25,7.0
7081,110026,1,3,9,0,25,1,1,1,11,1,low,0.3333333333333333,11.0
7082,110027,1,2,8,0,25,3,1,1,11,1,low,0.5,7.0
7083,110028,1,2,9,0,30,1,1,1,11,1,low,0.5,2.0
7084,110029,1,2,9,0,25,1,1,1,11,0,low,0.5,5.0
7085,110030,1,5,10,5,25,3,1,1,11,0,low,0.2,4.0
7086,110031,1,2,10,0,25,3,1,1,11,0,low,0.5,15.0
7087,110032,1,1,10,0,50,3,1,1,11,0,high,1.0,15.0
7088,110033,1,2,11,0,30,3,1,1,11,0,low,0.5,10.0
7089,110034,1,2,11,0,25,3,1,1,11,1,low,0.5,12.0
7090,110035,1,6,12,0,30,1,1,1,11,0,low,0.16666666666666666,7.0
7091,110036,1,1,12,0,50,3,1,1,11,0,high,1.0,18.0
7092,120001,1,2,1,0,70,3,1,1,12,0,low,0.5,2.0
7093,120002,1,1,1,0,30,4,1,9,12,0,high,1.0,27.0
7094,120003,1,2,1,0,25,3,1,1,12,0,low,0.5,13.0
7095,120004,1,2,1,0,55,2,1,1,12,1,low,0.5,13.0
7096,120005,1,2,1,0,99,2,1,1,12,0,low,0.5,14.0
7097,120006,1,2,1,0,45,2,1,1,12,0,low,0.5,23.0
7098,120008,1,1,1,0,30,2,2,2,12,0,high,1.0,5.0
7099,120009,3,4,1,5,35,3,1,1,12,1,high,0.75,4.0
7100,120010,1,4,1,0,70,2,2,2,12,0,low,0.25,12.0
7101,120011,1,2,1,5,55,3,1,1,12,0,low,0.5,0.0
7102,120012,1,2,1,0,45,3,1,1,12,0,low,0.5,11.0
7103,120013,1,1,1,0,45,3,1,1,12,1,high,1.0,53.0
7104,120014,1,4,1,6,55,2,2,2,12,0,low,0.25,10.0
7105,120015,1,3,1,0,25,1,1,1,12,0,low,0.3333333333333333,0.0
7106,120016,3,3,1,1,30,3,1,1,12,2,high,1.0,14.0
7107,120017,3,11,1,6,40,3,1,1,12,1,low,0.2727272727272727,3.0
7108,120018,1,2,1,2,45,3,1,1,12,0,low,0.5,3.0
7109,120019,1,1,1,0,55,2,2,2,12,1,high,1.0,15.0
7110,120020,1,3,1,0,30,3,1,1,12,0,low,0.3333333333333333,6.0
7111,120021,1,2,1,0,45,3,1,1,12,1,low,0.5,60.0
7112,120022,1,3,1,0,45,3,1,1,12,0,low,0.3333333333333333,8.0
7113,120023,1,2,1,0,45,4,1,2,12,1,low,0.5,12.0
7114,120024,1,3,1,0,70,1,1,1,12,1,low,0.3333333333333333,12.0
7115,120025,1,1,1,0,60,2,1,1,12,0,high,1.0,3.0
7116,120026,1,1,1,0,65,1,2,2,12,0,high,1.0,12.0
7117,120027,1,3,1,1,55,3,1,1,12,1,low,0.3333333333333333,14.0
7118,120028,1,2,1,5,60,5,2,2,12,0,low,0.5,5.0
7119,120029,1,2,1,0,30,1,1,1,12,0,low,0.5,3.0
7120,120030,2,2,1,0,45,5,1,1,12,0,high,1.0,8.0
7121,120031,1,2,1,0,65,3,1,1,12,0,low,0.5,15.0
7122,120032,1,1,1,0,55,1,1,1,12,0,high,1.0,6.0
7123,120033,1,3,1,1,50,3,1,1,12,0,low,0.3333333333333333,2.0
7124,120034,1,2,1,0,25,5,1,1,12,0,low,0.5,17.0
7125,120035,1,3,1,2,40,1,1,1,12,0,low,0.3333333333333333,21.0
7126,120036,1,5,1,5,45,3,1,1,12,1,low,0.2,5.0
7127,120037,1,3,1,6,45,3,1,1,12,0,low,0.3333333333333333,52.0