,ST_CASE,FATALS,PERSONS,MONTH,MAN_COLL,SP_LIMIT,LGT_COND,WEATHER,SUR_COND,STATE,DRUNK_DR,rate,rate_numerical,arrival_time
8270,121209,1,3,1,0,35,3,1,1,12,1,low,0.3333333333333333,33.0
8271,121210,1,2,1,0,40,1,1,1,12,1,low,0.5,26.0
8272,121211,1,2,1,5,30,1,1,1,12,0,low,0.5,22.0
8273,121212,1,2,1,1,55,3,1,1,12,0,low,0.5,897.0
8274,121213,1,5,1,5,40,1,1,1,12,0,low,0.2,8.0
8275,121214,1,2,1,0,35,3,2,2,12,1,low,0.5,15.0
8276,121215,1,2,1,2,45,4,1,1,12,0,low,0.5,12.0
8277,121216,1,1,1,0,35,1,1,1,12,0,high,1.0,5.0
8278,121217,1,2,1,7,25,3,1,1,12,0,low,0.5,4.0
8279,121218,1,2,1,0,65,1,1,1,12,0,low,0.5,6.0
8280,121219,1,2,1,0,35,1,1,1,12,0,low,0.5,13.0
8281,121220,1,4,1,0,40,2,1,2,12,0,low,0.25,16.0
8282,121221,1,2,1,0,45,1,1,1,12,0,low,0.5,42.0
8283,121222,1,4,1,0,45,3,1,1,12,0,low,0.25,0.0
8284,121223,1,2,1,0,45,3,1,1,12,1,low,0.5,6.0
8285,121224,1,3,1,1,45,3,1,1,12,0,low,0.3333333333333333,13.0
8286,121225,1,2,1,0,45,3,1,1,12,0,low,0.5,10.0
8287,121226,3,8,1,0,45,1,1,1,12,1,low,0.375,14.0
8288,121227,1,2,1,0,25,1,1,1,12,0,low,0.5,22.0
8289,121228,1,5,1,1,40,1,1,1,12,0,low,0.2,5.0
8290,121229,1,2,1,1,65,1,1,1,12,0,low,0.5,17.0
8291,121230,1,6,1,5,45,3,1,1,12,0,low,0.16666666666666666,10.0
8292,121231,1,2,2,0,15,1,2,2,12,0,low,0.5,50.0
8293,121232,1,7,2,2,35,1,1,1,12,0,low,0.14285714285714285,19.0
8294,121233,3,3,2,0,45,4,2,2,12,0,high,1.0,35.0
8295,121234,1,5,2,2,35,3,2,2,12,0,low,0.2,41.0
8296,121235,1,2,2,5,40,1,1,1,12,0,low,0.5,336.0
8297,121236,1,2,2,0,30,1,1,1,12,0,low,0.5,37.0
8298,121237,1,2,2,0,35,3,1,1,12,0,low,0.5,12.0
8299,121238,1,2,2,0,40,1,1,2,12,0,low,0.5,26.0
8300,121239,1,2,2,0,30,5,1,1,12,0,low,0.5,7.0
8301,121240,1,4,2,2,55,3,1,1,12,0,low,0.25,5.0
8302,121241,1,4,2,5,40,1,1,1,12,0,low,0.25,15.0
8303,121242,1,2,2,5,45,3,1,2,12,0,low,0.5,21.0
8304,121243,1,2,2,0,45,3,1,1,12,0,low,0.5,8.0
8305,121244,1,3,2,5,25,1,2,2,12,0,low,0.3333333333333333,7.0
8306,121245,1,4,8,5,35,1,1,1,12,0,low,0.25,6.0
8307,121246,1,2,2,0,35,3,1,1,12,0,low,0.5,10.0
8308,121247,1,6,2,5,30,1,1,1,12,0,low,0.16666666666666666,27.0
8309,121248,1,3,2,8,60,4,5,1,12,0,low,0.3333333333333333,16.0
8310,121249,1,4,2,5,35,3,2,2,12,0,low,0.25,4.0
8311,121250,1,3,2,0,40,2,1,1,12,0,low,0.3333333333333333,7.0
8312,121251,1,2,2,0,15,1,2,2,12,0,low,0.5,18.0
8313,121252,1,3,2,0,40,1,1,1,12,0,low,0.3333333333333333,18.0
8314,121253,1,3,2,5,45,1,1,1,12,0,low,0.3333333333333333,16.0
8315,121254,1,2,2,2,45,3,1,1,12,0,low,0.5,21.0
8316,121255,1,2,2,5,40,1,1,1,12,1,low,0.5,10.0
8317,121257,1,2,2,5,45,1,1,1,12,0,low,0.5,10.0
8318,121258,1,1,2,0,50,3,1,1,12,0,high,1.0,21.0
8319,121259,1,2,2,1,70,1,1,1,12,0,low,0.5,7.0
8320,121260,1,2,1,0,55,2,1,1,12,0,low,0.5,8.0
8321,121261,1,2,3,0,30,3,1,1,12,0,low,0.5,20.0
8322,121262,1,2,3,0,50,3,2,2,12,0,low,0.5,3.0
8323,121263,1,2,3,6,60,9,1,1,12,0,low,0.5,7.0
8324,121264,1,3,3,0,35,3,1,1,12,1,low,0.3333333333333333,3.0
8325,121265,1,4,3,6,30,3,1,1,12,0,low,0.25,18.0
8326,121266,1,2,3,5,55,1,1,1,12,0,low,0.5,5.0
8327,121267,1,3,3,0,25,3,1,1,12,0,low,0.3333333333333333,10.0
8328,121268,1,1,3,0,65,1,1,1,12,1,high,1.0,17.0
8329,121269,1,3,3,5,45,1,1,1,12,0,low,0.3333333333333333,4.0
8330,121270,1,2,3,0,30,2,1,1,12,0,low,0.5,23.0
8331,121271,1,3,3,5,45,1,1,1,12,0,low,0.3333333333333333,6.0
8332,121272,1,3,3,2,40,1,1,1,12,0,low,0.3333333333333333,6.0
8333,121273,1,2,3,3,65,3,1,1,12,0,low,0.5,10.0
8334,121274,1,8,3,1,35,2,1,1,12,1,low,0.125,12.0
8335,121275,1,4,3,5,35,1,1,1,12,0,low,0.25,23.0
8336,121276,1,3,3,5,30,1,1,2,12,0,low,0.3333333333333333,10.0
8337,121277,1,3,3,0,45,1,1,1,12,0,low,0.3333333333333333,15.0
8338,121278,1,2,3,0,40,3,1,1,12,1,low,0.5,24.0
8339,121279,1,1,3,0,30,4,1,1,12,0,high,1.0,2.0
8340,121280,1,2,6,5,35,1,1,1,12,0,low,0.5,15.0
8341,121281,1,3,3,0,40,3,1,1,12,0,low,0.3333333333333333,23.0
8342,121282,1,2,3,0,35,3,2,2,12,1,low,0.5,20.0
8343,121283,1,2,3,0,45,2,1,1,12,0,low,0.5,22.0
8344,121284,1,2,3,0,35,1,1,1,12,0,low,0.5,12.0
8345,121285,1,3,3,0,25,2,1,1,12,1,low,0.3333333333333333,9.0
8346,121286,1,3,3,0,35,3,1,1,12,0,low,0.3333333333333333,4.0
8347,121287,1,4,3,5,35,3,1,1,12,1,low,0.25,58.0
8348,121288,1,3,3,5,55,1,1,1,12,0,low,0.3333333333333333,3.0
8349,121289,1,2,3,5,45,1,1,1,12,0,low,0.5,13.0
8350,121290,1,2,3,0,45,2,2,2,12,1,low,0.5,3.0
8351,121291,1,1,4,0,25,1,1,1,12,0,high,1.0,3.0
8352,121292,1,4,4,5,30,3,1,1,12,1,low,0.25,3.0
8353,121293,1,1,4,0,45,3,1,1,12,0,high,1.0,6.0
8354,121294,1,3,5,5,55,3,1,1,12,0,low,0.3333333333333333,18.0
8355,121295,1,6,6,7,45,1,2,2,12,0,low,0.16666666666666666,56.0
8356,121296,1,2,6,0,70,1,1,1,12,0,low,0.5,4.0
8357,121297,1,1,6,0,55,2,1,1,12,0,high,1.0,299.0
8358,121298,1,6,6,1,45,1,1,1,12,0,low,0.16666666666666666,34.0
8359,121299,1,2,6,3,35,3,1,1,12,1,low,0.5,8.0
8360,121300,1,3,6,1,65,3,1,1,12,1,low,0.3333333333333333,22.0
8361,121301,1,8,6,0,70,2,1,1,12,0,low,0.125,12.0
8362,121302,1,3,6,5,45,1,1,1,12,0,low,0.3333333333333333,8.0
8363,121303,2,5,6,2,65,1,1,1,12,1,low,0.4,8.0
8364,121304,1,6,7,1,70,2,2,2,12,1,low,0.16666666666666666,14.0
8365,121305,1,4,7,5,45,1,1,1,12,0,low,0.25,8.0
8366,121306,1,2,7,5,40,1,1,1,12,0,low,0.5,12.0
8367,121307,1,3,7,0,35,3,1,1,12,0,low,0.3333333333333333,23.0
8368,121308,1,3,7,1,45,1,1,1,12,0,low,0.3333333333333333,15.0
8369,121309,1,1,7,0,55,1,1,1,12,0,high,1.0,12.0
8370,121310,1,2,7,0,45,2,1,1,12,0,low,0.5,15.0
8371,121311,1,1,7,0,55,1,1,1,12,1,high,1.0,30.0
8372,121312,1,2,7,0,35,3,1,1,12,0,low,0.5,22.0
8373,121313,2,6,7,7,70,1,1,1,12,1,low,0.3333333333333333,16.0
8374,121314,1,1,7,0,35,2,1,1,12,0,high,1.0,12.0
8375,121315,1,4,7,0,70,1,1,1,12,0,low,0.25,17.0
8376,121316,1,3,7,5,40,1,1,1,12,0,low,0.3333333333333333,8.0
8377,121317,1,2,3,0,35,1,1,1,12,0,low,0.5,12.0
8378,121318,1,1,6,0,55,1,1,1,12,1,high,1.0,6.0
8379,121319,1,3,4,0,65,1,1,1,12,1,low,0.3333333333333333,5.0
8380,121320,1,1,4,0,35,2,1,1,12,1,high,1.0,9.0
8381,121321,2,7,4,8,55,1,1,1,12,0,low,0.2857142857142857,10.0
8382,121322,1,3,4,6,65,1,1,1,12,0,low,0.3333333333333333,12.0
8383,121323,1,2,5,0,30,2,1,1,12,0,low,0.5,12.0
8384,121324,1,2,5,0,45,2,1,1,12,1,low,0.5,17.0
8385,121325,1,3,5,6,55,1,1,1,12,0,low,0.3333333333333333,33.0
8386,121326,1,5,6,1,65,2,1,1,12,1,low,0.2,12.0
8387,121327,1,4,6,5,25,1,1,1,12,0,low,0.25,12.0
8388,121328,1,3,6,2,55,2,1,1,12,1,low,0.3333333333333333,6.0
8389,121329,1,4,6,5,45,1,1,1,12,1,low,0.25,8.0
8390,121330,1,2,7,2,65,3,1,1,12,1,low,0.5,13.0
8391,121331,1,3,7,5,5,2,1,1,12,1,low,0.3333333333333333,4.0
8392,121332,1,2,7,0,55,2,1,1,12,1,low,0.5,5.0
8393,121333,1,1,7,0,55,1,1,1,12,0,high,1.0,24.0
8394,121334,1,2,7,5,25,1,1,1,12,0,low,0.5,26.0
8395,121335,1,2,7,0,45,2,1,1,12,1,low,0.5,13.0
8396,121336,2,5,7,5,45,1,1,1,12,0,low,0.4,10.0
8397,121337,1,4,7,5,35,3,1,1,12,0,low,0.25,5.0
8398,121338,1,2,7,0,45,3,1,1,12,0,low,0.5,1.0
8399,121339,1,1,7,0,35,1,1,2,12,0,high,1.0,7.0
8400,121340,1,1,7,0,25,3,1,1,12,0,high,1.0,10.0
8401,121341,1,2,7,0,30,2,1,1,12,1,low,0.5,12.0
8402,121342,1,2,7,0,70,1,2,2,12,0,low,0.5,11.0
8403,121343,1,2,2,0,50,1,1,1,12,0,low,0.5,18.0
8404,121344,1,4,3,0,45,2,1,1,12,1,low,0.25,13.0
8405,121345,1,3,4,1,45,1,1,1,12,0,low,0.3333333333333333,11.0
8406,121346,1,1,4,0,55,2,1,1,12,0,high,1.0,4.0
8407,121347,1,2,4,0,40,3,1,1,12,1,low,0.5,4.0
8408,121348,1,2,5,5,35,1,1,1,12,0,low,0.5,7.0
8409,121349,2,2,6,0,25,1,1,1,12,0,high,1.0,13.0
8410,121350,1,3,6,4,35,3,1,1,12,0,low,0.3333333333333333,9.0
8411,121351,1,2,6,0,35,3,1,1,12,1,low,0.5,4.0
8412,121352,3,5,6,5,35,3,1,1,12,0,high,0.6,23.0
8413,121353,1,3,6,0,30,3,1,1,12,0,low,0.3333333333333333,12.0
8414,121354,1,1,3,0,35,3,1,1,12,0,high,1.0,5.0
8415,121355,1,2,3,0,70,2,1,1,12,0,low,0.5,50.0
8416,121356,1,5,4,5,40,3,1,1,12,1,low,0.2,9.0
8417,121357,1,1,7,0,60,2,1,1,12,1,high,1.0,16.0
8418,121358,1,4,7,7,55,1,1,1,12,0,low,0.25,10.0
8419,121359,1,2,7,0,45,2,2,2,12,1,low,0.5,20.0
8420,121360,1,4,7,6,45,1,1,1,12,0,low,0.25,6.0
8421,121361,1,3,7,5,40,1,1,1,12,0,low,0.3333333333333333,10.0
8422,121362,1,2,7,99,30,1,1,1,12,0,low,0.5,18.0
8423,121363,1,2,7,0,55,2,1,1,12,0,low,0.5,23.0
8424,121364,1,3,7,0,70,1,1,1,12,0,low,0.3333333333333333,15.0
8425,121365,2,2,7,0,55,2,2,2,12,1,high,1.0,14.0
8426,121366,1,1,7,2,30,1,1,1,12,1,high,1.0,19.0
8427,121367,1,3,7,0,45,2,1,1,12,1,low,0.3333333333333333,15.0
8428,121368,1,2,7,0,65,5,1,1,12,0,low,0.5,21.0
8429,121369,1,3,7,0,55,2,1,1,12,0,low,0.3333333333333333,13.0
8430,121370,1,9,7,1,70,1,1,1,12,0,low,0.1111111111111111,26.0
8431,121371,2,2,7,0,70,1,1,1,12,0,high,1.0,36.0
8432,121372,1,5,7,0,70,1,1,1,12,0,low,0.2,7.0
8433,121373,1,3,7,0,65,2,1,1,12,1,low,0.3333333333333333,15.0
8434,121374,2,4,7,2,70,2,1,1,12,1,low,0.5,22.0
8435,121375,1,3,7,5,55,3,1,1,12,1,low,0.3333333333333333,7.0
8436,121376,1,2,7,0,15,1,1,1,12,0,low,0.5,15.0
8437,121377,1,1,7,0,30,1,1,1,12,0,high,1.0,9.0
8438,121378,1,2,7,0,45,3,1,1,12,0,low,0.5,15.0
8439,121379,1,1,7,0,45,2,2,2,12,0,high,1.0,7.0
8440,121380,1,2,7,0,45,4,1,2,12,0,low,0.5,6.0
8441,121381,1,2,1,0,45,3,1,1,12,2,low,0.5,17.0
8442,121382,1,1,6,0,50,3,1,1,12,1,high,1.0,10.0
8443,121383,5,5,6,2,60,2,1,1,12,0,high,1.0,17.0
8444,121384,1,2,7,0,30,3,1,1,12,0,low,0.5,49.0
8445,121385,1,3,7,0,70,1,1,1,12,0,low,0.3333333333333333,13.0
8446,121386,1,2,7,0,45,5,1,1,12,0,low,0.5,6.0
8447,121387,1,2,7,0,70,2,1,2,12,1,low,0.5,17.0
8448,121388,1,2,7,1,70,3,1,1,12,0,low,0.5,3.0
8449,121389,1,7,7,0,45,1,1,2,12,1,low,0.14285714285714285,5.0
8450,121390,1,1,7,0,45,1,1,1,12,0,high,1.0,12.0
8451,121391,1,1,7,0,35,3,1,1,12,1,high,1.0,4.0
8452,121392,1,3,7,5,45,1,2,2,12,0,low,0.3333333333333333,9.0
8453,121393,1,1,7,0,40,1,1,1,12,1,high,1.0,15.0
8454,121394,1,2,7,7,45,3,1,1,12,1,low,0.5,23.0
8455,121395,1,4,7,6,45,1,1,1,12,0,low,0.25,9.0
8456,121396,1,2,7,0,99,3,1,1,12,1,low,0.5,5.0
8457,121397,1,1,7,0,45,2,1,1,12,1,high,1.0,17.0
8458,121398,1,1,7,0,55,2,1,1,12,1,high,1.0,6.0
8459,121399,1,2,7,0,35,2,1,1,12,0,low,0.5,9.0
8460,121400,1,3,7,0,30,2,1,1,12,0,low,0.3333333333333333,5.0
8461,121401,1,2,7,6,55,1,1,1,12,0,low,0.5,11.0
8462,121402,1,4,7,1,45,1,1,1,12,0,low,0.25,18.0
8463,121403,1,2,7,2,40,1,1,1,12,0,low,0.5,5.0
8464,121404,1,2,7,0,35,3,1,1,12,1,low,0.5,16.0
8465,121405,1,3,7,0,55,9,9,9,12,1,low,0.3333333333333333,9.0
8466,121406,1,2,7,0,30,3,1,1,12,0,low,0.5,12.0
8467,121407,1,1,8,0,30,1,1,1,12,0,high,1.0,7.0
8468,121408,1,2,3,5,55,3,1,1,12,0,low,0.5,28.0
8469,121409,1,2,4,0,35,1,1,1,12,1,low,0.5,19.0
8470,121410,1,1,5,0,55,3,1,1,12,0,high,1.0,17.0
8471,121411,1,1,5,0,65,1,1,1,12,0,high,1.0,12.0
8472,121412,1,3,5,5,30,3,1,1,12,0,low,0.3333333333333333,14.0
8473,121413,1,1,5,0,55,2,2,2,12,1,high,1.0,8.0
8474,121414,1,2,6,0,30,1,1,1,12,0,low,0.5,11.0
8475,121415,1,2,6,0,45,2,1,1,12,0,low,0.5,8.0
8476,121416,1,2,6,5,55,1,1,1,12,0,low,0.5,13.0
8477,121417,1,1,6,0,45,3,2,2,12,0,high,1.0,48.0
8478,121418,1,2,6,5,55,2,1,1,12,0,low,0.5,2.0
8479,121419,1,2,6,1,45,3,1,1,12,1,low,0.5,6.0
8480,121420,1,3,7,3,65,1,1,1,12,0,low,0.3333333333333333,20.0
8481,121421,3,4,7,1,70,1,1,1,12,1,high,0.75,15.0
8482,121422,1,7,7,0,45,3,1,1,12,1,low,0.14285714285714285,16.0
8483,121423,1,1,7,0,35,1,1,1,12,1,high,1.0,22.0
8484,121424,1,2,7,0,60,1,1,1,12,0,low,0.5,11.0
8485,121425,1,3,7,5,30,1,2,2,12,0,low,0.3333333333333333,7.0
8486,121426,1,4,7,5,40,3,1,1,12,0,low,0.25,9.0
8487,121427,1,1,7,0,40,2,1,1,12,1,high,1.0,3.0
8488,121428,1,1,7,0,70,3,1,1,12,1,high,1.0,8.0
8489,121430,1,1,7,0,55,2,1,1,12,1,high,1.0,24.0
8490,121431,1,5,7,5,55,1,1,1,12,1,low,0.2,14.0
8491,121432,1,3,7,5,65,1,1,1,12,0,low,0.3333333333333333,14.0
8492,121434,1,1,7,0,35,3,1,1,12,0,high,1.0,11.0
8493,121435,1,1,7,0,55,1,1,1,12,0,high,1.0,21.0
8494,121436,1,1,7,0,55,2,2,2,12,1,high,1.0,12.0
8495,121437,1,1,7,0,50,1,1,2,12,0,high,1.0,25.0
8496,121438,1,1,7,0,65,1,1,1,12,0,high,1.0,6.0
8497,121439,1,1,7,0,55,2,1,1,12,1,high,1.0,4.0
8498,121440,1,2,7,1,25,3,1,1,12,0,low,0.5,16.0
8499,121441,1,4,7,2,55,2,1,1,12,0,low,0.25,15.0
8500,121442,1,2,7,0,45,1,1,1,12,1,low,0.5,15.0
8501,121443,1,1,7,0,60,2,1,1,12,0,high,1.0,5.0
8502,121444,4,4,7,0,35,1,1,1,12,1,high,1.0,13.0
8503,121445,1,2,7,0,35,1,1,1,12,0,low,0.5,13.0
8504,121446,1,3,7,0,30,1,1,1,12,0,low,0.3333333333333333,5.0
8505,121447,1,1,7,0,30,1,1,1,12,0,high,1.0,11.0
8506,121448,1,2,7,2,60,2,1,1,12,1,low,0.5,11.0
8507,121449,1,2,7,0,65,1,1,1,12,0,low,0.5,21.0
8508,121450,1,5,7,7,70,1,1,1,12,0,low,0.2,17.0
8509,121451,1,7,7,0,70,2,1,1,12,0,low,0.14285714285714285,11.0
8510,121452,1,8,7,5,55,1,1,1,12,0,low,0.125,26.0
8511,121453,1,2,7,0,35,2,1,1,12,0,low,0.5,10.0
8512,121454,1,8,7,5,70,1,2,6,12,0,low,0.125,10.0
8513,121455,1,3,8,8,55,1,1,1,12,0,low,0.3333333333333333,9.0
8514,121456,1,4,8,5,45,1,1,1,12,0,low,0.25,18.0
8515,121457,1,2,8,0,25,3,1,1,12,0,low,0.5,21.0
8516,121458,1,2,8,5,45,3,1,1,12,1,low,0.5,6.0
8517,121459,1,2,8,0,45,2,1,1,12,1,low,0.5,7.0
8518,121460,1,2,8,0,45,2,1,1,12,2,low,0.5,12.0
8519,121462,1,3,8,0,55,1,1,1,12,0,low,0.3333333333333333,46.0
8520,121463,1,1,8,0,35,9,1,1,12,1,high,1.0,13.0
8521,121464,1,2,8,0,40,2,1,1,12,0,low,0.5,10.0
8522,121465,1,2,2,5,35,1,1,1,12,0,low,0.5,19.0
8523,121466,1,4,2,0,45,1,1,1,12,1,low,0.25,15.0
8524,121467,1,3,3,0,45,3,1,1,12,1,low,0.3333333333333333,17.0
8525,121469,1,3,5,0,45,3,1,1,12,1,low,0.3333333333333333,8.0
8526,121470,1,1,5,0,99,3,1,2,12,1,high,1.0,11.0
8527,121472,1,3,5,0,70,2,1,1,12,0,low,0.3333333333333333,5.0
8528,121473,2,3,5,1,65,1,1,1,12,1,high,0.6666666666666666,15.0
8529,121474,4,4,6,2,65,3,1,1,12,1,high,1.0,8.0
8530,121475,1,1,6,0,25,5,1,2,12,0,high,1.0,15.0
8531,121476,1,2,7,0,65,2,1,1,12,0,low,0.5,4.0
8532,121477,1,2,7,0,40,1,2,2,12,0,low,0.5,12.0
8533,121478,1,3,7,0,60,1,1,1,12,0,low,0.3333333333333333,10.0
8534,121479,2,4,7,0,60,2,1,2,12,0,low,0.5,16.0
8535,121480,1,2,7,0,40,5,1,1,12,1,low,0.5,3.0
8536,121481,1,4,7,0,70,1,1,1,12,0,low,0.25,19.0
8537,121482,1,3,7,5,45,3,1,1,12,1,low,0.3333333333333333,3.0
8538,121483,1,2,7,5,99,3,1,1,12,0,low,0.5,4.0
8539,121484,1,2,7,0,45,1,1,1,12,1,low,0.5,12.0
8540,121485,1,1,7,0,45,2,1,1,12,1,high,1.0,13.0
8541,121486,2,7,7,2,55,1,1,1,12,1,low,0.2857142857142857,24.0
8542,121487,1,4,7,0,45,3,1,1,12,0,low,0.25,9.0
8543,121488,1,3,8,5,55,1,2,2,12,0,low,0.3333333333333333,23.0
8544,121489,1,3,8,0,50,2,1,1,12,1,low,0.3333333333333333,5.0
8545,121490,1,2,8,0,30,1,1,1,12,0,low,0.5,15.0
8546,121491,1,2,8,5,60,1,1,1,12,1,low,0.5,15.0
8547,121492,1,2,8,0,45,2,1,1,12,1,low,0.5,29.0
8548,121493,1,2,8,0,45,1,1,1,12,1,low,0.5,6.0
8549,121494,1,2,8,0,30,3,1,1,12,1,low,0.5,8.0
8550,121495,4,9,8,5,25,1,1,1,12,0,low,0.4444444444444444,9.0
8551,121496,1,1,8,0,35,1,1,1,12,0,high,1.0,8.0
8552,121497,1,2,8,5,45,1,1,1,12,0,low,0.5,38.0
8553,121498,1,6,8,5,40,1,1,1,12,0,low,0.16666666666666666,4.0
8554,121499,1,3,8,0,70,3,1,1,12,0,low,0.3333333333333333,16.0
8555,121500,1,3,5,0,70,2,2,2,12,0,low,0.3333333333333333,17.0
8556,121501,1,6,5,4,30,2,2,2,12,0,low,0.16666666666666666,38.0
8557,121502,1,1,7,0,60,1,1,2,12,1,high,1.0,8.0
8558,121503,1,2,7,0,45,3,1,2,12,1,low,0.5,4.0
8559,121504,1,3,7,0,45,1,1,1,12,0,low,0.3333333333333333,7.0
8560,121505,1,2,7,0,45,3,1,1,12,1,low,0.5,7.0
8561,121506,1,8,7,2,55,1,1,1,12,0,low,0.125,10.0
8562,121507,1,2,7,5,35,2,1,1,12,0,low,0.5,9.0
8563,121508,1,1,7,0,40,1,1,1,12,1,high,1.0,10.0
8564,121509,1,9,8,2,55,2,2,2,12,0,low,0.1111111111111111,6.0
8565,121510,2,5,8,0,70,1,1,1,12,0,low,0.4,20.0
8566,121511,1,2,8,0,35,3,1,1,12,1,low,0.5,14.0
8567,121512,1,2,8,0,70,1,1,2,12,0,low,0.5,47.0
8568,121513,1,2,8,0,35,3,1,1,12,0,low,0.5,18.0
8569,121515,1,3,1,5,30,1,1,1,12,0,low,0.3333333333333333,12.0
8570,121516,1,5,1,5,45,3,1,1,12,0,low,0.2,11.0
8571,121517,1,3,1,5,45,1,1,1,12,0,low,0.3333333333333333,10.0
8572,121518,1,1,1,0,30,1,1,1,12,0,high,1.0,9.0
8573,121519,1,3,2,5,30,1,2,2,12,0,low,0.3333333333333333,11.0
8574,121520,1,1,2,0,30,3,1,1,12,0,high,1.0,19.0
8575,121521,1,1,2,0,45,1,1,1,12,0,high,1.0,17.0
8576,121522,1,4,2,6,35,1,1,1,12,0,low,0.25,6.0
8577,121523,1,1,2,0,99,1,1,1,12,0,high,1.0,4.0
8578,121524,1,2,3,0,45,2,1,1,12,0,low,0.5,20.0
8579,121525,1,2,3,0,45,2,1,2,12,0,low,0.5,12.0
8580,121526,1,2,3,0,60,2,1,1,12,1,low,0.5,16.0
8581,121527,1,1,3,0,45,3,1,1,12,0,high,1.0,13.0
8582,121528,1,3,3,0,45,3,1,1,12,0,low,0.3333333333333333,7.0
8583,121529,1,2,3,0,40,2,1,1,12,0,low,0.5,15.0
8584,121530,1,2,3,0,45,1,1,1,12,0,low,0.5,4.0
8585,121531,1,3,3,5,45,1,1,1,12,0,low,0.3333333333333333,18.0
8586,121532,1,3,3,5,55,1,1,1,12,0,low,0.3333333333333333,9.0
8587,121533,1,2,3,0,99,3,1,1,12,0,low,0.5,11.0
8588,121534,1,5,3,5,45,3,1,1,12,0,low,0.2,39.0
8589,121535,1,2,3,0,45,1,1,1,12,0,low,0.5,23.0
8590,121536,1,2,3,0,60,2,1,1,12,1,low,0.5,14.0
8591,121537,1,4,3,5,25,3,1,1,12,0,low,0.25,56.0
8592,121538,1,6,4,5,45,3,1,1,12,0,low,0.16666666666666666,4.0
8593,121539,1,1,4,0,70,2,1,1,12,1,high,1.0,18.0
8594,121540,1,6,4,0,30,3,1,1,12,1,low,0.16666666666666666,20.0
8595,121541,1,2,4,0,40,1,1,1,12,0,low,0.5,14.0
8596,121542,1,2,4,8,40,1,1,1,12,0,low,0.5,15.0
8597,121543,1,3,4,5,45,1,1,1,12,0,low,0.3333333333333333,61.0
8598,121544,1,2,4,0,35,1,1,1,12,0,low,0.5,8.0
8599,121545,1,5,4,1,30,1,1,2,12,0,low,0.2,21.0
8600,121546,1,2,4,2,45,1,1,1,12,0,low,0.5,13.0
8601,121547,1,2,4,5,35,1,1,1,12,0,low,0.5,10.0
8602,121548,1,2,4,0,35,1,1,1,12,0,low,0.5,9.0
8603,121549,1,1,4,0,70,1,1,1,12,0,high,1.0,30.0
8604,121550,1,5,4,5,45,1,1,1,12,0,low,0.2,6.0
8605,121551,1,2,4,5,40,1,1,1,12,0,low,0.5,7.0
8606,121552,1,7,4,5,55,1,2,2,12,0,low,0.14285714285714285,20.0
8607,121553,1,3,4,5,45,1,1,1,12,0,low,0.3333333333333333,10.0
8608,121554,1,2,4,3,40,1,1,1,12,0,low,0.5,10.0
8609,121555,1,3,4,3,45,1,1,1,12,0,low,0.3333333333333333,8.0
8610,121556,1,4,4,0,35,3,1,1,12,1,low,0.25,22.0
8611,121557,1,4,4,3,60,5,1,1,12,1,low,0.25,12.0
8612,121558,1,2,4,0,30,3,1,1,12,0,low,0.5,14.0
8613,121559,1,2,4,0,45,3,1,1,12,1,low,0.5,7.0
8614,121560,1,4,4,2,55,1,2,2,12,0,low,0.25,18.0
8615,121561,1,1,8,0,45,1,1,1,12,1,high,1.0,12.0
8616,121562,1,2,4,0,45,1,1,1,12,0,low,0.5,14.0
8617,121563,1,4,4,6,45,1,1,1,12,0,low,0.25,1.0
8618,121564,1,3,4,0,25,1,1,1,12,0,low,0.3333333333333333,5.0
8619,121565,1,7,4,5,50,1,1,1,12,0,low,0.14285714285714285,900.0
8620,121566,1,2,4,0,45,2,1,1,12,0,low,0.5,17.0
8621,121567,1,4,4,1,45,2,1,1,12,2,low,0.25,3.0
8622,121568,1,2,4,0,45,2,1,1,12,0,low,0.5,11.0
8623,121569,1,3,4,1,55,1,1,1,12,0,low,0.3333333333333333,9.0
8624,121570,1,2,4,0,35,3,1,1,12,0,low,0.5,23.0
8625,121571,1,3,4,0,30,3,1,1,12,0,low,0.3333333333333333,23.0
8626,121572,1,4,4,0,35,1,1,1,12,0,low,0.25,12.0
8627,121573,1,2,4,5,45,1,1,1,12,0,low,0.5,5.0
8628,121574,1,5,4,5,30,1,1,1,12,0,low,0.2,6.0
8629,121575,1,3,4,0,35,1,1,1,12,0,low,0.3333333333333333,59.0
8630,121576,1,2,4,0,45,2,1,2,12,0,low,0.5,5.0
8631,121577,1,2,4,0,35,1,1,1,12,0,low,0.5,11.0
8632,121578,1,4,4,5,40,1,1,1,12,0,low,0.25,8.0
8633,121579,2,6,4,1,45,3,1,1,12,0,low,0.3333333333333333,13.0
8634,121580,1,1,4,0,99,1,1,1,12,0,high,1.0,8.0
8635,121581,1,1,4,0,55,2,1,1,12,0,high,1.0,3.0
8636,121582,1,2,4,6,40,1,1,1,12,0,low,0.5,18.0
8637,121583,1,2,4,0,40,1,1,1,12,0,low,0.5,21.0
8638,121584,1,4,8,0,65,3,1,1,12,1,low,0.25,10.0
8639,121585,1,2,8,0,55,2,1,1,12,1,low,0.5,29.0
8640,121586,1,2,8,0,40,2,1,1,12,0,low,0.5,4.0
8641,121587,1,1,8,0,65,2,1,2,12,1,high,1.0,27.0
8642,121588,1,2,4,0,30,1,1,1,12,0,low,0.5,5.0
8643,121589,1,1,4,1,30,4,1,1,12,0,high,1.0,8.0
8644,121590,1,2,5,0,45,3,1,1,12,0,low,0.5,14.0
8645,121591,1,2,6,0,70,1,1,1,12,0,low,0.5,7.0