,ST_CASE,FATALS,PERSONS,MONTH,MAN_COLL,SP_LIMIT,LGT_COND,WEATHER,SUR_COND,STATE,DRUNK_DR,rate,rate_numerical,arrival_time
9026,121986,1,1,10,0,45,1,1,1,12,0,high,1.0,11.0
9027,121987,1,2,10,1,60,4,1,1,12,0,low,0.5,8.0
9028,121988,1,2,10,0,40,1,1,1,12,0,low,0.5,29.0
9029,121989,2,3,10,5,35,3,1,1,12,0,high,0.6666666666666666,5.0
9030,121990,1,3,10,0,40,1,1,1,12,1,low,0.3333333333333333,8.0
9031,121991,1,2,10,6,45,1,1,1,12,0,low,0.5,6.0
9032,121992,1,3,5,2,35,1,1,1,12,0,low,0.3333333333333333,28.0
9033,121993,1,1,4,0,45,1,1,1,12,0,high,1.0,19.0
9034,121994,1,1,5,0,70,3,1,1,12,0,high,1.0,6.0
9035,121995,1,2,6,0,40,3,1,1,12,1,low,0.5,8.0
9036,121996,1,3,7,2,35,1,2,1,12,0,low,0.3333333333333333,7.0
9037,121997,1,1,7,0,50,4,1,2,12,1,high,1.0,13.0
9038,121998,1,3,7,0,65,2,1,1,12,1,low,0.3333333333333333,8.0
9039,121999,1,1,7,0,45,2,2,2,12,0,high,1.0,12.0
9040,122000,1,1,7,0,15,3,1,2,12,1,high,1.0,5.0
9041,122001,1,3,7,0,25,1,1,1,12,0,low,0.3333333333333333,8.0
9042,122002,1,1,8,9,70,1,2,2,12,0,high,1.0,11.0
9043,122003,1,2,8,3,55,2,1,1,12,1,low,0.5,15.0
9044,122004,1,2,8,1,70,2,1,1,12,1,low,0.5,29.0
9045,122005,1,2,8,0,45,2,1,1,12,1,low,0.5,6.0
9046,122006,1,2,8,1,55,1,1,1,12,0,low,0.5,22.0
9047,122007,1,3,8,5,45,2,1,1,12,1,low,0.3333333333333333,8.0
9048,122008,1,1,8,0,40,3,1,1,12,0,high,1.0,15.0
9049,122009,1,3,9,5,60,1,1,1,12,0,low,0.3333333333333333,3.0
9050,122010,1,3,9,1,55,1,2,2,12,0,low,0.3333333333333333,7.0
9051,122011,1,2,9,0,45,2,1,1,12,0,low,0.5,11.0
9052,122012,1,4,9,5,45,1,1,1,12,1,low,0.25,11.0
9053,122013,1,9,9,0,45,1,1,1,12,0,low,0.1111111111111111,8.0
9054,122014,1,1,9,0,35,1,1,1,12,1,high,1.0,21.0
9055,122015,1,1,9,0,55,2,1,1,12,1,high,1.0,7.0
9056,122016,1,2,9,0,65,2,1,1,12,0,low,0.5,13.0
9057,122017,1,4,9,5,60,1,1,1,12,0,low,0.25,10.0
9058,122018,1,3,9,0,65,2,1,1,12,0,low,0.3333333333333333,20.0
9059,122019,1,1,9,0,30,2,1,1,12,1,high,1.0,10.0
9060,122020,1,2,9,0,35,2,1,2,12,1,low,0.5,4.0
9061,122021,1,2,9,0,45,1,1,2,12,0,low,0.5,18.0
9062,122022,1,4,9,5,30,1,1,1,12,0,low,0.25,59.0
9063,122023,1,3,9,0,50,1,1,1,12,0,low,0.3333333333333333,20.0
9064,122024,1,2,9,5,70,2,1,1,12,1,low,0.5,12.0
9065,122025,1,3,9,0,40,2,1,1,12,0,low,0.3333333333333333,27.0
9066,122026,1,1,9,0,35,2,1,1,12,1,high,1.0,45.0
9067,122027,1,2,9,1,30,2,1,1,12,0,low,0.5,13.0
9068,122028,1,2,10,3,70,2,2,2,12,0,low,0.5,16.0
9069,122029,1,2,10,0,55,2,1,1,12,0,low,0.5,5.0
9070,122030,2,3,10,2,55,1,2,2,12,1,high,0.6666666666666666,0.0
9071,122031,1,3,10,0,30,2,1,2,12,1,low,0.3333333333333333,17.0
9072,122032,1,2,10,7,65,3,1,2,12,0,low,0.5,13.0
9073,122033,1,4,10,7,45,1,1,1,12,0,low,0.25,8.0
9074,122034,1,2,10,1,60,1,1,1,12,0,low,0.5,23.0
9075,122035,1,9,10,2,45,1,2,2,12,1,low,0.1111111111111111,28.0
9076,122036,2,2,10,2,60,2,1,2,12,0,high,1.0,26.0
9077,122037,1,3,10,2,30,1,1,1,12,0,low,0.3333333333333333,47.0
9078,122038,1,1,10,0,30,1,2,2,12,0,high,1.0,11.0
9079,122039,1,3,10,5,70,1,1,2,12,0,low,0.3333333333333333,10.0
9080,122041,1,2,10,5,45,2,1,1,12,1,low,0.5,9.0
9081,122042,1,2,10,0,45,3,1,1,12,0,low,0.5,3.0
9082,122043,1,1,10,0,70,2,1,1,12,1,high,1.0,22.0
9083,122044,1,2,10,0,35,2,1,1,12,0,low,0.5,14.0
9084,122045,1,2,10,0,35,1,1,1,12,0,low,0.5,35.0
9085,122046,1,1,10,0,65,1,1,1,12,0,high,1.0,7.0
9086,122047,1,2,10,0,40,1,1,1,12,0,low,0.5,21.0
9087,122048,1,2,10,0,55,1,1,1,12,0,low,0.5,19.0
9088,122049,1,2,10,2,40,2,1,1,12,1,low,0.5,11.0
9089,122050,1,13,10,1,70,2,1,1,12,0,low,0.07692307692307693,13.0
9090,122051,1,3,10,2,35,3,1,1,12,0,low,0.3333333333333333,10.0
9091,122052,1,2,10,0,30,2,1,1,12,0,low,0.5,49.0
9092,122053,1,1,10,0,65,2,1,1,12,0,high,1.0,19.0
9093,122054,1,2,10,0,45,3,1,1,12,1,low,0.5,16.0
9094,122055,1,1,10,0,45,1,1,1,12,1,high,1.0,17.0
9095,122056,1,2,10,1,55,2,1,1,12,1,low,0.5,12.0
9096,122057,1,4,10,0,35,2,1,1,12,0,low,0.25,16.0
9097,122058,1,1,10,0,65,2,1,1,12,1,high,1.0,23.0
9098,122059,1,2,10,0,45,1,1,2,12,0,low,0.5,9.0
9099,122060,1,3,10,0,35,2,1,1,12,0,low,0.3333333333333333,9.0
9100,122061,1,3,10,5,55,1,1,1,12,0,low,0.3333333333333333,10.0
9101,122062,1,2,10,0,45,2,1,1,12,1,low,0.5,6.0
9102,122063,1,2,10,6,30,1,1,1,12,0,low,0.5,10.0
9103,122064,1,1,10,0,55,1,2,6,12,0,high,1.0,12.0
9104,122065,1,2,10,1,70,1,1,1,12,0,low,0.5,14.0
9105,122066,1,1,10,0,70,1,1,1,12,0,high,1.0,23.0
9106,122067,1,2,10,0,45,2,1,1,12,0,low,0.5,11.0
9107,122068,1,3,10,5,25,1,1,1,12,0,low,0.3333333333333333,7.0
9108,122069,1,1,10,0,40,3,1,1,12,1,high,1.0,24.0
9109,122070,1,1,10,0,35,1,1,1,12,0,high,1.0,5.0
9110,122071,1,3,10,3,55,1,1,1,12,1,low,0.3333333333333333,3.0
9111,122072,1,2,10,0,30,1,1,1,12,0,low,0.5,12.0
9112,122073,1,1,10,0,30,2,1,1,12,1,high,1.0,6.0
9113,122074,1,4,10,5,65,3,1,1,12,1,low,0.25,7.0
9114,122075,1,2,10,0,50,2,1,1,12,0,low,0.5,17.0
9115,122076,1,2,10,0,55,2,2,2,12,0,low,0.5,2.0
9116,122077,1,1,10,0,60,2,5,1,12,0,high,1.0,9.0
9117,122079,1,3,10,5,30,3,1,1,12,0,low,0.3333333333333333,8.0
9118,122080,1,1,10,0,30,3,1,1,12,1,high,1.0,4.0
9119,122081,1,1,10,0,45,2,2,2,12,1,high,1.0,9.0
9120,122082,1,1,10,0,40,2,1,1,12,1,high,1.0,9.0
9121,122083,1,2,10,0,55,2,1,1,12,0,low,0.5,9.0
9122,122084,1,4,10,5,55,2,1,1,12,1,low,0.25,4.0
9123,122085,1,3,10,5,45,1,1,1,12,0,low,0.3333333333333333,15.0
9124,122086,1,3,10,5,45,2,1,1,12,0,low,0.3333333333333333,32.0
9125,122087,1,2,10,5,40,3,1,1,12,0,low,0.5,48.0
9126,122088,1,1,10,0,40,1,2,2,12,1,high,1.0,9.0
9127,122089,1,1,10,0,70,3,1,2,12,1,high,1.0,9.0
9128,122090,1,1,10,0,60,2,1,1,12,1,high,1.0,22.0
9129,122091,2,4,10,7,70,1,1,1,12,0,low,0.5,12.0
9130,122092,1,2,10,0,55,3,1,2,12,1,low,0.5,22.0
9131,122093,1,1,10,0,25,2,1,1,12,1,high,1.0,8.0
9132,122094,2,10,10,2,65,3,1,2,12,0,low,0.2,13.0
9133,122095,1,2,10,2,60,2,1,1,12,1,low,0.5,18.0
9134,122096,1,3,10,2,45,3,2,2,12,0,low,0.3333333333333333,4.0
9135,122097,1,3,10,2,55,1,1,1,12,0,low,0.3333333333333333,7.0
9136,122098,1,2,10,1,30,1,1,1,12,0,low,0.5,24.0
9137,122099,1,1,10,0,40,2,2,2,12,0,high,1.0,15.0
9138,122100,1,4,10,5,45,1,1,1,12,0,low,0.25,3.0
9139,122101,1,2,10,0,45,3,2,2,12,0,low,0.5,16.0
9140,122102,1,3,10,1,45,1,2,2,12,0,low,0.3333333333333333,10.0
9141,122103,1,3,10,0,40,1,1,1,12,0,low,0.3333333333333333,47.0
9142,122104,1,2,11,0,45,2,1,1,12,1,low,0.5,5.0
9143,122105,1,1,11,0,55,2,1,1,12,1,high,1.0,6.0
9144,122106,1,1,11,0,55,5,1,1,12,1,high,1.0,40.0
9145,122107,1,3,11,5,35,2,1,1,12,0,low,0.3333333333333333,18.0
9146,122108,1,5,11,0,25,1,1,1,12,0,low,0.2,7.0
9147,122109,1,3,11,5,45,3,1,1,12,0,low,0.3333333333333333,20.0
9148,122110,1,1,11,0,45,3,1,1,12,0,high,1.0,74.0
9149,122111,1,1,11,0,40,3,1,1,12,0,high,1.0,7.0
9150,122113,1,2,11,0,45,2,1,1,12,0,low,0.5,18.0
9151,122114,1,2,11,0,45,2,1,1,12,1,low,0.5,14.0
9152,122115,1,3,11,2,45,5,1,1,12,0,low,0.3333333333333333,36.0
9153,122116,1,2,11,5,30,1,1,1,12,0,low,0.5,27.0
9154,122117,1,4,11,0,70,1,1,1,12,0,low,0.25,19.0
9155,122118,1,3,11,0,30,3,1,1,12,0,low,0.3333333333333333,22.0
9156,122119,1,2,11,5,50,1,1,1,12,0,low,0.5,14.0
9157,122120,1,1,11,0,55,1,1,1,12,1,high,1.0,10.0
9158,122122,1,1,3,0,60,2,1,1,12,0,high,1.0,18.0
9159,122123,1,2,3,0,30,1,1,1,12,0,low,0.5,7.0
9160,122124,1,1,4,0,45,1,1,1,12,0,high,1.0,12.0
9161,122125,1,3,4,0,35,1,1,1,12,0,low,0.3333333333333333,11.0
9162,122126,1,4,4,2,40,1,1,1,12,0,low,0.25,45.0
9163,122127,1,2,4,0,35,1,1,1,12,1,low,0.5,11.0
9164,122128,1,6,4,5,45,1,1,1,12,0,low,0.16666666666666666,23.0
9165,122129,1,3,4,1,55,1,1,1,12,0,low,0.3333333333333333,31.0
9166,122130,1,3,4,5,30,2,9,9,12,0,low,0.3333333333333333,14.0
9167,122131,1,2,4,0,45,3,1,1,12,1,low,0.5,10.0
9168,122133,1,2,5,2,35,1,1,1,12,0,low,0.5,10.0
9169,122134,1,2,5,0,30,1,1,1,12,0,low,0.5,31.0
9170,122135,1,3,5,0,99,1,1,1,12,0,low,0.3333333333333333,19.0
9171,122136,1,5,5,0,55,1,1,1,12,0,low,0.2,15.0
9172,122137,1,2,5,5,35,1,1,1,12,0,low,0.5,35.0
9173,122138,1,2,5,5,45,1,1,1,12,0,low,0.5,36.0
9174,122139,1,5,5,0,40,1,1,1,12,1,low,0.2,2.0
9175,122140,1,2,5,0,45,1,1,2,12,0,low,0.5,10.0
9176,122141,1,2,5,6,25,3,1,1,12,0,low,0.5,15.0
9177,122142,1,3,5,0,30,1,1,1,12,0,low,0.3333333333333333,17.0
9178,122143,1,4,5,1,45,1,1,1,12,0,low,0.25,22.0
9179,122144,1,8,5,1,60,1,1,1,12,0,low,0.125,27.0
9180,122145,1,3,5,1,45,1,1,1,12,0,low,0.3333333333333333,14.0
9181,122146,1,1,5,0,30,2,1,1,12,0,high,1.0,15.0
9182,122147,1,2,5,0,45,1,9,1,12,1,low,0.5,11.0
9183,122148,1,3,5,5,35,3,1,1,12,0,low,0.3333333333333333,11.0
9184,122149,1,6,5,1,65,2,1,1,12,1,low,0.16666666666666666,7.0
9185,122150,1,2,5,0,45,3,1,1,12,0,low,0.5,19.0
9186,122151,1,2,5,0,25,1,1,1,12,0,low,0.5,7.0
9187,122152,1,2,5,0,55,2,1,1,12,0,low,0.5,19.0
9188,122153,1,1,5,0,30,1,1,1,12,0,high,1.0,20.0
9189,122154,1,1,5,0,30,1,1,1,12,0,high,1.0,26.0
9190,122155,1,2,5,1,45,1,1,1,12,0,low,0.5,3.0
9191,122156,1,3,5,5,35,3,1,1,12,0,low,0.3333333333333333,12.0
9192,122157,1,2,5,1,40,1,1,1,12,0,low,0.5,25.0
9193,122158,1,2,5,6,35,1,1,1,12,0,low,0.5,28.0
9194,122159,1,2,5,2,25,3,1,1,12,0,low,0.5,20.0
9195,122160,1,3,5,2,45,1,1,1,12,0,low,0.3333333333333333,9.0
9196,122161,1,3,5,0,60,2,1,1,12,0,low,0.3333333333333333,48.0
9197,122162,1,2,5,0,40,1,1,1,12,0,low,0.5,14.0
9198,122163,1,3,5,6,45,1,1,1,12,0,low,0.3333333333333333,20.0
9199,122164,1,1,5,0,50,1,1,1,12,0,high,1.0,24.0
9200,122165,1,1,5,0,45,1,1,1,12,0,high,1.0,25.0
9201,122166,1,2,5,0,45,3,1,1,12,1,low,0.5,12.0
9202,122167,1,7,5,0,45,3,1,1,12,1,low,0.14285714285714285,20.0
9203,122168,1,2,6,5,55,1,2,2,12,0,low,0.5,18.0
9204,122169,1,1,6,0,45,3,2,2,12,0,high,1.0,14.0
9205,122170,1,4,6,5,45,3,1,1,12,0,low,0.25,30.0
9206,122171,1,5,6,1,70,2,1,1,12,1,low,0.2,24.0
9207,122172,1,2,6,0,45,3,1,2,12,0,low,0.5,29.0
9208,122173,1,3,6,5,35,1,1,1,12,0,low,0.3333333333333333,9.0
9209,122174,1,1,6,0,35,2,1,2,12,0,high,1.0,24.0
9210,122175,1,2,6,2,45,1,1,1,12,0,low,0.5,9.0
9211,122176,1,5,6,5,45,1,1,1,12,0,low,0.2,16.0
9212,122177,1,2,6,5,40,3,1,2,12,0,low,0.5,2.0
9213,122178,2,3,6,0,45,1,1,1,12,0,high,0.6666666666666666,13.0
9214,122179,1,2,6,2,25,1,1,1,12,0,low,0.5,2.0
9215,122180,1,2,6,0,99,3,1,1,12,0,low,0.5,12.0
9216,122181,1,2,6,1,35,2,1,1,12,0,low,0.5,9.0
9217,122182,1,6,6,2,35,1,1,1,12,1,low,0.16666666666666666,10.0
9218,122183,1,2,6,4,30,1,1,1,12,0,low,0.5,16.0
9219,122184,1,3,6,5,55,1,2,2,12,0,low,0.3333333333333333,62.0
9220,122185,1,4,6,1,50,1,1,1,12,0,low,0.25,20.0
9221,122186,1,3,6,2,65,1,1,1,12,0,low,0.3333333333333333,32.0
9222,122187,1,3,6,1,45,1,1,2,12,0,low,0.3333333333333333,7.0
9223,122188,1,2,6,0,40,4,1,1,12,0,low,0.5,21.0
9224,122189,1,1,6,0,35,2,1,1,12,1,high,1.0,12.0
9225,122190,1,2,6,5,45,1,1,1,12,0,low,0.5,40.0
9226,122191,1,2,6,0,45,3,1,1,12,0,low,0.5,26.0
9227,122192,1,1,6,0,30,3,2,2,12,0,high,1.0,11.0
9228,122193,1,2,6,5,30,1,1,1,12,0,low,0.5,28.0
9229,122194,1,4,6,0,25,1,1,1,12,0,low,0.25,17.0
9230,122195,1,3,6,2,45,1,1,1,12,0,low,0.3333333333333333,15.0
9231,122197,1,5,6,5,50,3,1,1,12,0,low,0.2,15.0
9232,122198,1,4,6,0,65,3,1,1,12,0,low,0.25,5.0
9233,122199,1,1,6,0,35,3,1,1,12,0,high,1.0,12.0
9234,122200,1,3,6,5,40,1,1,1,12,0,low,0.3333333333333333,12.0
9235,122201,1,8,6,7,35,1,1,1,12,0,low,0.125,8.0
9236,122202,1,3,6,5,30,1,1,1,12,0,low,0.3333333333333333,26.0
9237,122203,1,1,6,0,25,1,1,1,12,0,high,1.0,6.0
9238,122204,1,2,6,0,99,1,1,1,12,0,low,0.5,73.0
9239,122205,1,2,6,5,35,3,1,1,12,1,low,0.5,30.0
9240,122206,1,4,6,1,55,1,1,1,12,0,low,0.25,16.0
9241,122207,1,3,6,3,45,1,1,1,12,0,low,0.3333333333333333,10.0
9242,122208,1,1,7,1,40,1,1,1,12,0,high,1.0,11.0
9243,122209,1,2,7,0,40,3,1,1,12,1,low,0.5,8.0
9244,122210,1,2,7,0,35,1,1,1,12,0,low,0.5,14.0
9245,122211,1,1,7,0,45,1,1,1,12,0,high,1.0,5.0
9246,122212,1,4,7,5,50,1,1,1,12,0,low,0.25,23.0
9247,122213,1,5,7,7,65,1,1,1,12,0,low,0.2,31.0
9248,122214,1,1,7,0,40,1,1,2,12,1,high,1.0,39.0
9249,122215,1,2,7,0,99,2,1,1,12,0,low,0.5,9.0
9250,122216,1,4,7,6,30,1,1,1,12,0,low,0.25,22.0
9251,122217,1,3,7,1,40,3,1,1,12,1,low,0.3333333333333333,30.0
9252,122218,1,1,7,0,40,1,1,1,12,0,high,1.0,5.0
9253,122219,1,2,7,0,40,2,1,1,12,0,low,0.5,0.0
9254,122220,1,3,7,5,45,3,1,1,12,0,low,0.3333333333333333,13.0
9255,122221,1,4,7,7,45,3,1,1,12,0,low,0.25,5.0
9256,122222,1,2,7,1,45,1,1,2,12,0,low,0.5,19.0
9257,122223,1,2,7,5,30,1,1,1,12,0,low,0.5,28.0
9258,122224,1,1,7,0,80,1,1,1,12,0,high,1.0,9.0
9259,122225,1,1,7,0,40,2,1,1,12,0,high,1.0,20.0
9260,122226,1,2,7,7,45,3,1,1,12,0,low,0.5,17.0
9261,122227,1,2,7,5,40,1,1,1,12,0,low,0.5,22.0
9262,122228,1,1,7,0,55,1,1,1,12,0,high,1.0,6.0
9263,122229,1,2,7,7,45,1,1,1,12,0,low,0.5,32.0
9264,122230,1,1,7,0,65,1,1,1,12,0,high,1.0,33.0
9265,122231,1,3,7,0,50,3,1,1,12,1,low,0.3333333333333333,8.0
9266,122232,1,5,7,5,35,3,1,1,12,0,low,0.2,15.0
9267,122233,1,3,7,1,40,3,2,2,12,1,low,0.3333333333333333,9.0
9268,122234,1,2,7,0,35,3,2,2,12,0,low,0.5,7.0
9269,122235,1,2,7,5,65,2,1,1,12,2,low,0.5,16.0
9270,122236,1,1,7,0,55,3,1,1,12,1,high,1.0,14.0
9271,122237,1,4,7,5,30,3,1,1,12,0,low,0.25,15.0
9272,122238,1,3,8,0,45,3,1,1,12,1,low,0.3333333333333333,17.0
9273,122239,1,4,8,0,30,2,1,1,12,0,low,0.25,7.0
9274,122240,1,2,8,5,40,1,1,1,12,0,low,0.5,26.0
9275,122242,1,3,8,0,45,1,1,1,12,0,low,0.3333333333333333,14.0
9276,122243,1,1,9,0,35,1,1,1,12,0,high,1.0,14.0
9277,122244,1,2,9,0,30,1,1,1,12,0,low,0.5,23.0
9278,122245,1,6,9,2,30,1,1,1,12,1,low,0.16666666666666666,20.0
9279,122246,1,3,9,5,30,3,1,1,12,0,low,0.3333333333333333,17.0
9280,122248,2,4,9,0,55,2,2,2,12,1,low,0.5,25.0
9281,122249,1,2,9,5,55,4,1,1,12,0,low,0.5,40.0
9282,122250,1,2,9,5,45,3,1,1,12,1,low,0.5,32.0
9283,122251,2,5,9,5,60,3,1,1,12,0,low,0.4,7.0
9284,122252,1,4,9,2,65,2,1,1,12,0,low,0.25,22.0
9285,122253,2,3,9,5,40,1,1,1,12,0,high,0.6666666666666666,23.0
9286,122254,1,3,9,5,55,3,1,2,12,1,low,0.3333333333333333,3.0
9287,122255,1,3,9,5,45,3,1,1,12,0,low,0.3333333333333333,38.0
9288,122256,1,2,10,0,99,1,1,1,12,0,low,0.5,26.0
9289,122257,1,2,10,1,35,1,1,1,12,0,low,0.5,11.0
9290,122258,1,3,10,6,35,3,1,1,12,0,low,0.3333333333333333,11.0
9291,122259,1,4,10,6,55,1,1,1,12,0,low,0.25,27.0
9292,122260,1,1,10,0,45,3,1,1,12,1,high,1.0,74.0
9293,122261,1,2,10,0,35,2,1,1,12,0,low,0.5,44.0
9294,122262,1,2,10,0,45,3,1,1,12,0,low,0.5,25.0
9295,122263,1,1,10,0,35,3,1,1,12,0,high,1.0,278.0
9296,122264,2,2,10,0,20,1,1,1,12,0,high,1.0,13.0
9297,122265,1,1,10,0,60,2,1,1,12,0,high,1.0,10.0
9298,122266,1,1,10,0,40,1,1,1,12,0,high,1.0,15.0
9299,122267,1,3,10,2,45,2,1,1,12,1,low,0.3333333333333333,13.0
9300,122268,1,3,10,8,35,1,1,1,12,0,low,0.3333333333333333,28.0
9301,122269,1,4,10,0,30,2,1,1,12,0,low,0.25,14.0
9302,122270,1,2,10,0,45,1,1,1,12,1,low,0.5,13.0
9303,122271,1,2,10,0,35,3,2,2,12,0,low,0.5,4.0
9304,122272,1,1,10,0,70,2,1,1,12,0,high,1.0,4.0
9305,122273,1,6,10,0,55,2,1,1,12,0,low,0.16666666666666666,22.0
9306,122274,1,2,10,0,45,2,1,2,12,0,low,0.5,16.0
9307,122275,1,1,10,0,70,1,1,1,12,0,high,1.0,5.0
9308,122276,1,2,10,0,55,1,1,1,12,0,low,0.5,5.0
9309,122277,1,4,10,5,45,1,2,2,12,0,low,0.25,25.0
9310,122278,1,2,10,0,35,1,1,1,12,0,low,0.5,28.0
9311,122279,1,4,10,5,45,1,1,1,12,0,low,0.25,4.0
9312,122280,1,2,10,0,35,3,1,1,12,0,low,0.5,12.0
9313,122281,1,1,10,0,40,3,1,1,12,1,high,1.0,12.0
9314,122282,1,1,10,0,45,3,1,1,12,0,high,1.0,6.0
9315,122283,1,2,10,0,45,2,1,1,12,0,low,0.5,7.0
9316,122284,1,3,10,0,45,3,1,1,12,1,low,0.3333333333333333,35.0
9317,122285,1,2,10,0,60,2,1,1,12,1,low,0.5,20.0
9318,122286,1,3,10,2,55,2,1,1,12,0,low,0.3333333333333333,16.0
9319,122287,1,1,10,0,10,2,1,1,12,1,high,1.0,19.0
9320,122288,1,2,10,0,35,3,1,1,12,0,low,0.5,26.0
9321,122289,1,3,10,1,40,3,1,2,12,0,low,0.3333333333333333,17.0
9322,122290,2,4,10,0,25,2,1,1,12,1,low,0.5,34.0
9323,122291,2,2,11,2,45,3,1,1,12,1,high,1.0,17.0
9324,122292,1,3,11,0,45,3,1,1,12,0,low,0.3333333333333333,14.0
9325,122293,1,2,11,0,45,3,1,1,12,1,low,0.5,20.0
9326,122295,1,2,11,0,35,3,1,1,12,0,low,0.5,10.0
9327,122296,1,3,11,5,55,2,1,1,12,1,low,0.3333333333333333,42.0
9328,122297,1,5,11,5,45,3,1,2,12,0,low,0.2,19.0
9329,122298,1,2,11,0,40,3,1,1,12,0,low,0.5,29.0
9330,122299,1,1,11,0,35,3,1,1,12,0,high,1.0,4.0
9331,122300,1,1,11,0,35,3,1,1,12,0,high,1.0,11.0
9332,122301,1,2,11,2,40,1,1,1,12,0,low,0.5,17.0
9333,122302,1,2,11,0,45,1,2,2,12,0,low,0.5,27.0
9334,122303,1,4,11,5,35,1,1,1,12,0,low,0.25,20.0
9335,122304,1,3,11,2,55,2,2,2,12,0,low,0.3333333333333333,17.0
9336,122305,1,2,1,0,55,1,1,1,12,0,low,0.5,8.0
9337,122306,1,2,5,0,35,3,1,1,12,1,low,0.5,6.0
9338,122307,1,2,8,1,45,1,1,1,12,0,low,0.5,6.0
9339,122308,1,3,8,1,55,3,1,1,12,1,low,0.3333333333333333,11.0
9340,122309,1,2,8,0,35,1,1,1,12,0,low,0.5,10.0
9341,122310,1,4,8,5,45,1,1,1,12,0,low,0.25,4.0
9342,122311,1,6,8,0,40,3,1,1,12,1,low,0.16666666666666666,12.0
9343,122312,1,3,8,1,45,3,1,1,12,1,low,0.3333333333333333,9.0
9344,122313,1,2,8,0,30,2,1,1,12,0,low,0.5,19.0
9345,122314,1,2,8,5,55,4,1,1,12,0,low,0.5,10.0
9346,122315,1,2,8,1,45,1,1,1,12,0,low,0.5,19.0
9347,122316,1,3,8,2,40,1,1,1,12,0,low,0.3333333333333333,13.0
9348,122317,1,2,8,7,45,1,1,1,12,0,low,0.5,8.0
9349,122318,1,3,8,2,55,1,1,1,12,0,low,0.3333333333333333,16.0
9350,122319,1,2,8,5,35,1,1,1,12,0,low,0.5,17.0
9351,122320,1,2,8,5,40,1,1,1,12,0,low,0.5,5.0
9352,122321,1,2,8,0,40,3,1,1,12,0,low,0.5,19.0
9353,122322,1,1,8,0,99,3,1,1,12,0,high,1.0,14.0
9354,122323,1,4,8,5,45,1,1,1,12,0,low,0.25,8.0
9355,122324,1,2,8,1,45,1,1,1,12,0,low,0.5,14.0
9356,122325,1,7,8,2,35,2,1,1,12,0,low,0.14285714285714285,18.0
9357,122326,1,2,8,0,40,3,1,1,12,0,low,0.5,19.0
9358,122327,1,4,11,5,45,1,1,1,12,0,low,0.25,8.0
9359,122328,1,3,11,0,60,2,1,1,12,0,low,0.3333333333333333,10.0
9360,122329,1,4,11,0,80,1,1,1,12,0,low,0.25,25.0
9361,122330,1,2,11,0,70,4,1,1,12,0,low,0.5,18.0
9362,122331,1,2,11,0,45,3,1,1,12,0,low,0.5,24.0
9363,122332,1,2,11,0,50,2,1,1,12,0,low,0.5,18.0
9364,122333,1,2,11,1,65,3,1,1,12,0,low,0.5,16.0
9365,122334,1,5,11,5,45,3,1,1,12,0,low,0.2,44.0
9366,122335,1,2,11,7,70,3,1,1,12,2,low,0.5,23.0
9367,122336,1,1,11,0,70,1,1,1,12,0,high,1.0,7.0
9368,122337,1,2,11,2,60,1,1,1,12,1,low,0.5,22.0
9369,122338,1,2,11,0,55,2,1,1,12,1,low,0.5,12.0
9370,122339,1,3,11,5,60,1,1,1,12,0,low,0.3333333333333333,24.0
9371,122340,1,1,11,0,55,3,1,1,12,0,high,1.0,19.0
9372,122341,1,2,11,7,65,1,1,1,12,0,low,0.5,4.0
9373,122342,1,2,11,5,55,2,1,1,12,0,low,0.5,31.0
9374,122343,1,7,11,0,70,3,1,1,12,0,low,0.14285714285714285,30.0
9375,122344,1,1,11,0,45,2,1,1,12,0,high,1.0,21.0
9376,122345,1,3,11,0,35,1,1,1,12,1,low,0.3333333333333333,19.0
9377,122346,1,3,11,0,50,2,1,1,12,1,low,0.3333333333333333,22.0
9378,122347,1,2,11,0,70,1,1,1,12,0,low,0.5,41.0
9379,122348,1,1,11,0,35,5,1,1,12,1,high,1.0,17.0
9380,122349,1,3,11,0,70,2,1,1,12,0,low,0.3333333333333333,29.0
9381,122350,1,2,11,2,25,2,1,1,12,0,low,0.5,6.0
9382,122351,1,2,11,5,55,4,1,1,12,0,low,0.5,15.0
9383,122352,2,8,11,5,70,2,1,1,12,0,low,0.25,5.0
9384,122353,1,3,11,0,55,2,1,1,12,1,low,0.3333333333333333,18.0
9385,122354,1,1,11,0,35,2,1,1,12,1,high,1.0,49.0
9386,122355,1,4,11,0,35,2,1,1,12,1,low,0.25,6.0
9387,122356,1,5,11,5,65,1,1,1,12,0,low,0.2,16.0
9388,122357,1,1,9,0,30,5,1,1,12,0,high,1.0,13.0
9389,122358,1,3,5,5,45,1,1,2,12,0,low,0.3333333333333333,31.0
9390,122359,1,2,7,0,45,3,2,2,12,0,low,0.5,12.0
9391,122360,1,2,8,7,40,3,1,1,12,0,low,0.5,11.0
9392,122361,1,2,8,0,45,1,1,1,12,0,low,0.5,36.0
9393,122362,1,2,8,0,30,3,1,1,12,0,low,0.5,18.0
9394,122363,1,2,8,0,35,5,1,1,12,1,low,0.5,12.0
9395,122364,1,2,8,0,35,3,1,1,12,0,low,0.5,13.0
9396,122365,1,2,8,1,30,1,1,1,12,0,low,0.5,8.0
9397,122366,1,2,8,0,65,3,1,1,12,1,low,0.5,10.0