,ST_CASE,FATALS,PERSONS,MONTH,MAN_COLL,SP_LIMIT,LGT_COND,WEATHER,SUR_COND,STATE,DRUNK_DR,rate,rate_numerical,arrival_time
10139,130105,1,2,2,0,45,3,1,1,13,1,low,0.5,11.0
10140,130106,1,1,2,0,45,2,1,1,13,1,high,1.0,3.0
10141,130107,1,2,2,0,70,2,1,1,13,0,low,0.5,6.0
10142,130108,1,1,2,0,50,3,1,1,13,1,high,1.0,3.0
10143,130109,1,5,2,0,65,2,1,1,13,0,low,0.2,4.0
10144,130110,1,2,2,1,45,3,1,1,13,0,low,0.5,3.0
10145,130111,1,2,2,0,35,1,1,1,13,0,low,0.5,6.0
10146,130112,1,2,2,0,55,2,1,1,13,0,low,0.5,10.0
10147,130113,1,2,2,0,55,1,1,2,13,1,low,0.5,40.0
10148,130114,1,5,2,3,55,1,1,1,13,0,low,0.2,2.0
10149,130115,2,2,2,0,35,2,1,1,13,1,high,1.0,6.0
10150,130116,1,1,2,0,55,2,1,1,13,1,high,1.0,2.0
10151,130117,1,3,2,0,35,2,1,1,13,1,low,0.3333333333333333,4.0
10152,130118,1,2,2,2,40,3,1,1,13,1,low,0.5,17.0
10153,130119,1,2,2,5,35,1,1,1,13,0,low,0.5,16.0
10154,130120,1,4,2,0,35,3,1,1,13,0,low,0.25,11.0
10155,130121,1,2,2,5,55,1,1,1,13,0,low,0.5,23.0
10156,130122,1,2,2,5,45,1,1,1,13,0,low,0.5,19.0
10157,130123,1,1,2,0,35,1,1,1,13,0,high,1.0,9.0
10158,130124,1,2,2,5,30,1,2,2,13,0,low,0.5,9.0
10159,130125,2,3,2,0,50,1,1,1,13,0,high,0.6666666666666666,18.0
10160,130126,1,2,2,5,30,1,1,1,13,0,low,0.5,23.0
10161,130127,1,2,2,0,55,2,1,1,13,0,low,0.5,16.0
10162,130128,1,1,2,0,55,1,1,1,13,0,high,1.0,20.0
10163,130129,1,3,2,0,45,2,1,1,13,0,low,0.3333333333333333,5.0
10164,130130,1,1,2,2,40,1,1,1,13,0,high,1.0,11.0
10165,130131,1,5,2,2,35,1,1,1,13,0,low,0.2,8.0
10166,130132,1,2,2,0,35,2,1,1,13,1,low,0.5,7.0
10167,130133,1,5,2,0,55,2,1,1,13,0,low,0.2,143.0
10168,130134,1,1,2,0,55,2,1,1,13,1,high,1.0,10.0
10169,130135,2,2,2,2,70,2,1,1,13,2,high,1.0,4.0
10170,130136,1,1,2,0,45,1,1,1,13,0,high,1.0,25.0
10171,130137,1,1,2,0,55,2,1,1,13,1,high,1.0,6.0
10172,130138,1,3,2,5,45,1,1,1,13,0,low,0.3333333333333333,2.0
10173,130139,1,1,2,0,55,2,1,1,13,0,high,1.0,18.0
10174,130140,1,1,2,0,55,2,5,1,13,0,high,1.0,11.0
10175,130141,1,1,2,5,45,1,1,1,13,0,high,1.0,14.0
10176,130142,1,1,2,0,55,1,2,2,13,0,high,1.0,4.0
10177,130143,1,5,2,1,45,1,1,1,13,0,low,0.2,23.0
10178,130144,1,1,2,0,25,1,1,1,13,0,high,1.0,13.0
10179,130145,1,2,2,0,55,2,1,1,13,0,low,0.5,26.0
10180,130146,1,1,2,0,70,2,1,1,13,1,high,1.0,21.0
10181,130147,1,3,2,0,65,2,1,1,13,0,low,0.3333333333333333,16.0
10182,130148,1,3,2,1,45,2,1,1,13,1,low,0.3333333333333333,13.0
10183,130149,2,6,2,5,55,1,1,1,13,0,low,0.3333333333333333,15.0
10184,130150,4,5,2,5,70,1,1,1,13,0,high,0.8,17.0
10185,130151,1,1,2,0,25,2,1,4,13,0,high,1.0,8.0
10186,130152,1,5,2,0,25,1,1,4,13,0,low,0.2,15.0
10187,130153,1,2,2,5,35,1,1,1,13,0,low,0.5,9.0
10188,130154,1,1,2,0,50,2,1,2,13,1,high,1.0,7.0
10189,130155,2,4,2,5,35,1,1,1,13,0,low,0.5,14.0
10190,130156,1,3,2,5,55,1,1,2,13,0,low,0.3333333333333333,5.0
10191,130157,1,2,2,0,55,2,1,1,13,0,low,0.5,16.0
10192,130158,1,2,2,0,55,1,2,2,13,0,low,0.5,10.0
10193,130159,1,3,2,5,55,1,1,1,13,0,low,0.3333333333333333,17.0
10194,130160,1,2,2,5,45,2,1,1,13,0,low,0.5,2.0
10195,130161,1,5,2,5,55,1,1,1,13,0,low,0.2,12.0
10196,130162,1,2,2,2,55,1,1,1,13,1,low,0.5,14.0
10197,130163,1,2,2,0,35,1,1,1,13,0,low,0.5,4.0
10198,130164,1,4,2,1,55,1,1,1,13,0,low,0.25,9.0
10199,130165,1,2,2,2,45,2,1,1,13,1,low,0.5,20.0
10200,130166,1,10,2,5,45,3,1,1,13,0,low,0.1,14.0
10201,130167,3,6,2,0,25,2,1,1,13,0,low,0.5,9.0
10202,130168,1,2,2,0,55,2,1,1,13,1,low,0.5,8.0
10203,130169,1,3,2,4,55,1,1,1,13,0,low,0.3333333333333333,6.0
10204,130170,1,2,2,0,55,1,1,1,13,0,low,0.5,9.0
10205,130171,1,5,2,1,45,1,1,1,13,0,low,0.2,4.0
10206,130172,1,3,2,5,55,1,1,1,13,0,low,0.3333333333333333,18.0
10207,130173,1,3,2,0,45,2,1,1,13,0,low,0.3333333333333333,25.0
10208,130174,1,4,1,0,55,1,1,1,13,0,low,0.25,7.0
10209,130175,1,1,1,0,99,1,1,1,13,0,high,1.0,51.0
10210,130176,1,2,2,4,55,1,1,2,13,0,low,0.5,10.0
10211,130177,1,2,2,4,45,1,1,1,13,0,low,0.5,10.0
10212,130178,1,1,2,0,45,2,1,1,13,1,high,1.0,14.0
10213,130179,2,4,2,6,45,1,1,1,13,1,low,0.5,6.0
10214,130180,1,1,2,0,45,1,1,1,13,1,high,1.0,9.0
10215,130181,1,3,2,0,50,2,1,1,13,1,low,0.3333333333333333,7.0
10216,130182,1,2,2,0,45,2,1,1,13,1,low,0.5,10.0
10217,130183,1,3,2,5,45,1,1,1,13,0,low,0.3333333333333333,16.0
10218,130184,1,3,2,5,35,1,1,1,13,0,low,0.3333333333333333,10.0
10219,130185,1,2,2,0,35,2,1,1,13,0,low,0.5,5.0
10220,130186,1,2,2,5,55,1,1,1,13,0,low,0.5,7.0
10221,130187,1,1,2,0,30,2,1,1,13,0,high,1.0,5.0
10222,130188,1,1,2,0,25,3,1,1,13,1,high,1.0,5.0
10223,130189,1,4,2,1,55,2,1,1,13,1,low,0.25,23.0
10224,130190,1,3,2,0,55,2,1,1,13,2,low,0.3333333333333333,9.0
10225,130191,1,3,3,4,45,1,1,2,13,0,low,0.3333333333333333,32.0
10226,130192,1,2,3,0,55,2,1,1,13,0,low,0.5,8.0
10227,130193,1,1,3,0,40,1,1,1,13,0,high,1.0,6.0
10228,130194,1,2,3,2,40,2,1,1,13,1,low,0.5,8.0
10229,130195,1,4,3,4,55,2,1,1,13,1,low,0.25,8.0
10230,130196,7,37,3,0,55,3,1,1,13,0,low,0.1891891891891892,15.0
10231,130197,1,2,3,0,40,2,1,1,13,0,low,0.5,15.0
10232,130198,1,2,3,0,50,2,1,1,13,0,low,0.5,6.0
10233,130199,1,6,3,4,55,1,1,1,13,0,low,0.16666666666666666,9.0
10234,130200,1,2,3,0,35,3,1,1,13,0,low,0.5,1.0
10235,130201,1,1,3,0,55,1,1,1,13,0,high,1.0,9.0
10236,130202,1,4,3,5,55,1,1,1,13,0,low,0.25,13.0
10237,130203,1,6,3,0,70,2,1,1,13,0,low,0.16666666666666666,17.0
10238,130204,1,4,3,2,45,1,1,1,13,0,low,0.25,5.0
10239,130205,1,2,3,7,70,2,1,1,13,0,low,0.5,6.0
10240,130206,1,4,3,5,55,1,1,1,13,0,low,0.25,13.0
10241,130207,1,2,3,4,45,1,1,1,13,0,low,0.5,23.0
10242,130208,1,5,3,4,55,1,1,1,13,0,low,0.2,12.0
10243,130209,1,2,3,5,55,1,1,1,13,0,low,0.5,15.0
10244,130210,1,2,3,0,55,5,1,1,13,0,low,0.5,4.0
10245,130211,1,2,3,0,65,2,1,1,13,1,low,0.5,1.0
10246,130212,1,4,3,5,55,3,1,1,13,0,low,0.25,14.0
10247,130213,1,6,3,4,40,1,1,1,13,0,low,0.16666666666666666,6.0
10248,130214,1,1,3,0,55,2,1,1,13,1,high,1.0,6.0
10249,130215,1,7,3,1,45,2,1,1,13,0,low,0.14285714285714285,18.0
10250,130216,1,2,3,2,55,1,1,1,13,0,low,0.5,11.0
10251,130217,1,2,3,2,55,1,1,1,13,0,low,0.5,2.0
10252,130218,1,7,3,0,70,1,1,1,13,0,low,0.14285714285714285,10.0
10253,130219,1,1,3,0,35,3,1,1,13,0,high,1.0,3.0
10254,130220,1,2,3,2,45,2,1,1,13,2,low,0.5,5.0
10255,130221,1,2,3,0,45,2,2,2,13,0,low,0.5,10.0
10256,130222,1,5,3,5,45,1,1,1,13,0,low,0.2,8.0
10257,130223,1,7,3,1,70,2,1,1,13,1,low,0.14285714285714285,6.0
10258,130224,1,1,3,0,55,1,1,1,13,0,high,1.0,17.0
10259,130225,1,1,3,0,45,2,1,1,13,1,high,1.0,17.0
10260,130226,1,1,3,0,55,1,1,1,13,0,high,1.0,10.0
10261,130227,1,3,3,0,55,1,1,1,13,0,low,0.3333333333333333,8.0
10262,130228,1,3,3,0,45,3,1,1,13,1,low,0.3333333333333333,4.0
10263,130229,1,1,3,0,45,1,1,1,13,0,high,1.0,7.0
10264,130230,1,1,3,0,70,2,1,1,13,1,high,1.0,5.0
10265,130231,1,2,3,2,45,1,1,1,13,0,low,0.5,14.0
10266,130232,1,2,3,5,55,1,9,9,13,0,low,0.5,10.0
10267,130233,1,5,3,0,65,2,1,1,13,0,low,0.2,9.0
10268,130234,1,2,3,0,55,1,1,1,13,0,low,0.5,7.0
10269,130235,1,2,3,5,55,1,1,1,13,0,low,0.5,8.0
10270,130236,1,2,3,5,45,1,1,1,13,0,low,0.5,5.0
10271,130237,1,1,3,0,55,1,1,1,13,1,high,1.0,11.0
10272,130238,1,1,3,0,35,1,1,1,13,1,high,1.0,10.0
10273,130239,3,5,3,1,35,1,1,1,13,0,high,0.6,11.0
10274,130240,1,2,3,5,55,2,1,1,13,0,low,0.5,5.0
10275,130241,1,4,3,5,35,2,1,1,13,1,low,0.25,3.0
10276,130242,1,1,3,0,55,1,1,1,13,1,high,1.0,2.0
10277,130243,1,1,3,0,55,1,1,1,13,0,high,1.0,12.0
10278,130244,1,2,3,5,55,2,1,1,13,0,low,0.5,17.0
10279,130245,1,3,3,0,55,1,1,1,13,0,low,0.3333333333333333,11.0
10280,130246,1,5,3,1,55,4,2,2,13,0,low,0.2,2.0
10281,130247,1,2,3,4,55,1,1,2,13,0,low,0.5,124.0
10282,130248,2,8,3,0,70,1,1,1,13,0,low,0.25,9.0
10283,130249,1,1,3,0,50,2,5,2,13,0,high,1.0,8.0
10284,130250,1,3,3,5,55,2,1,1,13,0,low,0.3333333333333333,7.0
10285,130251,1,2,3,0,55,2,1,1,13,1,low,0.5,4.0
10286,130252,1,1,3,0,55,2,1,1,13,1,high,1.0,8.0
10287,130253,1,1,3,0,55,2,1,1,13,1,high,1.0,6.0
10288,130254,1,1,3,0,45,2,1,1,13,0,high,1.0,5.0
10289,130255,1,7,3,2,35,4,1,1,13,0,low,0.14285714285714285,5.0
10290,130256,1,1,3,0,30,1,1,1,13,0,high,1.0,4.0
10291,130257,1,2,3,1,45,2,1,1,13,0,low,0.5,10.0
10292,130258,1,1,3,0,55,2,1,1,13,0,high,1.0,13.0
10293,130259,1,2,3,0,35,3,1,1,13,0,low,0.5,4.0
10294,130260,1,2,3,2,55,1,1,1,13,1,low,0.5,6.0
10295,130261,1,1,3,0,55,1,1,1,13,1,high,1.0,8.0
10296,130262,1,2,3,0,55,1,1,1,13,0,low,0.5,17.0
10297,130263,1,2,3,5,55,1,1,1,13,0,low,0.5,6.0
10298,130264,1,2,3,5,45,2,1,1,13,0,low,0.5,17.0
10299,130265,1,5,3,5,55,1,1,1,13,0,low,0.2,20.0
10300,130266,2,2,3,0,65,1,1,1,13,0,high,1.0,5.0
10301,130267,1,5,3,5,45,3,1,1,13,0,low,0.2,17.0
10302,130268,1,3,3,5,45,2,1,1,13,0,low,0.3333333333333333,10.0
10303,130269,2,3,3,8,55,2,1,1,13,0,high,0.6666666666666666,16.0
10304,130270,1,3,3,3,55,1,1,1,13,0,low,0.3333333333333333,8.0
10305,130271,1,9,3,0,35,1,1,1,13,0,low,0.1111111111111111,8.0
10306,130272,1,4,3,2,45,1,1,1,13,0,low,0.25,19.0
10307,130273,1,2,3,0,55,2,1,1,13,0,low,0.5,10.0
10308,130274,1,5,3,5,55,1,1,1,13,0,low,0.2,9.0
10309,130275,1,2,3,0,35,1,1,1,13,0,low,0.5,18.0
10310,130276,1,1,3,0,45,1,1,1,13,0,high,1.0,4.0
10311,130277,1,4,3,1,55,1,1,1,13,1,low,0.25,12.0
10312,130278,1,2,3,5,45,1,1,1,13,0,low,0.5,22.0
10313,130279,1,2,3,0,25,1,1,1,13,0,low,0.5,6.0
10314,130280,1,2,3,5,50,1,1,1,13,1,low,0.5,6.0
10315,130281,1,1,3,0,55,2,1,1,13,1,high,1.0,13.0
10316,130282,2,4,3,5,55,2,1,1,13,2,low,0.5,9.0
10317,130283,1,2,1,1,65,2,1,1,13,0,low,0.5,31.0
10318,130284,1,1,2,0,55,5,1,1,13,0,high,1.0,4.0
10319,130285,1,2,2,0,40,2,1,1,13,0,low,0.5,12.0
10320,130286,1,2,3,0,70,2,2,2,13,0,low,0.5,4.0
10321,130287,1,5,3,5,45,1,1,1,13,0,low,0.2,6.0
10322,130288,1,2,3,5,55,1,1,1,13,0,low,0.5,15.0
10323,130289,1,2,3,4,55,1,1,1,13,0,low,0.5,4.0
10324,130290,2,3,3,0,55,1,1,1,13,0,high,0.6666666666666666,8.0
10325,130291,1,2,3,0,45,3,1,1,13,1,low,0.5,8.0
10326,130292,1,1,3,0,45,2,1,1,13,0,high,1.0,13.0
10327,130293,1,2,3,0,35,1,1,1,13,0,low,0.5,3.0
10328,130294,1,1,3,0,40,4,1,1,13,1,high,1.0,12.0
10329,130295,1,5,3,1,70,2,1,1,13,0,low,0.2,13.0
10330,130296,2,9,3,5,55,2,1,1,13,0,low,0.2222222222222222,9.0
10331,130297,1,4,3,1,35,1,1,1,13,0,low,0.25,19.0
10332,130298,2,3,3,0,25,1,1,1,13,0,high,0.6666666666666666,11.0
10333,130299,1,2,3,0,35,2,1,1,13,0,low,0.5,12.0
10334,130300,1,2,3,0,35,5,1,1,13,0,low,0.5,9.0
10335,130301,1,3,3,2,45,2,1,1,13,1,low,0.3333333333333333,21.0
10336,130302,1,1,3,0,35,2,1,1,13,1,high,1.0,7.0
10337,130303,1,1,3,0,40,2,1,9,13,0,high,1.0,6.0
10338,130304,1,2,3,5,45,1,1,1,13,1,low,0.5,14.0
10339,130305,3,5,3,4,55,1,1,1,13,0,high,0.6,10.0
10340,130306,1,2,3,5,40,4,1,1,13,0,low,0.5,13.0
10341,130307,1,2,3,2,55,2,1,1,13,0,low,0.5,15.0
10342,130308,1,1,3,0,50,1,1,1,13,0,high,1.0,19.0
10343,130309,1,3,3,0,55,2,1,1,13,0,low,0.3333333333333333,12.0
10344,130310,1,2,3,0,35,2,1,1,13,1,low,0.5,64.0
10345,130311,1,2,3,0,45,1,1,1,13,0,low,0.5,7.0
10346,130312,1,3,3,2,55,1,1,1,13,1,low,0.3333333333333333,11.0
10347,130313,1,1,3,0,45,2,1,1,13,1,high,1.0,17.0
10348,130314,1,4,3,3,70,1,1,1,13,0,low,0.25,12.0
10349,130315,1,2,3,0,45,1,1,1,13,0,low,0.5,34.0
10350,130316,1,3,3,5,55,1,1,1,13,0,low,0.3333333333333333,2.0
10351,130317,1,19,3,1,45,3,1,1,13,0,low,0.05263157894736842,4.0
10352,130318,3,3,4,0,55,2,1,2,13,0,high,1.0,6.0
10353,130319,1,3,4,0,70,1,2,2,13,0,low,0.3333333333333333,10.0
10354,130320,1,2,4,0,45,2,1,1,13,0,low,0.5,6.0
10355,130321,1,2,4,0,50,2,1,1,13,0,low,0.5,17.0
10356,130322,1,3,4,2,50,1,1,1,13,0,low,0.3333333333333333,9.0
10357,130323,1,2,4,0,35,1,1,1,13,0,low,0.5,19.0
10358,130324,1,1,4,0,55,1,1,1,13,0,high,1.0,24.0
10359,130325,1,2,4,0,55,2,1,1,13,0,low,0.5,9.0
10360,130326,1,2,4,0,35,2,1,1,13,1,low,0.5,5.0
10361,130327,1,2,4,2,55,1,1,1,13,0,low,0.5,4.0
10362,130328,1,3,4,0,40,3,1,1,13,1,low,0.3333333333333333,4.0
10363,130329,1,2,4,1,65,1,1,1,13,0,low,0.5,2.0
10364,130330,1,4,4,0,70,1,1,1,13,1,low,0.25,9.0
10365,130331,1,1,4,0,45,2,1,1,13,0,high,1.0,24.0
10366,130332,1,3,4,1,45,1,1,1,13,0,low,0.3333333333333333,15.0
10367,130333,1,1,4,9,55,4,1,1,13,0,high,1.0,10.0
10368,130334,1,5,4,8,55,1,1,1,13,0,low,0.2,5.0
10369,130335,1,2,4,0,55,2,1,1,13,1,low,0.5,7.0
10370,130336,1,2,4,5,35,1,1,1,13,0,low,0.5,11.0
10371,130337,1,7,4,2,35,1,1,1,13,0,low,0.14285714285714285,8.0
10372,130338,1,4,4,1,45,1,1,1,13,0,low,0.25,29.0
10373,130339,1,4,4,0,55,2,1,1,13,0,low,0.25,5.0
10374,130340,1,6,4,5,55,1,1,1,13,0,low,0.16666666666666666,4.0
10375,130341,1,6,4,5,55,1,1,1,13,0,low,0.16666666666666666,15.0
10376,130342,4,8,4,2,65,2,1,1,13,1,low,0.5,4.0
10377,130343,1,1,4,0,35,1,1,1,13,0,high,1.0,7.0
10378,130344,1,2,4,5,55,1,1,1,13,0,low,0.5,9.0
10379,130345,1,1,4,0,35,2,1,1,13,0,high,1.0,4.0
10380,130346,1,1,4,0,15,1,1,1,13,1,high,1.0,6.0
10381,130347,1,5,4,2,45,1,1,1,13,0,low,0.2,15.0
10382,130348,2,3,4,0,35,1,1,1,13,1,high,0.6666666666666666,7.0
10383,130349,1,2,4,2,55,1,1,1,13,0,low,0.5,2.0
10384,130350,1,1,4,0,45,2,1,2,13,0,high,1.0,5.0
10385,130351,1,3,4,4,45,1,1,1,13,0,low,0.3333333333333333,5.0
10386,130352,1,2,4,5,70,1,1,1,13,1,low,0.5,41.0
10387,130353,1,2,4,0,45,1,1,1,13,0,low,0.5,8.0
10388,130354,1,3,4,0,70,2,1,1,13,1,low,0.3333333333333333,24.0
10389,130355,1,2,4,0,70,1,1,1,13,0,low,0.5,15.0
10390,130356,1,2,4,0,40,2,2,2,13,1,low,0.5,6.0
10391,130357,1,1,4,0,55,1,1,1,13,1,high,1.0,8.0
10392,130358,1,1,4,0,55,1,1,1,13,1,high,1.0,8.0
10393,130359,1,4,4,2,55,1,1,1,13,0,low,0.25,18.0
10394,130360,1,3,4,5,65,1,1,1,13,0,low,0.3333333333333333,5.0
10395,130361,1,5,4,5,65,1,1,1,13,0,low,0.2,21.0
10396,130362,1,2,4,6,55,1,1,1,13,0,low,0.5,8.0
10397,130363,1,1,4,0,45,2,1,1,13,1,high,1.0,14.0
10398,130364,1,2,4,4,45,3,1,1,13,0,low,0.5,7.0
10399,130365,1,3,4,5,55,1,1,1,13,0,low,0.3333333333333333,5.0
10400,130366,1,2,4,5,35,3,1,1,13,1,low,0.5,6.0
10401,130367,1,4,4,0,55,1,1,1,13,0,low,0.25,9.0
10402,130368,1,2,4,0,45,3,1,1,13,0,low,0.5,12.0
10403,130369,1,1,4,0,55,2,1,1,13,1,high,1.0,9.0
10404,130370,1,3,4,0,55,4,1,1,13,0,low,0.3333333333333333,14.0
10405,130371,1,2,4,1,65,2,1,1,13,0,low,0.5,7.0
10406,130372,1,8,4,1,55,2,1,1,13,0,low,0.125,7.0
10407,130373,1,4,4,0,30,2,1,1,13,1,low,0.25,8.0
10408,130374,2,2,4,0,55,5,1,1,13,0,high,1.0,15.0
10409,130375,1,2,4,0,35,1,1,1,13,0,low,0.5,11.0
10410,130376,1,1,4,0,45,1,1,1,13,0,high,1.0,8.0
10411,130377,1,3,4,0,45,2,1,1,13,1,low,0.3333333333333333,1.0
10412,130378,1,1,4,0,55,1,1,1,13,0,high,1.0,5.0
10413,130379,1,1,4,0,45,2,1,1,13,1,high,1.0,6.0
10414,130380,1,1,4,0,55,1,1,1,13,1,high,1.0,6.0
10415,130381,1,1,4,0,55,1,1,1,13,1,high,1.0,27.0
10416,130382,1,2,4,0,45,1,1,1,13,0,low,0.5,22.0
10417,130383,1,2,4,0,55,1,1,1,13,0,low,0.5,9.0
10418,130384,1,2,4,2,35,1,1,1,13,0,low,0.5,12.0
10419,130385,1,1,4,0,55,1,1,1,13,0,high,1.0,640.0
10420,130386,1,2,4,8,55,1,1,1,13,1,low,0.5,18.0
10421,130387,1,1,4,0,65,1,1,1,13,0,high,1.0,11.0
10422,130388,1,2,4,5,55,1,1,1,13,0,low,0.5,11.0
10423,130389,1,2,4,5,45,1,1,2,13,0,low,0.5,2.0
10424,130390,1,4,4,0,45,2,1,1,13,0,low,0.25,6.0
10425,130391,1,3,4,5,35,1,2,2,13,0,low,0.3333333333333333,5.0
10426,130392,2,2,4,2,55,1,1,1,13,1,high,1.0,4.0
10427,130393,1,5,4,1,70,1,1,1,13,0,low,0.2,9.0
10428,130394,1,4,4,1,55,1,1,1,13,0,low,0.25,12.0
10429,130395,2,7,4,5,45,2,1,1,13,0,low,0.2857142857142857,4.0
10430,130396,2,3,4,4,45,1,1,1,13,0,high,0.6666666666666666,4.0
10431,130397,1,1,4,0,65,2,1,1,13,1,high,1.0,5.0
10432,130398,1,1,4,0,45,1,1,1,13,1,high,1.0,20.0
10433,130399,1,2,4,1,70,2,1,1,13,0,low,0.5,1.0
10434,130400,1,1,4,0,45,2,1,1,13,0,high,1.0,4.0
10435,130401,1,1,4,0,55,1,1,1,13,0,high,1.0,16.0
10436,130402,1,3,4,2,30,1,1,1,13,0,low,0.3333333333333333,9.0
10437,130403,1,1,4,0,55,1,1,1,13,0,high,1.0,20.0
10438,130404,1,3,4,0,40,1,1,1,13,0,low,0.3333333333333333,5.0
10439,130405,1,2,4,0,35,1,1,1,13,1,low,0.5,53.0
10440,130406,1,1,1,0,25,1,1,1,13,1,high,1.0,5.0
10441,130407,1,3,1,4,55,1,1,1,13,0,low,0.3333333333333333,10.0
10442,130408,1,10,2,5,55,1,1,1,13,0,low,0.1,11.0
10443,130409,1,6,2,4,45,2,2,2,13,1,low,0.16666666666666666,15.0
10444,130410,1,1,2,0,45,5,1,1,13,1,high,1.0,18.0
10445,130411,1,6,2,4,55,1,1,1,13,0,low,0.16666666666666666,12.0
10446,130412,1,2,2,0,35,3,1,1,13,1,low,0.5,13.0
10447,130413,1,2,3,0,55,3,1,1,13,1,low,0.5,29.0
10448,130414,1,1,3,0,99,2,8,1,13,0,high,1.0,16.0
10449,130415,1,2,3,0,55,1,1,1,13,0,low,0.5,6.0
10450,130416,3,4,3,0,55,1,1,1,13,0,high,0.75,10.0
10451,130417,1,2,4,0,35,1,2,2,13,0,low,0.5,3.0
10452,130418,1,2,4,4,45,1,1,1,13,0,low,0.5,7.0
10453,130419,1,3,4,0,40,1,1,1,13,0,low,0.3333333333333333,7.0
10454,130420,2,2,4,2,45,1,1,1,13,0,high,1.0,21.0
10455,130421,1,1,4,0,35,1,1,1,13,1,high,1.0,9.0
10456,130422,1,3,4,0,55,1,1,1,13,1,low,0.3333333333333333,6.0
10457,130423,1,2,4,0,65,1,1,1,13,0,low,0.5,5.0
10458,130424,1,3,4,5,45,1,1,1,13,0,low,0.3333333333333333,9.0
10459,130425,1,4,5,2,55,1,1,1,13,0,low,0.25,6.0
10460,130426,1,2,5,0,55,1,1,1,13,0,low,0.5,2.0
10461,130427,1,2,5,2,45,1,1,1,13,0,low,0.5,9.0
10462,130428,1,2,5,2,45,1,1,1,13,0,low,0.5,17.0
10463,130429,1,1,5,0,55,1,1,1,13,0,high,1.0,26.0
10464,130430,1,1,5,0,70,1,1,1,13,0,high,1.0,6.0
10465,130431,1,2,5,2,35,5,1,1,13,1,low,0.5,2.0
10466,130432,1,2,5,0,55,3,1,1,13,0,low,0.5,10.0
10467,130433,1,2,5,2,45,1,1,1,13,0,low,0.5,8.0
10468,130434,2,3,5,5,55,1,1,1,13,0,high,0.6666666666666666,8.0
10469,130435,1,1,5,0,65,1,1,1,13,0,high,1.0,7.0
10470,130436,1,4,5,0,55,2,1,1,13,0,low,0.25,6.0
10471,130437,1,4,5,2,35,1,1,1,13,0,low,0.25,5.0
10472,130438,1,3,5,2,55,1,1,1,13,0,low,0.3333333333333333,2.0
10473,130439,1,2,5,0,35,2,1,1,13,1,low,0.5,7.0
10474,130440,1,7,5,0,70,1,1,2,13,0,low,0.14285714285714285,12.0
10475,130441,1,1,5,0,70,1,1,1,13,0,high,1.0,13.0
10476,130442,1,1,5,0,70,1,1,1,13,0,high,1.0,5.0
10477,130443,1,2,5,0,35,2,1,1,13,1,low,0.5,6.0
10478,130444,1,3,5,0,70,1,1,1,13,0,low,0.3333333333333333,12.0
10479,130445,1,2,5,1,45,2,1,1,13,0,low,0.5,9.0
10480,130446,1,3,5,0,35,2,1,1,13,0,low,0.3333333333333333,6.0
10481,130447,1,2,5,0,65,1,1,1,13,0,low,0.5,21.0
10482,130448,1,2,5,5,55,1,1,1,13,0,low,0.5,2.0
10483,130449,1,3,5,5,55,1,1,1,13,0,low,0.3333333333333333,8.0
10484,130450,1,2,5,0,35,1,1,1,13,0,low,0.5,7.0
10485,130451,3,3,5,5,65,1,1,1,13,0,high,1.0,6.0
10486,130452,1,5,5,5,65,1,1,1,13,0,low,0.2,10.0
10487,130453,1,4,5,5,55,1,1,1,13,0,low,0.25,7.0
10488,130454,1,2,5,2,55,1,1,1,13,0,low,0.5,5.0
10489,130455,1,1,5,0,55,2,1,1,13,1,high,1.0,7.0
10490,130456,1,1,5,0,45,2,1,1,13,0,high,1.0,4.0
10491,130457,1,3,5,5,55,1,2,2,13,0,low,0.3333333333333333,7.0
10492,130458,2,7,5,5,55,1,2,2,13,0,low,0.2857142857142857,4.0
10493,130459,1,2,5,0,50,1,8,1,13,0,low,0.5,1.0
10494,130460,1,3,5,2,70,1,1,1,13,1,low,0.3333333333333333,5.0
10495,130461,1,3,5,5,55,2,1,2,13,1,low,0.3333333333333333,4.0
10496,130462,1,1,5,0,70,2,1,1,13,1,high,1.0,8.0
10497,130463,2,2,5,0,55,1,1,1,13,0,high,1.0,10.0
10498,130464,1,2,5,7,55,1,1,1,13,0,low,0.5,6.0
10499,130465,1,3,5,5,45,3,1,1,13,0,low,0.3333333333333333,9.0
10500,130466,1,5,5,5,65,1,1,1,13,0,low,0.2,4.0
10501,130467,1,2,5,0,55,1,1,1,13,1,low,0.5,9.0
10502,130468,1,1,5,0,55,2,1,1,13,1,high,1.0,6.0
10503,130469,1,2,5,0,55,2,1,1,13,0,low,0.5,9.0
10504,130470,1,4,5,0,55,1,1,1,13,0,low,0.25,1.0
10505,130471,1,1,5,0,45,3,1,1,13,1,high,1.0,2.0
10506,130472,1,3,5,2,45,1,1,1,13,0,low,0.3333333333333333,6.0
10507,130473,1,3,5,1,45,1,1,1,13,0,low,0.3333333333333333,11.0
10508,130474,1,3,5,5,35,1,1,1,13,0,low,0.3333333333333333,11.0
10509,130475,1,1,5,0,45,2,1,1,13,0,high,1.0,3.0
10510,130476,1,3,5,0,25,2,1,1,13,0,low,0.3333333333333333,11.0
10511,130477,2,5,5,1,70,2,1,1,13,0,low,0.4,2.0
10512,130478,2,3,5,0,55,2,1,1,13,0,high,0.6666666666666666,5.0