,ST_CASE,FATALS,PERSONS,MONTH,MAN_COLL,SP_LIMIT,LGT_COND,WEATHER,SUR_COND,STATE,DRUNK_DR,rate,rate_numerical,arrival_time
10513,130479,2,2,5,0,35,2,1,1,13,1,high,1.0,5.0
10514,130480,1,1,5,0,50,1,1,1,13,0,high,1.0,13.0
10515,130481,1,1,5,0,65,2,1,1,13,1,high,1.0,8.0
10516,130482,1,2,5,0,45,1,1,1,13,0,low,0.5,8.0
10517,130483,1,1,5,0,25,1,1,1,13,1,high,1.0,9.0
10518,130484,1,2,5,5,45,1,1,1,13,0,low,0.5,15.0
10519,130485,1,4,5,0,55,1,1,1,13,0,low,0.25,12.0
10520,130486,1,4,5,0,55,1,1,1,13,0,low,0.25,6.0
10521,130487,1,3,5,2,55,2,1,1,13,0,low,0.3333333333333333,5.0
10522,130488,1,1,5,0,70,1,1,1,13,0,high,1.0,55.0
10523,130489,1,1,5,0,55,3,1,1,13,0,high,1.0,16.0
10524,130490,1,2,5,0,55,2,1,1,13,0,low,0.5,40.0
10525,130491,1,4,5,0,65,2,1,1,13,0,low,0.25,8.0
10526,130492,1,1,5,0,35,2,1,1,13,1,high,1.0,12.0
10527,130493,1,2,5,0,55,2,1,1,13,0,low,0.5,5.0
10528,130494,1,1,5,0,60,1,1,1,13,0,high,1.0,6.0
10529,130495,1,1,5,0,55,2,1,1,13,0,high,1.0,11.0
10530,130496,1,2,5,0,55,5,1,1,13,1,low,0.5,7.0
10531,130497,1,1,5,0,45,1,1,1,13,0,high,1.0,3.0
10532,130498,1,2,5,8,50,1,1,1,13,0,low,0.5,6.0
10533,130499,1,4,5,0,45,2,1,1,13,0,low,0.25,1.0
10534,130500,1,2,5,2,45,1,1,1,13,0,low,0.5,3.0
10535,130501,1,2,5,5,35,1,1,1,13,0,low,0.5,8.0
10536,130502,1,1,5,0,55,1,1,1,13,0,high,1.0,8.0
10537,130503,1,3,5,3,70,2,1,1,13,0,low,0.3333333333333333,7.0
10538,130504,1,1,5,0,35,2,1,1,13,1,high,1.0,8.0
10539,130505,1,1,5,0,35,2,1,1,13,1,high,1.0,4.0
10540,130506,1,2,5,0,25,1,1,1,13,0,low,0.5,14.0
10541,130507,1,1,5,0,65,1,1,1,13,0,high,1.0,8.0
10542,130508,1,1,5,0,40,2,1,1,13,1,high,1.0,9.0
10543,130509,1,2,5,0,55,1,1,1,13,0,low,0.5,3.0
10544,130510,1,1,5,0,35,2,1,1,13,0,high,1.0,9.0
10545,130511,1,7,5,4,65,1,1,1,13,0,low,0.14285714285714285,12.0
10546,130512,1,6,5,2,55,1,1,1,13,0,low,0.16666666666666666,13.0
10547,130513,1,4,5,0,45,1,1,1,13,1,low,0.25,16.0
10548,130514,1,6,5,1,65,3,1,1,13,1,low,0.16666666666666666,7.0
10549,130515,1,1,5,0,45,2,1,1,13,0,high,1.0,13.0
10550,130516,1,1,5,0,35,3,1,1,13,1,high,1.0,9.0
10551,130517,1,2,5,0,55,2,1,1,13,1,low,0.5,5.0
10552,130518,1,3,5,1,55,1,1,1,13,0,low,0.3333333333333333,10.0
10553,130519,1,1,5,0,45,1,1,1,13,0,high,1.0,21.0
10554,130520,1,2,5,0,55,2,1,1,13,0,low,0.5,6.0
10555,130521,1,1,1,0,40,3,1,1,13,0,high,1.0,11.0
10556,130522,1,2,1,0,25,2,1,1,13,0,low,0.5,10.0
10557,130523,2,3,1,2,45,1,1,1,13,0,high,0.6666666666666666,9.0
10558,130524,1,1,2,0,35,1,1,1,13,0,high,1.0,5.0
10559,130525,1,3,2,9,35,3,1,1,13,2,low,0.3333333333333333,10.0
10560,130526,1,3,2,2,45,2,1,1,13,0,low,0.3333333333333333,11.0
10561,130527,1,2,2,5,30,1,1,1,13,0,low,0.5,17.0
10562,130528,1,1,3,0,45,1,1,1,13,1,high,1.0,12.0
10563,130529,1,3,3,8,55,1,1,1,13,0,low,0.3333333333333333,4.0
10564,130530,1,2,3,2,45,1,1,1,13,0,low,0.5,9.0
10565,130531,1,4,3,5,25,1,1,1,13,0,low,0.25,10.0
10566,130532,1,1,3,0,55,1,1,1,13,0,high,1.0,14.0
10567,130533,1,4,3,1,55,1,1,1,13,0,low,0.25,15.0
10568,130534,2,3,3,5,50,1,1,1,13,0,high,0.6666666666666666,9.0
10569,130535,1,8,3,0,65,2,1,1,13,0,low,0.125,9.0
10570,130536,1,2,4,2,40,2,1,1,13,0,low,0.5,8.0
10571,130537,2,7,4,7,65,1,2,2,13,0,low,0.2857142857142857,10.0
10572,130538,1,6,4,4,45,5,1,2,13,0,low,0.16666666666666666,8.0
10573,130539,1,3,4,1,70,1,1,1,13,0,low,0.3333333333333333,6.0
10574,130540,1,2,4,0,10,1,1,1,13,0,low,0.5,5.0
10575,130541,1,3,4,0,35,2,1,1,13,1,low,0.3333333333333333,16.0
10576,130542,1,2,4,7,55,1,1,1,13,0,low,0.5,9.0
10577,130543,1,9,4,5,65,1,1,1,13,0,low,0.1111111111111111,16.0
10578,130544,1,1,4,0,35,3,1,1,13,1,high,1.0,5.0
10579,130545,1,2,4,2,45,1,1,1,13,0,low,0.5,21.0
10580,130546,1,4,4,1,55,1,1,1,13,0,low,0.25,4.0
10581,130547,1,1,4,0,65,1,1,1,13,0,high,1.0,422.0
10582,130548,1,2,4,8,45,2,1,1,13,0,low,0.5,3.0
10583,130549,1,2,4,0,45,3,1,1,13,1,low,0.5,6.0
10584,130550,1,2,4,2,55,1,1,1,13,0,low,0.5,10.0
10585,130551,1,1,4,0,55,3,1,1,13,0,high,1.0,17.0
10586,130552,1,3,4,2,45,1,1,1,13,0,low,0.3333333333333333,12.0
10587,130553,1,2,4,5,55,2,1,1,13,0,low,0.5,10.0
10588,130554,1,2,5,0,55,1,1,1,13,0,low,0.5,15.0
10589,130555,1,1,5,0,55,1,1,1,13,0,high,1.0,54.0
10590,130556,1,2,5,0,65,2,1,1,13,1,low,0.5,7.0
10591,130557,1,1,5,0,55,3,1,1,13,1,high,1.0,42.0
10592,130558,1,2,6,0,55,1,1,1,13,0,low,0.5,10.0
10593,130559,1,2,6,2,45,1,1,1,13,0,low,0.5,6.0
10594,130560,1,1,6,0,45,1,1,1,13,0,high,1.0,4.0
10595,130561,1,4,6,4,70,2,1,2,13,0,low,0.25,5.0
10596,130562,1,1,6,0,25,1,1,1,13,1,high,1.0,8.0
10597,130563,1,1,6,0,35,3,1,1,13,1,high,1.0,7.0
10598,130564,1,8,6,7,70,1,1,1,13,0,low,0.125,7.0
10599,130565,1,3,6,8,55,1,1,1,13,0,low,0.3333333333333333,4.0
10600,130566,1,4,6,7,55,1,1,1,13,0,low,0.25,7.0
10601,130567,2,2,6,0,45,2,1,1,13,1,high,1.0,1333.0
10602,130568,1,2,6,0,35,1,2,2,13,1,low,0.5,6.0
10603,130569,1,2,6,0,35,2,1,1,13,1,low,0.5,9.0
10604,130570,1,3,6,3,55,2,1,1,13,0,low,0.3333333333333333,26.0
10605,130571,1,1,6,0,55,1,1,1,13,0,high,1.0,16.0
10606,130572,1,3,6,0,55,2,1,1,13,0,low,0.3333333333333333,6.0
10607,130573,4,6,6,0,65,2,1,1,13,0,high,0.6666666666666666,21.0
10608,130574,1,2,6,1,55,1,1,1,13,0,low,0.5,12.0
10609,130575,1,1,6,0,35,2,1,1,13,0,high,1.0,5.0
10610,130576,1,2,6,5,45,3,1,1,13,1,low,0.5,11.0
10611,130577,1,4,6,1,65,2,1,1,13,2,low,0.25,36.0
10612,130578,1,2,6,0,45,2,1,1,13,0,low,0.5,13.0
10613,130579,1,1,6,1,35,1,1,1,13,0,high,1.0,11.0
10614,130580,1,4,6,8,45,1,1,1,13,0,low,0.25,38.0
10615,130581,1,2,6,0,35,2,1,1,13,0,low,0.5,13.0
10616,130582,1,2,6,0,35,1,1,1,13,0,low,0.5,5.0
10617,130583,1,3,6,11,55,1,1,1,13,0,low,0.3333333333333333,8.0
10618,130584,1,2,6,2,55,1,1,2,13,0,low,0.5,42.0
10619,130585,1,1,6,0,40,2,1,1,13,0,high,1.0,8.0
10620,130586,1,1,6,0,45,1,1,1,13,0,high,1.0,13.0
10621,130587,1,2,6,1,70,2,1,1,13,0,low,0.5,21.0
10622,130588,1,1,6,0,55,2,1,1,13,0,high,1.0,1.0
10623,130589,1,3,6,8,55,1,1,1,13,0,low,0.3333333333333333,8.0
10624,130590,1,6,6,2,50,1,1,1,13,0,low,0.16666666666666666,25.0
10625,130591,2,3,6,3,55,1,1,1,13,0,high,0.6666666666666666,20.0
10626,130592,1,1,6,0,65,1,1,1,13,1,high,1.0,8.0
10627,130593,1,1,6,0,55,2,1,1,13,0,high,1.0,11.0
10628,130594,1,1,6,0,40,1,1,1,13,1,high,1.0,6.0
10629,130595,1,5,6,5,40,1,1,1,13,0,low,0.2,7.0
10630,130596,1,1,6,0,55,5,1,1,13,0,high,1.0,4.0
10631,130597,1,1,6,0,70,1,1,1,13,0,high,1.0,16.0
10632,130598,1,2,6,5,45,1,1,2,13,0,low,0.5,22.0
10633,130599,1,4,6,8,55,2,1,1,13,0,low,0.25,15.0
10634,130600,1,2,6,0,35,3,2,2,13,1,low,0.5,5.0
10635,130601,1,3,6,5,55,1,1,1,13,0,low,0.3333333333333333,19.0
10636,130602,1,1,6,0,55,2,1,2,13,1,high,1.0,4.0
10637,130603,2,5,6,2,55,1,1,1,13,0,low,0.4,4.0
10638,130604,1,1,6,0,30,1,1,1,13,0,high,1.0,9.0
10639,130605,1,3,6,5,45,1,1,1,13,0,low,0.3333333333333333,9.0
10640,130606,1,1,6,0,40,2,1,1,13,1,high,1.0,10.0
10641,130607,1,1,6,0,55,2,1,1,13,1,high,1.0,2.0
10642,130608,1,2,6,0,25,3,1,1,13,1,low,0.5,7.0
10643,130609,1,1,6,0,45,1,1,1,13,0,high,1.0,11.0
10644,130610,1,1,6,0,55,1,1,1,13,0,high,1.0,5.0
10645,130611,1,1,6,0,55,2,1,1,13,1,high,1.0,5.0
10646,130612,1,3,6,0,45,1,1,1,13,2,low,0.3333333333333333,22.0
10647,130613,1,1,6,0,20,1,1,1,13,0,high,1.0,22.0
10648,130614,1,3,6,2,55,1,1,1,13,0,low,0.3333333333333333,14.0
10649,130615,1,1,6,0,45,2,1,1,13,1,high,1.0,10.0
10650,130616,1,1,6,0,55,2,1,1,13,1,high,1.0,11.0
10651,130617,1,4,7,4,55,1,1,1,13,0,low,0.25,8.0
10652,130618,1,4,7,4,55,1,1,1,13,0,low,0.25,8.0
10653,130619,1,1,6,0,65,2,1,1,13,1,high,1.0,10.0
10654,130620,1,3,2,1,55,1,1,1,13,0,low,0.3333333333333333,2.0
10655,130621,2,4,2,2,45,3,1,1,13,0,low,0.5,13.0
10656,130622,1,3,3,5,55,1,1,1,13,0,low,0.3333333333333333,12.0
10657,130623,1,2,4,1,55,2,1,1,13,1,low,0.5,5.0
10658,130624,1,2,4,0,35,2,2,2,13,1,low,0.5,4.0
10659,130625,2,4,4,5,55,2,1,1,13,0,low,0.5,14.0
10660,130626,1,5,4,0,55,3,1,1,13,2,low,0.2,5.0
10661,130627,1,7,4,5,55,1,1,1,13,0,low,0.14285714285714285,6.0
10662,130628,1,2,4,0,55,2,1,1,13,0,low,0.5,7.0
10663,130629,1,20,5,1,45,2,2,2,13,1,low,0.05,13.0
10664,130630,1,3,5,0,25,1,1,1,13,0,low,0.3333333333333333,18.0
10665,130631,1,4,5,2,55,1,1,1,13,0,low,0.25,8.0
10666,130632,1,5,5,5,55,1,1,1,13,0,low,0.2,12.0
10667,130633,1,2,5,0,45,1,1,1,13,0,low,0.5,15.0
10668,130634,1,3,5,0,35,1,1,1,13,0,low,0.3333333333333333,7.0
10669,130635,1,1,5,0,55,2,1,1,13,0,high,1.0,8.0
10670,130636,2,4,5,0,55,2,2,2,13,2,low,0.5,14.0
10671,130637,1,2,5,1,70,2,1,1,13,0,low,0.5,27.0
10672,130638,1,1,5,1,55,2,1,1,13,1,high,1.0,1.0
10673,130639,1,2,5,0,45,3,1,1,13,0,low,0.5,11.0
10674,130640,1,8,5,5,35,1,1,1,13,0,low,0.125,26.0
10675,130641,1,2,5,0,25,1,1,1,13,0,low,0.5,14.0
10676,130642,1,3,5,5,45,1,1,1,13,0,low,0.3333333333333333,9.0
10677,130643,1,1,5,0,30,2,1,1,13,1,high,1.0,10.0
10678,130644,2,3,6,1,35,3,2,2,13,0,high,0.6666666666666666,6.0
10679,130645,1,1,6,0,35,1,1,1,13,0,high,1.0,8.0
10680,130646,1,1,6,0,25,1,1,1,13,0,high,1.0,10.0
10681,130647,1,1,6,0,55,2,1,1,13,0,high,1.0,10.0
10682,130648,1,1,6,0,55,1,1,1,13,1,high,1.0,8.0
10683,130649,1,2,6,1,45,1,1,1,13,0,low,0.5,3.0
10684,130650,1,3,6,0,45,2,1,1,13,0,low,0.3333333333333333,17.0
10685,130651,1,1,6,0,65,1,1,1,13,0,high,1.0,50.0
10686,130652,1,1,6,0,55,1,1,1,13,0,high,1.0,5.0
10687,130653,1,1,6,0,55,4,1,1,13,0,high,1.0,8.0
10688,130654,1,2,6,5,65,2,1,1,13,1,low,0.5,10.0
10689,130655,1,1,6,0,40,1,1,1,13,1,high,1.0,1.0
10690,130656,1,4,6,5,65,1,1,1,13,0,low,0.25,6.0
10691,130657,1,1,6,0,55,2,1,2,13,0,high,1.0,9.0
10692,130658,1,2,6,5,55,1,1,1,13,0,low,0.5,26.0
10693,130659,1,1,6,0,40,1,1,1,13,0,high,1.0,9.0
10694,130660,1,2,6,5,55,2,1,1,13,0,low,0.5,10.0
10695,130661,1,2,6,5,45,1,1,1,13,0,low,0.5,4.0
10696,130662,2,2,6,2,45,5,1,1,13,0,high,1.0,3.0
10697,130663,1,1,6,0,45,2,1,1,13,0,high,1.0,8.0
10698,130664,1,2,6,5,55,1,1,1,13,0,low,0.5,11.0
10699,130665,1,1,6,0,35,3,1,1,13,0,high,1.0,5.0
10700,130666,1,2,6,5,55,1,1,1,13,0,low,0.5,2.0
10701,130667,1,2,6,2,45,4,1,2,13,0,low,0.5,10.0
10702,130668,2,3,6,5,55,1,1,1,13,0,high,0.6666666666666666,4.0
10703,130669,1,3,6,2,55,1,1,1,13,0,low,0.3333333333333333,129.0
10704,130670,1,2,6,7,65,1,1,1,13,0,low,0.5,0.0
10705,130671,1,3,6,2,45,2,1,1,13,0,low,0.3333333333333333,17.0
10706,130672,1,2,6,0,55,2,1,1,13,0,low,0.5,12.0
10707,130673,1,1,6,0,55,2,1,1,13,0,high,1.0,7.0
10708,130674,1,3,6,0,55,1,1,1,13,0,low,0.3333333333333333,5.0
10709,130675,2,21,6,0,55,1,1,1,13,1,low,0.09523809523809523,17.0
10710,130676,1,3,4,5,45,3,1,1,13,1,low,0.3333333333333333,10.0
10711,130678,1,2,5,1,45,1,1,1,13,0,low,0.5,13.0
10712,130679,1,2,5,0,55,3,1,1,13,1,low,0.5,5.0
10713,130680,1,3,6,0,30,3,1,1,13,2,low,0.3333333333333333,47.0
10714,130681,1,5,6,7,55,1,1,1,13,0,low,0.2,10.0
10715,130682,1,2,6,5,45,1,1,1,13,0,low,0.5,4.0
10716,130683,1,2,6,0,45,4,1,1,13,0,low,0.5,10.0
10717,130684,1,3,6,2,55,1,1,1,13,0,low,0.3333333333333333,10.0
10718,130685,1,3,6,5,30,3,2,2,13,0,low,0.3333333333333333,8.0
10719,130686,1,1,6,0,35,1,1,1,13,0,high,1.0,15.0
10720,130687,1,1,6,0,35,1,1,1,13,0,high,1.0,5.0
10721,130688,1,1,6,0,55,2,1,1,13,0,high,1.0,7.0
10722,130689,1,4,6,5,35,1,1,1,13,0,low,0.25,7.0
10723,130690,1,2,6,4,55,1,1,1,13,0,low,0.5,37.0
10724,130691,1,2,6,5,70,1,1,1,13,0,low,0.5,6.0
10725,130692,1,1,6,0,45,3,1,1,13,1,high,1.0,11.0
10726,130693,1,7,6,8,30,1,1,1,13,0,low,0.14285714285714285,6.0
10727,130694,1,1,6,0,55,1,1,1,13,0,high,1.0,10.0
10728,130695,1,1,6,0,55,2,1,1,13,1,high,1.0,8.0
10729,130696,1,12,6,1,70,1,1,1,13,0,low,0.08333333333333333,12.0
10730,130697,1,1,6,0,55,3,1,1,13,0,high,1.0,6.0
10731,130698,1,3,6,5,55,1,1,1,13,0,low,0.3333333333333333,15.0
10732,130699,1,3,7,4,70,1,2,2,13,0,low,0.3333333333333333,11.0
10733,130700,2,2,7,0,55,1,2,2,13,1,high,1.0,1.0
10734,130701,1,1,7,0,35,2,1,1,13,0,high,1.0,14.0
10735,130702,1,1,7,0,55,2,1,1,13,1,high,1.0,23.0
10736,130703,1,2,7,2,45,1,1,1,13,1,low,0.5,10.0
10737,130704,1,4,7,0,35,5,1,1,13,2,low,0.25,26.0
10738,130705,1,1,7,0,55,1,1,1,13,1,high,1.0,10.0
10739,130706,1,1,7,0,35,1,1,1,13,0,high,1.0,5.0
10740,130707,1,2,7,5,35,1,1,1,13,1,low,0.5,6.0
10741,130708,1,1,7,0,55,2,1,1,13,1,high,1.0,7.0
10742,130709,1,9,7,7,70,1,1,1,13,0,low,0.1111111111111111,39.0
10743,130710,1,1,7,0,55,2,1,1,13,1,high,1.0,18.0
10744,130711,4,7,7,1,55,4,2,2,13,0,high,0.5714285714285714,7.0
10745,130712,4,8,7,4,70,1,1,1,13,0,low,0.5,4.0
10746,130713,1,2,7,0,45,1,1,1,13,0,low,0.5,5.0
10747,130714,1,1,7,0,55,2,2,2,13,1,high,1.0,8.0
10748,130715,1,4,7,5,65,1,1,1,13,0,low,0.25,43.0
10749,130716,1,2,7,0,45,2,1,1,13,0,low,0.5,47.0
10750,130717,1,5,7,4,45,1,1,1,13,0,low,0.2,7.0
10751,130718,1,1,7,0,45,1,1,2,13,0,high,1.0,4.0
10752,130719,1,1,7,0,55,1,1,1,13,1,high,1.0,15.0
10753,130720,1,2,7,0,35,1,1,1,13,0,low,0.5,15.0
10754,130721,2,3,7,5,55,1,1,1,13,0,high,0.6666666666666666,10.0
10755,130722,1,2,7,0,35,1,1,1,13,0,low,0.5,15.0
10756,130723,1,2,7,2,55,1,1,1,13,0,low,0.5,10.0
10757,130724,1,4,7,2,55,1,1,1,13,0,low,0.25,0.0
10758,130725,1,3,7,0,55,1,1,1,13,0,low,0.3333333333333333,7.0
10759,130726,1,3,7,4,45,1,2,2,13,0,low,0.3333333333333333,7.0
10760,130727,1,5,7,2,55,3,1,1,13,1,low,0.2,5.0
10761,130728,1,2,7,0,55,1,1,1,13,0,low,0.5,10.0
10762,130729,1,3,7,0,35,1,1,1,13,0,low,0.3333333333333333,8.0
10763,130730,1,3,7,2,45,1,1,1,13,1,low,0.3333333333333333,9.0
10764,130731,1,3,7,2,55,2,1,1,13,1,low,0.3333333333333333,19.0
10765,130732,1,2,7,5,65,2,1,1,13,1,low,0.5,3.0
10766,130733,1,1,7,0,55,2,1,1,13,0,high,1.0,4.0
10767,130734,1,2,7,0,35,1,1,1,13,1,low,0.5,10.0
10768,130735,1,5,7,5,45,2,1,1,13,1,low,0.2,0.0
10769,130736,1,1,7,0,55,1,2,2,13,0,high,1.0,11.0
10770,130737,1,2,7,2,55,2,1,1,13,0,low,0.5,6.0
10771,130738,1,2,7,5,55,1,1,1,13,0,low,0.5,3.0
10772,130739,2,3,7,5,55,1,1,2,13,0,high,0.6666666666666666,7.0
10773,130740,2,5,7,5,45,1,1,1,13,0,low,0.4,7.0
10774,130741,1,2,7,1,55,1,1,1,13,0,low,0.5,9.0
10775,130742,1,3,7,5,65,1,1,1,13,0,low,0.3333333333333333,6.0
10776,130743,1,1,7,0,55,1,1,1,13,0,high,1.0,11.0
10777,130744,1,1,7,0,45,1,1,1,13,0,high,1.0,3.0
10778,130745,1,4,7,2,55,1,1,1,13,0,low,0.25,5.0
10779,130746,1,1,7,0,55,1,1,1,13,0,high,1.0,10.0
10780,130747,1,3,7,5,55,1,1,1,13,0,low,0.3333333333333333,11.0
10781,130748,1,1,7,0,45,2,1,1,13,1,high,1.0,6.0
10782,130749,1,2,7,0,55,1,1,1,13,0,low,0.5,5.0
10783,130750,1,6,7,0,70,1,1,1,13,0,low,0.16666666666666666,12.0
10784,130751,1,1,7,0,20,1,1,1,13,0,high,1.0,3.0
10785,130752,1,3,7,5,45,1,1,1,13,1,low,0.3333333333333333,28.0
10786,130753,1,1,7,0,55,1,1,1,13,0,high,1.0,4.0
10787,130754,2,6,7,0,70,1,1,1,13,0,low,0.3333333333333333,24.0
10788,130755,2,2,7,0,55,1,1,1,13,1,high,1.0,11.0
10789,130756,1,1,7,0,55,2,1,1,13,0,high,1.0,5.0
10790,130757,1,4,7,5,35,1,1,1,13,0,low,0.25,9.0
10791,130758,1,2,7,5,45,1,1,1,13,0,low,0.5,15.0
10792,130759,1,3,7,1,70,1,1,1,13,0,low,0.3333333333333333,16.0
10793,130760,1,2,7,5,45,1,1,1,13,0,low,0.5,20.0
10794,130761,1,1,7,0,45,2,1,1,13,0,high,1.0,9.0
10795,130762,1,1,7,0,45,1,2,2,13,0,high,1.0,13.0
10796,130763,1,2,7,0,55,1,1,1,13,0,low,0.5,13.0
10797,130764,1,2,7,5,55,1,2,2,13,0,low,0.5,10.0
10798,130765,1,1,3,0,40,3,1,1,13,0,high,1.0,15.0
10799,130766,1,2,4,0,30,3,1,2,13,0,low,0.5,24.0
10800,130767,1,2,7,0,40,1,1,1,13,0,low,0.5,19.0
10801,130768,1,3,7,1,35,1,1,1,13,0,low,0.3333333333333333,10.0
10802,130769,1,1,7,0,35,1,1,1,13,0,high,1.0,8.0
10803,130770,1,2,7,0,70,1,1,1,13,0,low,0.5,4.0
10804,130771,1,1,7,0,55,1,1,1,13,1,high,1.0,21.0
10805,130772,1,1,7,0,55,2,1,1,13,1,high,1.0,18.0
10806,130773,1,2,7,5,45,1,1,1,13,0,low,0.5,8.0
10807,130774,1,1,7,0,55,2,1,1,13,0,high,1.0,27.0
10808,130775,1,1,7,0,45,1,1,1,13,0,high,1.0,9.0
10809,130776,1,3,7,4,55,1,2,2,13,0,low,0.3333333333333333,2.0
10810,130777,1,2,7,0,65,1,1,1,13,0,low,0.5,14.0
10811,130778,1,4,7,0,65,2,1,1,13,0,low,0.25,15.0
10812,130779,1,5,7,5,55,1,1,1,13,0,low,0.2,3.0
10813,130780,1,2,7,7,55,1,1,1,13,0,low,0.5,5.0
10814,130781,1,4,7,0,35,1,1,1,13,0,low,0.25,19.0
10815,130782,1,3,7,7,65,2,1,1,13,0,low,0.3333333333333333,8.0
10816,130783,1,2,7,5,40,1,1,1,13,0,low,0.5,8.0
10817,130784,1,2,7,2,35,1,1,1,13,0,low,0.5,15.0
10818,130785,1,3,7,0,25,1,1,1,13,2,low,0.3333333333333333,8.0
10819,130786,1,1,7,0,70,1,1,1,13,0,high,1.0,17.0
10820,130787,1,3,7,2,55,1,1,1,13,0,low,0.3333333333333333,10.0
10821,130788,2,2,7,2,55,1,1,1,13,0,high,1.0,12.0
10822,130789,1,1,7,0,55,2,1,2,13,0,high,1.0,29.0
10823,130790,1,4,7,5,55,2,1,1,13,1,low,0.25,15.0
10824,130791,1,2,7,0,45,1,1,2,13,1,low,0.5,4.0
10825,130792,1,1,7,0,55,2,2,2,13,1,high,1.0,11.0
10826,130793,1,3,7,2,55,1,1,1,13,0,low,0.3333333333333333,6.0
10827,130794,1,2,7,0,45,4,1,1,13,0,low,0.5,25.0
10828,130795,1,2,7,2,55,1,1,1,13,0,low,0.5,10.0
10829,130796,1,2,7,2,35,1,1,1,13,0,low,0.5,28.0
10830,130797,1,2,7,4,70,2,1,2,13,0,low,0.5,36.0
10831,130798,1,3,7,1,70,2,1,2,13,0,low,0.3333333333333333,8.0
10832,130799,1,2,7,0,55,2,1,1,13,0,low,0.5,10.0
10833,130800,1,3,7,1,55,1,1,1,13,0,low,0.3333333333333333,10.0
10834,130801,1,2,8,0,55,1,1,1,13,1,low,0.5,9.0
10835,130802,1,2,8,5,45,3,1,1,13,1,low,0.5,5.0
10836,130803,1,5,8,1,55,1,2,2,13,0,low,0.2,11.0
10837,130804,1,2,8,0,55,1,1,1,13,0,low,0.5,46.0
10838,130805,1,2,8,7,55,1,2,2,13,0,low,0.5,14.0
10839,130806,1,1,8,0,55,2,1,1,13,1,high,1.0,19.0
10840,130807,1,2,8,5,55,1,1,1,13,0,low,0.5,11.0
10841,130808,1,2,8,5,65,1,2,2,13,0,low,0.5,10.0
10842,130809,2,4,8,5,45,1,1,1,13,0,low,0.5,9.0
10843,130810,2,2,8,0,35,3,1,1,13,1,high,1.0,4.0
10844,130811,1,2,8,0,65,2,1,2,13,1,low,0.5,1.0
10845,130812,1,4,7,7,65,3,1,1,13,0,low,0.25,10.0
10846,130813,1,3,7,1,55,2,1,1,13,0,low,0.3333333333333333,54.0
10847,130814,1,7,7,2,70,1,1,1,13,0,low,0.14285714285714285,15.0
10848,130815,1,1,7,0,55,2,1,1,13,0,high,1.0,7.0
10849,130816,1,2,7,2,50,1,1,1,13,0,low,0.5,9.0
10850,130817,1,1,7,0,35,2,1,1,13,0,high,1.0,6.0
10851,130818,1,2,7,0,55,4,1,1,13,0,low,0.5,10.0
10852,130819,2,2,7,0,55,2,1,1,13,1,high,1.0,15.0
10853,130820,1,4,7,0,45,2,1,1,13,0,low,0.25,6.0
10854,130821,1,2,7,0,55,2,1,1,13,0,low,0.5,5.0
10855,130822,1,2,7,1,55,1,1,1,13,0,low,0.5,16.0
10856,130823,1,1,8,0,45,2,1,1,13,0,high,1.0,10.0
10857,130824,1,2,8,2,55,4,1,1,13,0,low,0.5,14.0
10858,130825,1,1,7,0,45,2,1,1,13,0,high,1.0,13.0
10859,130826,1,6,8,7,65,1,1,2,13,0,low,0.16666666666666666,23.0
10860,130827,1,1,8,0,55,2,1,1,13,1,high,1.0,5.0
10861,130828,1,1,8,0,25,1,1,1,13,0,high,1.0,45.0
10862,130829,1,1,8,0,45,1,1,1,13,0,high,1.0,15.0
10863,130830,1,2,8,0,25,1,1,1,13,2,low,0.5,0.0
10864,130831,1,1,8,0,40,1,1,1,13,0,high,1.0,17.0
10865,130832,1,4,8,2,45,5,1,1,13,0,low,0.25,0.0
10866,130833,1,2,8,0,45,2,1,1,13,2,low,0.5,75.0
10867,130834,1,3,8,1,60,1,1,1,13,0,low,0.3333333333333333,0.0
10868,130835,2,3,8,0,55,1,1,1,13,0,high,0.6666666666666666,11.0
10869,130836,1,3,8,1,35,1,1,1,13,0,low,0.3333333333333333,16.0
10870,130837,1,3,8,2,45,1,1,1,13,0,low,0.3333333333333333,27.0
10871,130838,1,4,8,0,55,1,1,1,13,1,low,0.25,19.0
10872,130839,1,4,8,5,45,2,1,1,13,0,low,0.25,9.0
10873,130840,1,2,8,0,35,1,1,1,13,0,low,0.5,20.0
10874,130841,1,2,8,5,55,1,1,1,13,0,low,0.5,21.0
10875,130842,1,2,8,0,55,1,1,1,13,0,low,0.5,16.0
10876,130843,1,4,8,2,55,1,1,1,13,0,low,0.25,8.0
10877,130844,1,3,8,5,45,1,1,1,13,0,low,0.3333333333333333,11.0
10878,130845,1,2,8,5,35,1,1,1,13,0,low,0.5,23.0
10879,130846,1,4,8,3,45,1,1,1,13,0,low,0.25,16.0
10880,130847,1,1,8,0,70,1,1,1,13,0,high,1.0,4.0
10881,130848,1,2,8,0,65,1,1,1,13,1,low,0.5,25.0
10882,130849,1,1,8,0,35,1,1,1,13,0,high,1.0,6.0
10883,130850,1,3,8,0,70,2,1,1,13,0,low,0.3333333333333333,7.0