,ST_CASE,FATALS,PERSONS,MONTH,MAN_COLL,SP_LIMIT,LGT_COND,WEATHER,SUR_COND,STATE,DRUNK_DR,rate,rate_numerical,arrival_time
10884,130851,1,2,8,2,55,1,1,1,13,0,low,0.5,27.0
10885,130852,1,1,8,0,45,1,1,1,13,0,high,1.0,11.0
10886,130853,1,3,8,5,35,3,1,1,13,1,low,0.3333333333333333,4.0
10887,130854,1,1,8,0,40,2,1,1,13,1,high,1.0,22.0
10888,130855,1,2,8,1,50,2,1,1,13,0,low,0.5,20.0
10889,130856,1,1,8,0,55,2,1,1,13,0,high,1.0,20.0
10890,130857,1,6,8,1,55,1,2,2,13,0,low,0.16666666666666666,39.0
10891,130858,1,1,8,0,45,1,1,1,13,0,high,1.0,8.0
10892,130859,1,1,8,0,55,2,1,1,13,1,high,1.0,7.0
10893,130860,1,3,8,2,55,1,1,1,13,0,low,0.3333333333333333,17.0
10894,130861,1,1,8,0,30,1,1,1,13,0,high,1.0,19.0
10895,130862,1,3,8,0,65,2,1,1,13,0,low,0.3333333333333333,33.0
10896,130863,2,3,8,0,70,2,1,2,13,0,high,0.6666666666666666,10.0
10897,130864,2,5,8,2,55,1,1,1,13,1,low,0.4,7.0
10898,130865,1,1,8,0,45,1,1,1,13,1,high,1.0,8.0
10899,130866,1,1,8,0,55,1,1,1,13,0,high,1.0,5.0
10900,130867,1,2,8,5,55,1,1,1,13,0,low,0.5,23.0
10901,130868,1,2,8,0,55,2,1,1,13,0,low,0.5,9.0
10902,130869,1,2,8,0,55,2,1,1,13,0,low,0.5,6.0
10903,130870,1,2,8,0,70,2,1,1,13,0,low,0.5,10.0
10904,130871,1,3,8,0,35,3,1,1,13,0,low,0.3333333333333333,9.0
10905,130872,5,6,8,5,70,1,1,1,13,0,high,0.8333333333333334,5.0
10906,130873,1,4,8,1,55,1,1,1,13,0,low,0.25,8.0
10907,130874,1,3,8,3,45,1,2,2,13,0,low,0.3333333333333333,852.0
10908,130875,1,3,8,0,45,2,1,1,13,1,low,0.3333333333333333,10.0
10909,130876,1,1,8,0,55,1,1,1,13,0,high,1.0,10.0
10910,130877,1,1,8,0,55,1,1,1,13,0,high,1.0,1.0
10911,130878,1,2,8,0,30,4,1,1,13,1,low,0.5,33.0
10912,130879,1,4,8,5,45,1,1,1,13,0,low,0.25,12.0
10913,130880,1,2,8,1,55,2,1,1,13,1,low,0.5,8.0
10914,130881,1,2,8,2,55,1,1,1,13,0,low,0.5,24.0
10915,130882,1,1,8,0,70,2,2,2,13,0,high,1.0,19.0
10916,130883,1,2,8,0,30,2,1,1,13,0,low,0.5,24.0
10917,130884,1,2,8,0,55,1,1,1,13,0,low,0.5,11.0
10918,130885,1,8,8,0,65,1,2,2,13,0,low,0.125,9.0
10919,130886,1,1,8,0,55,1,2,2,13,0,high,1.0,4.0
10920,130887,1,2,8,0,55,2,1,1,13,1,low,0.5,2.0
10921,130888,1,1,8,0,40,2,1,1,13,0,high,1.0,8.0
10922,130889,1,3,8,2,45,1,1,1,13,0,low,0.3333333333333333,25.0
10923,130890,1,3,8,5,35,3,1,1,13,0,low,0.3333333333333333,16.0
10924,130891,1,5,8,8,55,1,1,1,13,0,low,0.2,9.0
10925,130892,1,1,8,0,55,2,1,1,13,1,high,1.0,21.0
10926,130893,1,2,8,0,55,2,1,1,13,1,low,0.5,10.0
10927,130894,1,1,8,5,65,1,1,1,13,0,high,1.0,7.0
10928,130895,1,3,8,2,45,3,1,1,13,1,low,0.3333333333333333,22.0
10929,130896,1,2,8,4,55,1,2,2,13,0,low,0.5,24.0
10930,130897,1,6,8,8,55,5,1,1,13,1,low,0.16666666666666666,11.0
10931,130898,1,3,8,0,45,1,1,1,13,1,low,0.3333333333333333,16.0
10932,130899,1,1,8,0,25,1,1,1,13,0,high,1.0,13.0
10933,130900,1,1,8,0,45,2,1,1,13,1,high,1.0,10.0
10934,130901,2,8,8,2,55,2,1,1,13,0,low,0.25,11.0
10935,130902,1,3,8,4,65,1,1,1,13,0,low,0.3333333333333333,10.0
10936,130903,1,1,8,0,60,2,1,2,13,0,high,1.0,5.0
10937,130904,1,4,8,0,45,2,1,1,13,0,low,0.25,17.0
10938,130905,1,2,8,2,55,1,1,1,13,0,low,0.5,90.0
10939,130906,2,2,8,0,70,5,1,1,13,0,high,1.0,6.0
10940,130907,1,2,8,0,25,1,1,1,13,0,low,0.5,7.0
10941,130908,2,3,8,0,45,2,1,2,13,0,high,0.6666666666666666,2.0
10942,130909,1,3,8,2,55,2,2,2,13,0,low,0.3333333333333333,5.0
10943,130910,1,1,8,0,35,2,1,1,13,1,high,1.0,13.0
10944,130911,1,2,8,0,70,4,5,1,13,0,low,0.5,14.0
10945,130912,1,3,8,5,45,1,1,1,13,0,low,0.3333333333333333,8.0
10946,130913,1,2,8,2,55,3,1,1,13,0,low,0.5,12.0
10947,130914,1,1,8,0,55,1,1,1,13,0,high,1.0,16.0
10948,130915,1,2,8,0,35,1,2,2,13,1,low,0.5,5.0
10949,130916,1,1,8,0,70,1,1,2,13,0,high,1.0,17.0
10950,130917,1,2,8,5,35,1,1,1,13,0,low,0.5,8.0
10951,130918,1,3,8,0,55,1,1,1,13,1,low,0.3333333333333333,51.0
10952,130919,1,4,8,2,55,1,1,1,13,0,low,0.25,16.0
10953,130920,1,3,8,7,35,1,1,1,13,1,low,0.3333333333333333,5.0
10954,130921,1,6,8,5,45,1,1,2,13,1,low,0.16666666666666666,0.0
10955,130922,1,2,9,2,55,1,1,1,13,1,low,0.5,10.0
10956,130923,1,1,9,0,65,2,1,1,13,1,high,1.0,12.0
10957,130924,1,1,1,0,35,1,1,1,13,1,high,1.0,10.0
10958,130925,1,2,2,0,45,3,1,1,13,0,low,0.5,10.0
10959,130926,1,2,2,1,45,1,2,2,13,0,low,0.5,11.0
10960,130927,1,3,3,4,35,4,1,1,13,0,low,0.3333333333333333,9.0
10961,130928,1,4,4,2,35,1,1,1,13,0,low,0.25,6.0
10962,130929,1,1,4,0,65,2,1,1,13,0,high,1.0,8.0
10963,130930,1,2,4,5,55,1,1,1,13,0,low,0.5,14.0
10964,130931,1,1,4,0,25,3,1,1,13,0,high,1.0,16.0
10965,130932,1,1,5,0,30,1,1,1,13,0,high,1.0,15.0
10966,130933,1,6,6,2,55,1,1,1,13,0,low,0.16666666666666666,2.0
10967,130934,1,4,7,0,55,1,1,1,13,0,low,0.25,9.0
10968,130935,2,8,7,4,55,1,2,2,13,0,low,0.25,48.0
10969,130936,1,3,7,1,55,1,1,1,13,0,low,0.3333333333333333,21.0
10970,130937,1,2,6,0,35,2,1,1,13,0,low,0.5,4.0
10971,130938,1,4,6,2,45,1,1,1,13,0,low,0.25,8.0
10972,130939,1,3,6,2,55,1,1,1,13,0,low,0.3333333333333333,7.0
10973,130940,1,2,6,5,55,1,1,1,13,0,low,0.5,10.0
10974,130941,1,3,6,0,35,1,1,1,13,0,low,0.3333333333333333,38.0
10975,130942,1,2,6,5,55,2,2,2,13,0,low,0.5,40.0
10976,130943,1,2,6,1,45,3,1,1,13,0,low,0.5,45.0
10977,130944,1,2,6,0,35,1,1,1,13,1,low,0.5,30.0
10978,130945,1,2,6,0,40,3,1,1,13,1,low,0.5,29.0
10979,130946,1,1,6,0,45,2,1,1,13,0,high,1.0,30.0
10980,130947,1,3,9,2,55,1,1,1,13,0,low,0.3333333333333333,11.0
10981,130948,1,4,9,0,55,2,1,1,13,0,low,0.25,53.0
10982,130949,1,3,9,0,65,1,1,1,13,0,low,0.3333333333333333,43.0
10983,130950,2,3,9,2,55,1,1,1,13,1,high,0.6666666666666666,27.0
10984,130951,1,1,9,0,45,2,1,1,13,1,high,1.0,56.0
10985,130952,1,2,9,4,45,2,1,1,13,0,low,0.5,29.0
10986,130953,1,2,9,1,55,3,1,1,13,0,low,0.5,33.0
10987,130954,1,6,9,2,30,3,1,1,13,1,low,0.16666666666666666,41.0
10988,130955,1,1,9,0,35,1,1,2,13,0,high,1.0,32.0
10989,130956,1,3,9,0,55,2,1,1,13,1,low,0.3333333333333333,25.0
10990,130957,2,2,9,0,35,1,1,1,13,0,high,1.0,25.0
10991,130958,1,1,9,0,55,5,1,1,13,0,high,1.0,17.0
10992,130959,1,1,9,0,55,2,1,1,13,1,high,1.0,39.0
10993,130960,1,1,9,0,55,1,1,1,13,0,high,1.0,27.0
10994,130961,1,4,9,11,55,1,1,1,13,0,low,0.25,14.0
10995,130962,1,1,9,0,35,1,1,1,13,0,high,1.0,36.0
10996,130963,1,2,9,7,60,1,1,1,13,0,low,0.5,20.0
10997,130964,1,2,9,5,45,2,1,1,13,0,low,0.5,47.0
10998,130965,1,4,9,0,35,2,1,1,13,0,low,0.25,47.0
10999,130966,2,6,9,1,65,2,1,1,13,0,low,0.3333333333333333,65.0
11000,130967,1,2,9,8,65,1,1,1,13,0,low,0.5,47.0
11001,130968,1,3,9,5,55,3,1,1,13,0,low,0.3333333333333333,37.0
11002,130969,1,2,9,5,40,2,1,1,13,1,low,0.5,36.0
11003,130970,1,2,9,0,55,1,1,1,13,0,low,0.5,10.0
11004,130971,1,1,9,0,55,2,1,1,13,1,high,1.0,3.0
11005,130972,1,6,9,5,55,1,1,1,13,0,low,0.16666666666666666,54.0
11006,130973,1,2,9,8,55,1,1,1,13,0,low,0.5,31.0
11007,130974,1,3,9,0,35,1,1,1,13,0,low,0.3333333333333333,24.0
11008,130975,1,2,9,0,45,2,1,1,13,0,low,0.5,50.0
11009,130976,2,2,9,1,65,2,1,1,13,0,high,1.0,40.0
11010,130977,1,4,9,5,35,1,1,1,13,0,low,0.25,8.0
11011,130978,1,1,9,0,40,2,1,1,13,0,high,1.0,1335.0
11012,130979,1,2,9,0,35,3,1,1,13,0,low,0.5,36.0
11013,130980,1,3,9,5,55,1,1,1,13,0,low,0.3333333333333333,41.0
11014,130981,1,2,9,0,45,2,2,2,13,1,low,0.5,48.0
11015,130982,1,5,9,2,35,1,2,2,13,0,low,0.2,55.0
11016,130983,1,1,9,0,65,1,2,2,13,0,high,1.0,25.0
11017,130984,1,5,9,0,55,1,1,1,13,0,low,0.2,62.0
11018,130985,1,4,9,5,55,2,1,1,13,0,low,0.25,31.0
11019,130986,2,2,9,2,50,2,1,1,13,0,high,1.0,1343.0
11020,130987,1,2,9,0,45,1,1,1,13,0,low,0.5,116.0
11021,130988,1,2,9,0,55,2,1,1,13,1,low,0.5,41.0
11022,130989,1,1,9,0,55,1,1,1,13,1,high,1.0,25.0
11023,130990,1,1,9,0,35,1,1,1,13,0,high,1.0,13.0
11024,130991,1,3,9,0,55,1,1,1,13,0,low,0.3333333333333333,40.0
11025,130992,1,2,9,0,45,3,1,1,13,0,low,0.5,5.0
11026,130993,1,2,9,5,55,1,1,1,13,0,low,0.5,18.0
11027,130994,1,3,9,5,45,1,1,1,13,0,low,0.3333333333333333,33.0
11028,130995,1,5,9,5,45,1,1,1,13,0,low,0.2,36.0
11029,130996,1,2,9,5,55,1,1,1,13,0,low,0.5,31.0
11030,130997,2,2,9,0,45,1,1,2,13,0,high,1.0,8.0
11031,130998,1,2,9,5,45,3,1,1,13,0,low,0.5,27.0
11032,130999,1,2,9,0,55,1,1,1,13,0,low,0.5,30.0
11033,131000,1,7,9,8,55,1,1,1,13,0,low,0.14285714285714285,17.0
11034,131001,1,1,9,0,45,1,1,1,13,0,high,1.0,33.0
11035,131002,1,1,9,0,50,1,1,1,13,0,high,1.0,8.0
11036,131003,1,1,9,0,45,2,1,1,13,1,high,1.0,21.0
11037,131004,1,2,9,0,35,3,2,2,13,0,low,0.5,35.0
11038,131005,2,2,9,0,35,2,1,1,13,2,high,1.0,34.0
11039,131006,2,8,9,5,50,3,1,1,13,0,low,0.25,40.0
11040,131007,1,3,9,0,55,2,1,1,13,0,low,0.3333333333333333,61.0
11041,131008,1,2,9,0,55,1,1,1,13,0,low,0.5,56.0
11042,131009,1,3,9,2,55,2,1,1,13,2,low,0.3333333333333333,28.0
11043,131010,1,1,9,0,45,2,1,1,13,1,high,1.0,24.0
11044,131011,1,2,9,0,55,1,1,1,13,0,low,0.5,42.0
11045,131012,1,2,9,0,55,1,1,1,13,0,low,0.5,29.0
11046,131013,1,1,9,0,45,1,1,1,13,1,high,1.0,30.0
11047,131014,1,1,9,0,45,2,1,1,13,0,high,1.0,26.0
11048,131015,2,3,9,0,45,2,1,1,13,0,high,0.6666666666666666,53.0
11049,131016,1,2,10,5,55,1,1,1,13,0,low,0.5,7.0
11050,131017,1,2,10,0,55,2,1,1,13,0,low,0.5,43.0
11051,131018,1,7,10,2,55,5,1,1,13,0,low,0.14285714285714285,3.0
11052,131019,1,4,1,0,70,4,1,1,13,0,low,0.25,24.0
11053,131020,1,1,3,0,35,3,1,1,13,0,high,1.0,41.0
11054,131021,1,2,5,0,45,2,1,1,13,1,low,0.5,32.0
11055,131022,1,2,6,5,55,2,1,1,13,0,low,0.5,34.0
11056,131023,1,2,6,0,45,3,1,1,13,1,low,0.5,48.0
11057,131024,1,2,6,0,45,3,1,1,13,1,low,0.5,23.0
11058,131025,1,5,7,11,55,1,1,1,13,0,low,0.2,21.0
11059,131026,1,3,7,5,45,1,1,1,13,0,low,0.3333333333333333,62.0
11060,131027,1,1,9,0,35,2,1,1,13,0,high,1.0,36.0
11061,131028,1,4,9,5,55,1,1,1,13,0,low,0.25,11.0
11062,131029,1,1,9,0,25,2,1,1,13,0,high,1.0,10.0
11063,131030,1,5,9,1,50,1,1,2,13,0,low,0.2,35.0
11064,131031,1,1,9,0,55,2,1,1,13,0,high,1.0,21.0
11065,131032,1,2,9,0,55,1,1,1,13,0,low,0.5,31.0
11066,131033,1,1,9,0,55,2,1,1,13,1,high,1.0,26.0
11067,131034,1,6,9,4,55,1,1,1,13,0,low,0.16666666666666666,31.0
11068,131035,1,2,9,2,30,1,1,1,13,1,low,0.5,37.0
11069,131036,1,1,9,0,45,2,1,1,13,0,high,1.0,53.0
11070,131037,1,3,9,3,55,1,1,1,13,0,low,0.3333333333333333,33.0
11071,131038,1,5,9,5,55,1,1,1,13,0,low,0.2,56.0
11072,131039,1,2,9,0,45,2,1,1,13,0,low,0.5,46.0
11073,131040,1,2,9,0,30,2,1,1,13,0,low,0.5,50.0
11074,131041,1,3,9,1,70,1,2,2,13,0,low,0.3333333333333333,40.0
11075,131042,1,1,9,0,50,2,1,1,13,1,high,1.0,28.0
11076,131043,2,7,9,1,55,1,1,1,13,0,low,0.2857142857142857,23.0
11077,131044,1,1,9,0,65,3,1,1,13,1,high,1.0,63.0
11078,131045,1,1,9,0,55,2,1,1,13,0,high,1.0,22.0
11079,131046,1,1,9,0,35,2,1,1,13,0,high,1.0,29.0
11080,131047,1,3,9,5,55,1,1,1,13,0,low,0.3333333333333333,40.0
11081,131048,1,3,9,5,55,1,1,1,13,0,low,0.3333333333333333,45.0
11082,131049,1,1,10,0,45,1,1,1,13,0,high,1.0,34.0
11083,131050,2,3,10,2,55,2,1,1,13,1,high,0.6666666666666666,26.0
11084,131051,1,2,10,1,55,2,1,1,13,0,low,0.5,25.0
11085,131052,1,3,10,2,55,1,2,2,13,0,low,0.3333333333333333,22.0
11086,131053,1,2,10,1,55,2,1,1,13,0,low,0.5,18.0
11087,131054,1,1,10,0,25,1,2,2,13,0,high,1.0,30.0
11088,131055,1,1,10,0,45,2,1,2,13,0,high,1.0,24.0
11089,131056,1,2,10,5,35,2,1,1,13,1,low,0.5,49.0
11090,131057,1,3,10,5,45,1,1,2,13,0,low,0.3333333333333333,31.0
11091,131058,1,2,10,0,45,2,1,1,13,1,low,0.5,51.0
11092,131059,1,1,10,0,55,2,1,1,13,1,high,1.0,32.0
11093,131060,1,4,10,0,70,5,1,1,13,0,low,0.25,10.0
11094,131061,1,2,10,0,45,3,1,1,13,0,low,0.5,52.0
11095,131062,1,2,10,5,70,2,1,1,13,0,low,0.5,57.0
11096,131063,1,1,10,0,55,1,1,1,13,1,high,1.0,44.0
11097,131064,1,1,10,0,35,1,1,1,13,0,high,1.0,54.0
11098,131065,1,2,10,0,35,3,1,1,13,1,low,0.5,41.0
11099,131066,1,3,10,2,40,1,1,1,13,0,low,0.3333333333333333,10.0
11100,131067,1,1,10,0,45,1,1,1,13,0,high,1.0,39.0
11101,131068,1,1,10,0,55,1,1,1,13,0,high,1.0,24.0
11102,131069,1,2,10,0,35,3,1,1,13,1,low,0.5,45.0
11103,131070,1,1,10,0,65,1,1,1,13,0,high,1.0,60.0
11104,131071,2,4,10,5,55,2,1,1,13,0,low,0.5,23.0
11105,131072,1,2,10,0,45,2,1,1,13,1,low,0.5,62.0
11106,131073,1,1,10,0,55,2,1,1,13,1,high,1.0,50.0
11107,131074,1,3,10,0,55,2,1,1,13,2,low,0.3333333333333333,52.0
11108,131075,1,1,10,0,55,2,1,1,13,0,high,1.0,56.0
11109,131076,1,1,10,0,70,1,1,1,13,0,high,1.0,31.0
11110,131077,1,1,10,0,35,1,1,1,13,0,high,1.0,8.0
11111,131078,1,1,10,0,55,2,1,1,13,1,high,1.0,42.0
11112,131079,1,1,10,0,35,2,1,1,13,0,high,1.0,28.0
11113,131080,1,1,10,0,25,2,1,1,13,0,high,1.0,49.0
11114,131081,1,3,10,5,65,1,1,1,13,0,low,0.3333333333333333,40.0
11115,131082,1,6,10,5,55,1,1,1,13,0,low,0.16666666666666666,32.0
11116,131083,1,4,10,0,55,1,1,1,13,0,low,0.25,19.0
11117,131084,1,1,10,0,70,1,1,1,13,0,high,1.0,33.0
11118,131085,1,4,10,0,45,2,1,1,13,1,low,0.25,9.0
11119,131086,1,2,10,5,45,3,1,2,13,0,low,0.5,50.0
11120,131087,1,3,10,2,45,2,1,1,13,1,low,0.3333333333333333,55.0
11121,131088,1,1,10,0,50,2,1,1,13,0,high,1.0,38.0
11122,131089,1,2,10,0,45,2,1,1,13,2,low,0.5,53.0
11123,131090,1,1,10,0,55,2,5,1,13,1,high,1.0,14.0
11124,131091,1,1,10,0,45,2,1,1,13,0,high,1.0,29.0
11125,131092,1,1,10,0,55,3,1,1,13,1,high,1.0,37.0
11126,131093,1,2,10,2,55,2,2,2,13,0,low,0.5,27.0
11127,131094,1,2,10,5,65,4,1,1,13,0,low,0.5,27.0
11128,131095,1,1,5,0,70,2,1,1,13,0,high,1.0,19.0
11129,131096,1,1,6,5,45,1,1,1,13,0,high,1.0,59.0
11130,131097,1,1,6,0,55,2,1,1,13,1,high,1.0,56.0
11131,131098,1,3,9,0,55,2,1,1,13,0,low,0.3333333333333333,53.0
11132,131099,1,2,9,0,35,2,1,9,13,1,low,0.5,41.0
11133,131100,1,3,9,0,30,1,1,1,13,0,low,0.3333333333333333,32.0
11134,131101,1,2,9,5,45,1,1,1,13,0,low,0.5,36.0
11135,131102,1,3,9,2,45,1,1,1,13,0,low,0.3333333333333333,21.0
11136,131103,1,2,9,2,40,1,1,1,13,0,low,0.5,27.0
11137,131104,1,3,9,5,55,1,1,1,13,0,low,0.3333333333333333,15.0
11138,131105,1,1,9,0,40,3,1,1,13,0,high,1.0,1374.0
11139,131106,1,3,9,1,70,2,1,1,13,1,low,0.3333333333333333,47.0
11140,131107,2,4,10,5,65,2,1,1,13,1,low,0.5,13.0
11141,131108,1,1,10,0,35,1,1,1,13,0,high,1.0,21.0
11142,131109,1,4,10,4,45,1,2,2,13,0,low,0.25,53.0
11143,131110,1,1,10,0,30,1,1,2,13,0,high,1.0,59.0
11144,131111,1,1,10,0,35,2,1,1,13,0,high,1.0,41.0
11145,131112,1,2,10,7,70,1,2,2,13,0,low,0.5,59.0
11146,131113,1,1,10,0,55,2,1,1,13,1,high,1.0,34.0
11147,131114,1,3,10,7,25,3,1,2,13,0,low,0.3333333333333333,59.0
11148,131115,1,2,10,0,70,1,1,1,13,1,low,0.5,24.0
11149,131116,1,7,10,2,45,4,1,2,13,0,low,0.14285714285714285,71.0
11150,131117,1,3,10,5,35,1,1,1,13,0,low,0.3333333333333333,24.0
11151,131118,1,1,10,0,55,1,1,1,13,1,high,1.0,17.0
11152,131119,1,1,10,0,45,1,1,1,13,0,high,1.0,41.0
11153,131120,1,2,10,0,30,2,1,1,13,1,low,0.5,32.0
11154,131121,1,2,10,0,35,2,1,1,13,1,low,0.5,1339.0
11155,131122,1,2,10,0,55,2,1,1,13,1,low,0.5,56.0
11156,131123,1,4,10,4,55,2,1,1,13,0,low,0.25,0.0
11157,131124,2,4,10,5,35,1,1,1,13,0,low,0.5,46.0
11158,131125,1,1,10,0,55,2,1,1,13,0,high,1.0,58.0
11159,131126,1,1,10,0,55,2,1,1,13,1,high,1.0,24.0
11160,131127,1,1,10,0,45,1,1,1,13,1,high,1.0,16.0
11161,131128,1,3,10,2,45,1,1,1,13,0,low,0.3333333333333333,48.0
11162,131129,1,1,10,0,45,2,1,1,13,1,high,1.0,30.0
11163,131130,1,4,10,5,35,2,1,1,13,2,low,0.25,16.0
11164,131131,1,2,10,5,55,1,1,1,13,0,low,0.5,23.0
11165,131132,1,3,10,5,55,3,1,1,13,0,low,0.3333333333333333,35.0
11166,131133,1,1,10,0,55,2,2,2,13,1,high,1.0,22.0
11167,131134,1,1,10,0,50,2,2,2,13,0,high,1.0,47.0
11168,131135,1,2,10,2,45,2,2,2,13,1,low,0.5,22.0
11169,131136,2,5,10,3,60,1,1,1,13,0,low,0.4,44.0
11170,131137,1,1,10,0,55,1,1,1,13,0,high,1.0,54.0
11171,131138,1,3,10,2,55,2,2,2,13,0,low,0.3333333333333333,54.0
11172,131139,1,1,10,0,55,2,1,2,13,0,high,1.0,26.0
11173,131140,1,2,10,0,35,2,1,2,13,2,low,0.5,34.0
11174,131141,1,1,10,0,55,2,1,1,13,1,high,1.0,45.0
11175,131143,1,1,10,0,40,2,1,1,13,1,high,1.0,21.0
11176,131144,1,2,10,0,35,1,1,1,13,0,low,0.5,30.0
11177,131145,1,1,10,0,55,4,1,1,13,0,high,1.0,35.0
11178,131146,1,1,10,0,25,1,1,1,13,0,high,1.0,26.0
11179,131147,1,2,10,1,65,1,1,1,13,0,low,0.5,15.0
11180,131148,1,3,10,0,60,2,1,1,13,1,low,0.3333333333333333,25.0
11181,131149,1,2,10,5,55,1,1,1,13,0,low,0.5,53.0
11182,131150,1,1,10,0,45,2,1,1,13,0,high,1.0,67.0
11183,131151,1,3,10,3,55,1,1,2,13,0,low,0.3333333333333333,33.0
11184,131152,1,3,10,0,45,3,1,2,13,0,low,0.3333333333333333,3.0
11185,131153,1,3,10,2,55,2,1,1,13,0,low,0.3333333333333333,5.0
11186,131154,1,1,10,0,70,2,2,2,13,0,high,1.0,61.0
11187,131155,1,1,10,0,45,3,2,2,13,1,high,1.0,24.0
11188,131156,1,6,10,7,70,3,1,2,13,1,low,0.16666666666666666,61.0
11189,131157,1,3,10,2,55,1,1,1,13,0,low,0.3333333333333333,40.0
11190,131158,1,1,10,0,55,2,1,1,13,0,high,1.0,9.0
11191,131159,1,1,10,0,55,2,1,1,13,1,high,1.0,30.0
11192,131160,1,3,10,7,55,1,1,1,13,0,low,0.3333333333333333,39.0
11193,131161,1,2,10,0,35,2,1,1,13,2,low,0.5,31.0
11194,131162,1,2,10,5,55,1,1,1,13,0,low,0.5,52.0
11195,131163,1,7,10,5,55,2,1,1,13,0,low,0.14285714285714285,47.0
11196,131164,1,3,10,0,45,1,1,1,13,0,low,0.3333333333333333,50.0
11197,131165,1,2,10,5,65,1,1,1,13,0,low,0.5,1.0
11198,131166,1,2,10,1,45,1,1,1,13,0,low,0.5,5.0
11199,131167,1,1,10,0,30,2,1,1,13,0,high,1.0,16.0
11200,131168,1,3,10,2,45,2,1,1,13,0,low,0.3333333333333333,36.0
11201,131169,2,3,11,2,55,1,1,1,13,0,high,0.6666666666666666,44.0
11202,131170,1,5,11,2,45,1,1,1,13,0,low,0.2,19.0
11203,131171,1,4,11,2,70,2,1,1,13,0,low,0.25,66.0
11204,131172,1,3,11,2,55,2,1,1,13,1,low,0.3333333333333333,0.0
11205,131173,1,1,11,0,35,1,1,1,13,1,high,1.0,31.0
11206,131174,1,6,11,0,50,1,1,1,13,0,low,0.16666666666666666,53.0
11207,131175,1,3,11,0,40,3,1,1,13,0,low,0.3333333333333333,10.0
11208,131176,1,3,11,2,45,3,1,1,13,0,low,0.3333333333333333,52.0
11209,131177,1,2,11,0,70,1,1,1,13,0,low,0.5,32.0
11210,131178,1,3,11,7,55,2,1,1,13,1,low,0.3333333333333333,50.0
11211,131179,1,3,11,0,45,3,1,1,13,0,low,0.3333333333333333,12.0
11212,131180,1,2,11,0,55,2,1,1,13,1,low,0.5,13.0
11213,131181,1,1,11,0,50,1,1,1,13,0,high,1.0,44.0
11214,131182,1,2,11,0,40,5,1,1,13,0,low,0.5,36.0
11215,131183,1,2,11,1,45,5,1,1,13,0,low,0.5,27.0
11216,131184,1,5,11,1,70,2,1,1,13,0,low,0.2,46.0
11217,131185,1,5,11,5,55,1,1,1,13,0,low,0.2,39.0
11218,131186,1,3,11,3,55,1,1,1,13,0,low,0.3333333333333333,37.0
11219,131187,2,3,11,2,55,2,1,1,13,1,high,0.6666666666666666,20.0
11220,131188,1,3,11,1,70,2,1,1,13,0,low,0.3333333333333333,48.0
11221,131189,1,2,11,0,55,1,1,1,13,0,low,0.5,49.0
11222,131190,2,3,11,2,55,1,1,1,13,0,high,0.6666666666666666,25.0
11223,131191,1,1,11,0,55,2,1,1,13,0,high,1.0,49.0
11224,131192,1,2,11,2,45,1,1,1,13,0,low,0.5,47.0
11225,131193,1,2,11,2,55,1,1,1,13,0,low,0.5,25.0
11226,131194,1,2,11,2,45,3,1,1,13,0,low,0.5,38.0
11227,131195,1,2,11,0,70,2,1,1,13,0,low,0.5,49.0
11228,131196,1,3,11,1,45,1,1,1,13,0,low,0.3333333333333333,28.0
11229,131197,1,2,11,0,55,1,1,1,13,0,low,0.5,45.0
11230,131198,1,1,11,0,99,1,1,1,13,0,high,1.0,30.0
11231,131199,1,3,11,0,55,2,1,1,13,1,low,0.3333333333333333,24.0
11232,131200,1,5,11,5,30,1,1,2,13,0,low,0.2,16.0
11233,131201,1,2,11,2,45,1,1,2,13,0,low,0.5,69.0
11234,131202,1,1,11,0,45,3,1,1,13,1,high,1.0,25.0
11235,131203,1,1,11,0,35,1,1,1,13,0,high,1.0,20.0
11236,131204,2,3,11,0,55,1,1,1,13,1,high,0.6666666666666666,16.0
11237,131205,2,7,11,7,45,1,1,1,13,0,low,0.2857142857142857,17.0
11238,131206,1,3,1,0,35,2,1,2,13,0,low,0.3333333333333333,45.0
11239,131207,1,2,6,0,65,5,1,2,13,1,low,0.5,13.0
11240,131208,1,2,6,7,55,3,1,1,13,0,low,0.5,34.0
11241,131209,1,2,8,0,65,2,1,1,13,1,low,0.5,32.0
11242,131210,1,1,9,0,55,5,1,1,13,1,high,1.0,7.0
11243,131211,1,2,9,0,35,3,1,1,13,1,low,0.5,52.0
11244,131212,1,3,9,5,45,1,1,1,13,0,low,0.3333333333333333,9.0
11245,131213,1,8,9,0,45,3,1,1,13,0,low,0.125,6.0
11246,131214,1,2,9,5,35,1,1,1,13,0,low,0.5,34.0