,ST_CASE,FATALS,PERSONS,MONTH,MAN_COLL,SP_LIMIT,LGT_COND,WEATHER,SUR_COND,STATE,DRUNK_DR,rate,rate_numerical,arrival_time
11986,170120,2,3,3,2,55,1,1,1,17,0,high,0.6666666666666666,21.0
11987,170121,1,2,1,0,40,3,1,1,17,0,low,0.5,22.0
11988,170122,1,1,2,0,55,2,1,1,17,1,high,1.0,49.0
11989,170123,1,2,2,0,55,1,6,1,17,0,low,0.5,12.0
11990,170124,1,2,2,4,55,1,4,3,17,0,low,0.5,16.0
11991,170125,1,1,2,0,55,2,1,1,17,1,high,1.0,16.0
11992,170126,1,11,2,3,55,1,4,3,17,0,low,0.09090909090909091,10.0
11993,170127,1,4,2,2,45,2,1,1,17,0,low,0.25,4.0
11994,170128,3,3,2,0,55,1,1,3,17,0,high,1.0,8.0
11995,170129,1,6,2,4,35,3,1,1,17,0,low,0.16666666666666666,12.0
11996,170130,1,2,2,2,55,4,6,3,17,0,low,0.5,3.0
11997,170131,1,1,2,0,55,1,9,9,17,1,high,1.0,15.0
11998,170132,1,2,2,2,45,1,1,1,17,0,low,0.5,12.0
11999,170133,1,2,2,0,55,2,4,3,17,0,low,0.5,19.0
12000,170134,1,3,2,5,30,2,1,1,17,1,low,0.3333333333333333,6.0
12001,170135,2,6,2,4,55,1,4,3,17,0,low,0.3333333333333333,8.0
12002,170136,1,2,2,4,55,1,4,3,17,0,low,0.5,6.0
12003,170137,1,1,2,0,30,2,1,2,17,0,high,1.0,9.0
12004,170138,1,1,3,0,65,1,1,1,17,0,high,1.0,52.0
12005,170139,3,5,4,2,65,1,1,1,17,0,high,0.6,83.0
12006,170140,2,3,3,0,35,3,1,2,17,2,high,0.6666666666666666,44.0
12007,170141,1,1,3,0,40,1,1,1,17,1,high,1.0,29.0
12008,170142,1,1,3,0,55,2,1,1,17,1,high,1.0,13.0
12009,170143,2,4,3,0,65,3,1,1,17,3,low,0.5,16.0
12010,170144,1,2,4,0,65,1,1,1,17,0,low,0.5,21.0
12011,170145,1,3,1,0,55,1,1,4,17,0,low,0.3333333333333333,15.0
12012,170146,2,2,2,0,30,2,8,2,17,1,high,1.0,4.0
12013,170147,1,3,2,2,55,2,4,3,17,0,low,0.3333333333333333,50.0
12014,170148,1,2,2,1,45,3,1,1,17,0,low,0.5,27.0
12015,170149,1,2,3,0,55,1,4,3,17,0,low,0.5,14.0
12016,170150,1,1,3,0,30,3,2,2,17,1,high,1.0,37.0
12017,170151,1,2,2,0,30,3,1,1,17,2,low,0.5,17.0
12018,170152,1,5,2,0,30,3,1,1,17,1,low,0.2,27.0
12019,170153,1,2,2,0,35,5,1,1,17,0,low,0.5,19.0
12020,170154,1,1,2,0,30,2,4,4,17,0,high,1.0,23.0
12021,170155,3,4,2,0,30,3,1,1,17,1,high,0.75,11.0
12022,170156,1,1,4,0,25,2,4,3,17,0,high,1.0,17.0
12023,170157,1,3,4,2,55,1,1,2,17,0,low,0.3333333333333333,4.0
12024,170158,1,2,4,2,45,1,1,1,17,0,low,0.5,8.0
12025,170159,1,2,4,0,45,1,1,1,17,1,low,0.5,3.0
12026,170160,1,1,4,0,65,2,1,1,17,1,high,1.0,10.0
12027,170161,1,3,1,0,30,3,1,1,17,1,low,0.3333333333333333,18.0
12028,170162,1,1,1,0,55,1,4,3,17,0,high,1.0,2.0
12029,170163,1,4,1,0,55,2,1,1,17,1,low,0.25,1.0
12030,170164,1,1,1,0,35,3,4,2,17,0,high,1.0,20.0
12031,170165,1,4,1,4,55,2,4,3,17,0,low,0.25,8.0
12032,170166,1,1,2,0,55,1,6,3,17,0,high,1.0,44.0
12033,170167,1,2,2,2,50,5,1,1,17,1,low,0.5,23.0
12034,170169,1,2,2,0,45,2,1,1,17,2,low,0.5,7.0
12035,170170,1,1,3,0,55,2,1,1,17,0,high,1.0,12.0
12036,170171,2,4,3,5,55,2,1,1,17,0,low,0.5,11.0
12037,170172,1,4,4,5,35,3,1,2,17,1,low,0.25,2.0
12038,170173,1,3,4,5,55,1,1,1,17,2,low,0.3333333333333333,2.0
12039,170174,1,2,4,0,55,2,1,1,17,1,low,0.5,9.0
12040,170175,1,2,4,2,45,1,1,1,17,0,low,0.5,16.0
12041,170176,1,1,4,0,55,1,1,1,17,0,high,1.0,10.0
12042,170177,1,1,4,0,55,2,1,1,17,1,high,1.0,22.0
12043,170178,5,9,2,0,45,3,1,1,17,4,high,0.5555555555555556,28.0
12044,170179,1,6,2,5,55,1,1,1,17,0,low,0.16666666666666666,26.0
12045,170180,1,6,2,5,55,3,1,2,17,1,low,0.16666666666666666,4.0
12046,170181,1,2,2,5,55,1,1,1,17,0,low,0.5,3.0
12047,170182,1,1,3,0,50,3,1,1,17,1,high,1.0,30.0
12048,170183,1,1,3,0,25,1,1,1,17,0,high,1.0,20.0
12049,170184,2,5,3,5,35,3,1,1,17,2,low,0.4,4.0
12050,170185,1,2,3,4,45,2,1,1,17,1,low,0.5,11.0
12051,170186,1,3,3,0,55,2,2,2,17,0,low,0.3333333333333333,21.0
12052,170187,1,1,3,0,45,1,1,6,17,0,high,1.0,18.0
12053,170188,1,1,2,0,55,1,4,4,17,0,high,1.0,44.0
12054,170189,1,1,2,0,99,1,1,1,17,0,high,1.0,6.0
12055,170190,1,2,2,0,99,3,1,1,17,1,low,0.5,4.0
12056,170191,1,2,2,0,35,3,1,1,17,2,low,0.5,47.0
12057,170192,1,1,2,0,40,3,1,1,17,1,high,1.0,46.0
12058,170194,1,1,4,0,55,5,1,1,17,1,high,1.0,32.0
12059,170195,1,1,4,0,55,2,1,1,17,1,high,1.0,4.0
12060,170196,1,2,4,5,55,1,1,1,17,0,low,0.5,5.0
12061,170197,1,8,4,0,65,3,1,1,17,1,low,0.125,12.0
12062,170198,1,1,4,0,55,2,1,1,17,1,high,1.0,6.0
12063,170199,1,3,4,1,65,3,1,1,17,0,low,0.3333333333333333,16.0
12064,170200,1,3,4,5,55,1,1,1,17,1,low,0.3333333333333333,16.0
12065,170201,1,5,2,4,35,2,1,1,17,0,low,0.2,9.0
12066,170202,1,2,2,0,55,2,1,1,17,0,low,0.5,23.0
12067,170203,1,2,2,0,35,3,1,2,17,1,low,0.5,10.0
12068,170204,1,7,2,5,45,2,1,1,17,0,low,0.14285714285714285,46.0
12069,170205,1,1,2,0,45,3,1,1,17,1,high,1.0,89.0
12070,170206,1,5,2,1,30,3,1,1,17,0,low,0.2,16.0
12071,170207,1,3,1,0,30,3,2,2,17,2,low,0.3333333333333333,4.0
12072,170208,1,1,1,0,55,2,1,1,17,1,high,1.0,9.0
12073,170209,1,2,1,0,35,2,1,1,17,1,low,0.5,22.0
12074,170210,1,2,1,0,30,1,1,1,17,0,low,0.5,7.0
12075,170211,1,2,1,0,35,3,2,2,17,0,low,0.5,35.0
12076,170212,1,3,1,5,40,1,1,1,17,0,low,0.3333333333333333,8.0
12077,170213,1,3,4,0,55,3,2,2,17,1,low,0.3333333333333333,15.0
12078,170214,1,6,4,7,55,2,2,2,17,0,low,0.16666666666666666,17.0
12079,170215,1,4,4,0,55,2,1,1,17,1,low,0.25,12.0
12080,170216,1,2,4,2,55,1,1,1,17,0,low,0.5,14.0
12081,170217,1,2,4,2,40,1,1,1,17,0,low,0.5,9.0
12082,170218,1,2,2,0,35,3,1,2,17,0,low,0.5,32.0
12083,170219,1,3,1,1,55,1,1,1,17,0,low,0.3333333333333333,9.0
12084,170220,1,2,1,0,20,1,1,1,17,0,low,0.5,5.0
12085,170221,1,1,1,0,40,3,1,1,17,0,high,1.0,18.0
12086,170222,1,4,1,5,40,2,1,2,17,0,low,0.25,23.0
12087,170223,2,4,1,0,25,2,1,1,17,0,low,0.5,5.0
12088,170224,1,3,2,0,45,2,1,4,17,2,low,0.3333333333333333,11.0
12089,170225,1,1,2,0,55,1,1,1,17,1,high,1.0,10.0
12090,170226,2,7,2,2,55,1,1,1,17,0,low,0.2857142857142857,13.0
12091,170227,1,2,2,0,40,3,4,3,17,2,low,0.5,2.0
12092,170228,1,2,2,5,35,3,5,2,17,1,low,0.5,54.0
12093,170229,1,2,3,0,55,1,1,1,17,0,low,0.5,0.0
12094,170230,1,1,3,0,35,1,1,2,17,0,high,1.0,16.0
12095,170231,1,2,4,0,55,2,1,1,17,1,low,0.5,31.0
12096,170232,1,1,4,0,35,2,1,1,17,1,high,1.0,32.0
12097,170233,2,3,4,0,65,1,1,1,17,0,high,0.6666666666666666,11.0
12098,170234,1,1,3,0,30,3,4,2,17,1,high,1.0,7.0
12099,170235,1,2,3,0,30,3,1,1,17,1,low,0.5,23.0
12100,170236,1,2,3,0,35,3,1,2,17,1,low,0.5,34.0
12101,170237,1,3,3,8,55,2,1,1,17,0,low,0.3333333333333333,28.0
12102,170238,1,2,1,0,25,3,2,2,17,1,low,0.5,19.0
12103,170239,1,5,3,0,65,1,1,1,17,0,low,0.2,17.0
12104,170240,1,2,1,0,55,2,1,4,17,2,low,0.5,10.0
12105,170241,1,5,3,5,35,2,5,2,17,3,low,0.2,2.0
12106,170242,1,1,3,0,30,1,1,1,17,1,high,1.0,4.0
12107,170243,1,4,2,2,55,2,1,1,17,0,low,0.25,15.0
12108,170244,1,3,3,0,55,2,1,1,17,1,low,0.3333333333333333,13.0
12109,170245,1,2,2,11,45,1,1,1,17,1,low,0.5,4.0
12110,170246,1,3,4,5,35,3,1,1,17,1,low,0.3333333333333333,6.0
12111,170247,2,4,5,2,55,2,1,1,17,3,low,0.5,9.0
12112,170248,1,3,2,0,55,1,5,1,17,0,low,0.3333333333333333,11.0
12113,170249,1,2,2,0,35,3,1,1,17,0,low,0.5,46.0
12114,170250,1,1,2,0,30,3,1,1,17,1,high,1.0,14.0
12115,170251,1,2,2,0,30,1,1,1,17,0,low,0.5,35.0
12116,170252,1,2,2,0,30,3,1,1,17,1,low,0.5,8.0
12117,170253,1,4,2,2,25,2,4,4,17,0,low,0.25,14.0
12118,170254,1,1,3,2,25,2,1,1,17,1,high,1.0,16.0
12119,170255,1,3,3,0,65,2,1,1,17,1,low,0.3333333333333333,10.0
12120,170256,1,1,3,0,35,3,1,1,17,1,high,1.0,8.0
12121,170257,1,2,3,0,25,1,1,1,17,0,low,0.5,18.0
12122,170258,1,2,4,0,55,1,1,1,17,1,low,0.5,17.0
12123,170259,1,2,5,1,45,3,1,1,17,0,low,0.5,14.0
12124,170260,1,1,3,0,30,1,1,1,17,0,high,1.0,11.0
12125,170261,1,2,3,0,45,1,1,1,17,0,low,0.5,21.0
12126,170263,1,2,3,0,35,2,1,1,17,1,low,0.5,38.0
12127,170264,1,2,3,0,35,1,1,1,17,0,low,0.5,24.0
12128,170265,2,2,3,0,35,2,1,1,17,2,high,1.0,47.0
12129,170266,1,3,3,5,30,3,1,1,17,1,low,0.3333333333333333,9.0
12130,170267,1,1,3,0,35,3,1,1,17,1,high,1.0,16.0
12131,170268,1,2,3,2,40,1,2,2,17,1,low,0.5,376.0
12132,170269,1,1,2,0,65,2,1,1,17,0,high,1.0,8.0
12133,170270,2,4,3,0,55,2,1,1,17,2,low,0.5,13.0
12134,170271,1,2,3,0,45,2,1,1,17,1,low,0.5,14.0
12135,170272,1,3,3,0,55,1,1,1,17,1,low,0.3333333333333333,103.0
12136,170273,1,2,3,5,40,1,1,1,17,0,low,0.5,11.0
12137,170274,1,2,3,2,55,2,3,2,17,1,low,0.5,84.0
12138,170275,1,1,3,0,35,2,1,1,17,1,high,1.0,40.0
12139,170276,1,2,3,2,45,3,5,2,17,1,low,0.5,0.0
12140,170277,1,2,3,0,20,3,1,1,17,1,low,0.5,5.0
12141,170278,1,2,4,0,45,2,1,1,17,1,low,0.5,5.0
12142,170279,1,4,5,1,55,1,1,1,17,0,low,0.25,13.0
12143,170280,1,2,5,0,55,2,1,1,17,1,low,0.5,14.0
12144,170281,1,2,5,2,55,1,1,1,17,0,low,0.5,32.0
12145,170282,1,1,5,0,55,2,1,1,17,1,high,1.0,12.0
12146,170283,1,4,1,0,55,1,1,1,17,0,low,0.25,31.0
12147,170284,1,1,4,0,55,1,1,2,17,1,high,1.0,17.0
12148,170285,1,3,4,4,55,1,1,1,17,0,low,0.3333333333333333,57.0
12149,170286,1,3,4,5,55,1,1,1,17,0,low,0.3333333333333333,15.0
12150,170287,1,3,4,5,30,1,1,1,17,0,low,0.3333333333333333,27.0
12151,170288,1,2,4,2,55,1,1,1,17,1,low,0.5,16.0
12152,170289,1,3,5,2,55,1,1,1,17,0,low,0.3333333333333333,8.0
12153,170290,1,1,5,0,55,1,1,1,17,0,high,1.0,10.0
12154,170291,1,1,5,0,55,1,1,1,17,1,high,1.0,331.0
12155,170292,2,2,5,0,65,2,1,1,17,2,high,1.0,8.0
12156,170293,1,1,5,0,65,2,1,1,17,0,high,1.0,25.0
12157,170294,1,3,5,2,55,1,1,1,17,0,low,0.3333333333333333,10.0
12158,170295,1,2,5,7,35,2,1,1,17,1,low,0.5,21.0
12159,170296,1,2,4,0,45,3,1,1,17,2,low,0.5,12.0
12160,170297,1,3,4,2,55,2,1,1,17,3,low,0.3333333333333333,11.0
12161,170298,1,1,4,0,55,1,1,2,17,0,high,1.0,6.0
12162,170299,1,2,4,0,65,2,1,1,17,1,low,0.5,7.0
12163,170300,1,4,4,0,30,2,2,2,17,2,low,0.25,73.0
12164,170302,1,4,4,2,55,2,1,1,17,1,low,0.25,18.0
12165,170303,1,2,2,0,40,1,4,3,17,0,low,0.5,10.0
12166,170304,3,3,3,0,40,3,1,2,17,0,high,1.0,15.0
12167,170305,1,2,3,5,55,1,1,1,17,0,low,0.5,10.0
12168,170306,1,2,3,0,55,1,1,1,17,0,low,0.5,6.0
12169,170307,1,2,4,5,55,5,1,1,17,0,low,0.5,1340.0
12170,170308,1,2,4,0,55,1,1,1,17,1,low,0.5,3.0
12171,170309,1,1,4,0,40,2,2,2,17,1,high,1.0,11.0
12172,170310,1,2,4,0,55,2,1,1,17,1,low,0.5,17.0
12173,170311,1,1,4,0,30,2,1,1,17,1,high,1.0,30.0
12174,170312,1,3,4,5,45,1,1,1,17,0,low,0.3333333333333333,15.0
12175,170313,1,1,4,0,45,1,1,1,17,0,high,1.0,48.0
12176,170314,1,2,4,0,45,3,1,2,17,1,low,0.5,11.0
12177,170315,1,1,5,0,55,2,1,1,17,1,high,1.0,8.0
12178,170316,1,3,5,0,65,3,1,1,17,1,low,0.3333333333333333,16.0
12179,170317,1,3,5,4,55,1,1,1,17,0,low,0.3333333333333333,6.0
12180,170318,1,1,5,0,55,2,1,1,17,1,high,1.0,2.0
12181,170319,1,4,5,1,65,2,1,1,17,0,low,0.25,19.0
12182,170320,1,1,4,0,40,3,2,2,17,0,high,1.0,28.0
12183,170321,1,1,5,0,55,1,1,1,17,0,high,1.0,131.0
12184,170322,1,2,4,0,20,3,1,1,17,2,low,0.5,14.0
12185,170323,1,3,4,0,35,1,1,1,17,0,low,0.3333333333333333,6.0
12186,170324,2,4,4,5,55,1,1,1,17,0,low,0.5,91.0
12187,170325,1,2,4,0,55,2,1,1,17,1,low,0.5,28.0
12188,170326,1,2,4,0,55,2,1,1,17,2,low,0.5,5.0
12189,170327,1,2,4,0,15,1,1,1,17,0,low,0.5,4.0
12190,170328,1,2,4,0,55,2,1,1,17,1,low,0.5,45.0
12191,170329,1,3,5,1,55,2,1,1,17,1,low,0.3333333333333333,39.0
12192,170330,1,1,5,0,55,2,1,1,17,0,high,1.0,17.0
12193,170331,1,5,5,99,65,1,1,1,17,0,low,0.2,15.0
12194,170332,1,4,5,1,65,1,1,1,17,0,low,0.25,10.0
12195,170333,1,4,1,5,55,1,4,3,17,0,low,0.25,29.0
12196,170334,1,3,3,5,35,1,1,1,17,1,low,0.3333333333333333,23.0
12197,170335,1,4,4,0,30,3,1,1,17,0,low,0.25,23.0
12198,170336,1,1,4,0,55,2,1,1,17,1,high,1.0,730.0
12199,170337,2,7,4,4,55,1,1,1,17,0,low,0.2857142857142857,21.0
12200,170338,1,2,4,0,55,2,1,1,17,2,low,0.5,20.0
12201,170339,1,1,5,0,65,2,1,1,17,0,high,1.0,16.0
12202,170340,1,2,6,0,55,3,1,1,17,1,low,0.5,10.0
12203,170341,1,8,5,0,65,1,1,1,17,0,low,0.125,12.0
12204,170342,1,1,1,0,55,1,1,1,17,0,high,1.0,13.0
12205,170343,1,1,3,0,55,1,1,1,17,0,high,1.0,38.0
12206,170344,1,1,3,0,35,3,2,2,17,1,high,1.0,18.0
12207,170345,1,3,3,0,40,1,1,1,17,0,low,0.3333333333333333,7.0
12208,170346,1,2,4,0,55,1,1,1,17,0,low,0.5,15.0
12209,170347,1,2,4,0,55,2,1,1,17,1,low,0.5,13.0
12210,170348,2,5,4,0,30,3,1,1,17,1,low,0.4,33.0
12211,170349,1,1,4,0,55,1,1,1,17,0,high,1.0,11.0
12212,170350,1,6,4,5,30,2,2,2,17,1,low,0.16666666666666666,17.0
12213,170351,1,1,4,0,55,1,2,2,17,0,high,1.0,9.0
12214,170352,2,3,4,5,55,1,1,1,17,0,high,0.6666666666666666,6.0
12215,170353,1,3,4,4,40,1,1,1,17,0,low,0.3333333333333333,19.0
12216,170354,1,5,6,3,45,1,1,1,17,0,low,0.2,31.0
12217,170355,1,3,5,7,55,1,1,1,17,0,low,0.3333333333333333,9.0
12218,170356,1,2,5,4,65,1,2,2,17,0,low,0.5,14.0
12219,170357,1,1,5,0,55,1,1,1,17,0,high,1.0,66.0
12220,170358,1,3,5,2,55,1,1,1,17,0,low,0.3333333333333333,14.0
12221,170359,1,3,6,0,45,2,1,1,17,1,low,0.3333333333333333,12.0
12222,170360,1,1,6,0,55,2,1,1,17,1,high,1.0,18.0
12223,170361,1,2,6,0,55,3,1,1,17,1,low,0.5,34.0
12224,170362,1,2,4,5,55,5,1,1,17,0,low,0.5,24.0
12225,170363,1,3,4,2,55,1,1,1,17,0,low,0.3333333333333333,10.0
12226,170364,1,7,4,0,65,1,1,1,17,0,low,0.14285714285714285,83.0
12227,170365,1,2,5,5,45,3,1,1,17,0,low,0.5,18.0
12228,170366,1,1,5,0,55,2,1,2,17,1,high,1.0,20.0
12229,170367,1,1,5,0,45,2,1,1,17,0,high,1.0,23.0
12230,170368,1,5,5,4,55,1,2,2,17,0,low,0.2,15.0
12231,170369,1,3,5,5,45,1,1,1,17,0,low,0.3333333333333333,16.0
12232,170370,1,2,5,0,55,2,1,1,17,1,low,0.5,21.0
12233,170371,1,4,5,5,35,1,1,1,17,1,low,0.25,8.0
12234,170372,2,2,5,2,55,4,5,1,17,0,high,1.0,9.0
12235,170373,1,1,5,0,25,1,1,1,17,0,high,1.0,11.0
12236,170374,1,3,6,0,99,5,1,1,17,1,low,0.3333333333333333,30.0
12237,170375,1,2,6,0,65,1,1,1,17,0,low,0.5,26.0
12238,170376,1,3,6,1,45,1,1,1,17,0,low,0.3333333333333333,56.0
12239,170378,1,2,5,0,55,1,1,1,17,1,low,0.5,17.0
12240,170379,1,2,5,4,35,1,1,1,17,0,low,0.5,37.0
12241,170380,1,1,5,0,55,1,1,1,17,0,high,1.0,17.0
12242,170381,1,2,4,5,35,1,1,1,17,0,low,0.5,20.0
12243,170382,1,4,6,0,55,3,1,1,17,0,low,0.25,4.0
12244,170383,1,2,3,0,55,2,1,1,17,2,low,0.5,13.0
12245,170384,1,5,6,0,55,1,1,1,17,0,low,0.2,10.0
12246,170385,1,2,4,2,30,1,1,1,17,0,low,0.5,21.0
12247,170386,1,2,4,0,35,3,1,1,17,1,low,0.5,37.0
12248,170387,1,3,6,7,65,2,1,1,17,0,low,0.3333333333333333,19.0
12249,170388,1,5,4,1,30,3,1,1,17,1,low,0.2,16.0
12250,170389,1,1,4,0,35,1,1,1,17,0,high,1.0,19.0
12251,170390,1,2,4,0,35,2,9,9,17,0,low,0.5,13.0
12252,170391,1,2,4,0,99,2,1,1,17,1,low,0.5,11.0
12253,170392,1,6,4,5,55,3,1,1,17,2,low,0.16666666666666666,8.0
12254,170393,1,1,6,0,55,2,1,1,17,1,high,1.0,26.0
12255,170394,1,2,6,2,55,1,1,1,17,0,low,0.5,13.0
12256,170395,1,3,6,0,55,3,1,1,17,1,low,0.3333333333333333,133.0
12257,170396,1,2,6,2,55,1,1,1,17,0,low,0.5,23.0
12258,170397,1,1,6,0,55,2,1,1,17,0,high,1.0,9.0
12259,170398,1,2,4,0,55,1,1,1,17,0,low,0.5,25.0
12260,170399,1,5,5,2,45,1,1,1,17,1,low,0.2,38.0
12261,170400,1,1,5,0,55,2,1,1,17,1,high,1.0,8.0
12262,170401,1,1,5,0,55,2,1,1,17,1,high,1.0,8.0
12263,170402,1,1,5,0,65,1,1,1,17,0,high,1.0,29.0
12264,170403,1,2,5,0,45,3,1,1,17,0,low,0.5,9.0
12265,170404,1,1,5,0,55,1,1,1,17,0,high,1.0,21.0
12266,170405,1,1,5,0,40,1,1,1,17,0,high,1.0,31.0
12267,170406,1,2,5,0,15,1,1,1,17,0,low,0.5,7.0
12268,170407,1,1,6,0,55,1,1,2,17,0,high,1.0,17.0
12269,170408,1,1,5,2,30,3,1,1,17,0,high,1.0,19.0
12270,170409,1,1,5,0,55,2,1,1,17,1,high,1.0,30.0
12271,170410,1,2,5,0,30,1,1,1,17,0,low,0.5,17.0
12272,170411,1,2,5,0,55,3,1,1,17,1,low,0.5,57.0
12273,170412,1,1,5,0,55,2,1,1,17,1,high,1.0,18.0
12274,170413,1,1,6,0,55,1,1,1,17,1,high,1.0,13.0
12275,170414,1,1,6,0,30,2,2,2,17,1,high,1.0,47.0
12276,170415,3,3,6,0,65,2,1,1,17,0,high,1.0,18.0
12277,170416,1,3,6,0,55,1,1,1,17,0,low,0.3333333333333333,20.0
12278,170417,1,1,6,0,30,4,1,1,17,0,high,1.0,11.0
12279,170418,1,2,6,0,55,1,1,1,17,0,low,0.5,4.0
12280,170419,1,2,6,1,65,1,1,1,17,0,low,0.5,33.0
12281,170420,1,1,6,0,65,4,1,1,17,0,high,1.0,30.0
12282,170421,1,2,7,2,55,1,1,1,17,1,low,0.5,47.0
12283,170422,1,5,7,0,55,2,1,1,17,1,low,0.2,16.0
12284,170423,1,1,6,0,55,2,1,1,17,1,high,1.0,9.0
12285,170424,1,1,6,0,55,1,1,1,17,1,high,1.0,9.0
12286,170425,1,2,6,5,35,3,1,1,17,2,low,0.5,5.0
12287,170426,1,2,6,2,55,2,1,2,17,1,low,0.5,24.0
12288,170427,1,6,6,1,65,3,1,1,17,1,low,0.16666666666666666,28.0
12289,170428,1,12,6,1,65,1,1,1,17,0,low,0.08333333333333333,676.0
12290,170429,1,1,7,0,55,2,1,1,17,1,high,1.0,25.0
12291,170430,1,1,7,0,55,1,1,1,17,0,high,1.0,0.0
12292,170431,1,3,2,0,30,3,1,2,17,2,low,0.3333333333333333,15.0
12293,170432,1,2,4,0,40,3,1,1,17,1,low,0.5,8.0
12294,170433,1,1,5,0,55,1,1,1,17,0,high,1.0,22.0
12295,170434,1,1,1,0,30,3,2,2,17,1,high,1.0,10.0
12296,170435,1,2,3,0,35,2,1,1,17,0,low,0.5,35.0
12297,170436,1,1,5,0,55,1,1,1,17,0,high,1.0,856.0
12298,170437,1,7,5,5,30,3,1,1,17,0,low,0.14285714285714285,22.0
12299,170438,1,3,7,0,30,2,1,1,17,1,low,0.3333333333333333,2.0
12300,170439,1,9,5,1,30,1,1,1,17,1,low,0.1111111111111111,34.0
12301,170440,3,4,5,5,35,2,1,1,17,1,high,0.75,5.0
12302,170441,1,4,5,5,45,1,1,1,17,0,low,0.25,29.0
12303,170442,1,2,7,2,55,2,1,1,17,1,low,0.5,5.0
12304,170443,1,1,6,0,55,1,1,1,17,1,high,1.0,12.0
12305,170444,1,1,6,0,35,3,1,1,17,1,high,1.0,16.0
12306,170445,1,4,6,5,30,3,1,1,17,1,low,0.25,5.0
12307,170446,1,1,6,0,55,2,9,9,17,1,high,1.0,32.0
12308,170447,1,2,7,0,55,1,1,1,17,1,low,0.5,31.0
12309,170448,1,1,7,0,65,1,1,1,17,0,high,1.0,22.0
12310,170449,1,1,5,0,55,2,1,1,17,1,high,1.0,46.0
12311,170450,1,1,6,0,55,2,1,1,17,0,high,1.0,24.0
12312,170451,3,3,3,0,35,3,1,1,17,0,high,1.0,33.0
12313,170452,1,2,3,0,20,1,1,1,17,0,low,0.5,66.0
12314,170455,1,5,3,5,40,1,2,2,17,0,low,0.2,7.0
12315,170456,1,3,5,0,30,3,1,1,17,0,low,0.3333333333333333,50.0
12316,170457,1,1,5,0,35,1,1,1,17,0,high,1.0,26.0
12317,170458,1,2,6,5,25,1,1,1,17,0,low,0.5,16.0
12318,170459,1,5,6,4,30,3,1,1,17,1,low,0.2,30.0
12319,170460,1,2,6,5,55,2,1,1,17,0,low,0.5,50.0
12320,170461,1,1,6,0,55,1,1,1,17,0,high,1.0,35.0
12321,170462,1,3,6,5,55,1,1,1,17,0,low,0.3333333333333333,15.0
12322,170463,1,5,6,5,55,1,1,1,17,1,low,0.2,49.0
12323,170464,1,4,6,5,45,3,2,2,17,0,low,0.25,10.0
12324,170465,1,1,6,0,40,3,1,2,17,1,high,1.0,51.0
12325,170466,1,1,6,0,45,4,1,1,17,1,high,1.0,2.0
12326,170467,1,2,6,5,50,1,1,1,17,0,low,0.5,8.0
12327,170468,1,2,6,0,30,3,1,1,17,1,low,0.5,35.0
12328,170469,1,3,7,2,55,1,1,1,17,0,low,0.3333333333333333,9.0
12329,170470,1,2,7,0,35,2,1,1,17,0,low,0.5,7.0
12330,170471,1,3,7,0,55,2,1,1,17,1,low,0.3333333333333333,36.0
12331,170472,1,3,3,5,55,1,1,1,17,0,low,0.3333333333333333,8.0
12332,170473,1,2,5,0,45,1,1,1,17,0,low,0.5,33.0
12333,170474,1,2,5,5,55,1,1,1,17,0,low,0.5,21.0
12334,170475,1,1,5,0,50,2,1,1,17,0,high,1.0,8.0
12335,170476,1,1,5,0,55,1,1,1,17,0,high,1.0,12.0
12336,170477,1,3,6,0,45,3,1,1,17,1,low,0.3333333333333333,62.0
12337,170478,1,3,6,2,55,2,1,1,17,1,low,0.3333333333333333,49.0
12338,170479,1,1,6,0,55,1,1,1,17,0,high,1.0,11.0
12339,170480,1,7,7,5,45,1,1,1,17,0,low,0.14285714285714285,39.0
12340,170481,1,2,7,0,55,2,1,2,17,1,low,0.5,30.0
12341,170482,1,4,7,0,55,2,1,1,17,2,low,0.25,5.0
12342,170483,1,1,5,0,25,3,1,1,17,0,high,1.0,21.0
12343,170484,1,1,5,0,55,1,1,1,17,0,high,1.0,8.0
12344,170485,1,2,5,0,35,1,1,1,17,0,low,0.5,30.0
12345,170486,1,1,5,0,55,2,1,1,17,0,high,1.0,30.0
12346,170487,1,1,5,0,55,1,2,2,17,0,high,1.0,29.0
12347,170488,1,1,5,0,55,2,5,2,17,1,high,1.0,5.0
12348,170489,1,4,6,0,65,2,1,1,17,0,low,0.25,8.0
12349,170490,1,1,7,0,55,2,1,1,17,1,high,1.0,21.0
12350,170491,1,2,7,5,55,1,1,1,17,0,low,0.5,6.0
12351,170492,1,2,7,0,55,1,1,1,17,0,low,0.5,98.0
12352,170493,1,2,7,0,35,3,1,1,17,1,low,0.5,39.0
12353,170494,1,1,7,0,55,2,1,1,17,1,high,1.0,25.0
12354,170495,1,2,7,5,55,1,1,1,17,0,low,0.5,17.0
12355,170496,1,1,7,0,55,1,1,1,17,1,high,1.0,22.0
12356,170497,1,1,7,0,55,2,1,1,17,1,high,1.0,16.0
12357,170498,1,1,7,0,55,1,1,1,17,0,high,1.0,23.0