,ST_CASE,FATALS,PERSONS,MONTH,MAN_COLL,SP_LIMIT,LGT_COND,WEATHER,SUR_COND,STATE,DRUNK_DR,rate,rate_numerical,arrival_time
12358,170499,1,2,7,2,55,1,1,1,17,0,low,0.5,4.0
12359,170500,1,8,7,2,55,1,1,1,17,0,low,0.125,4.0
12360,170501,1,1,7,0,55,1,1,1,17,0,high,1.0,28.0
12361,170502,2,3,7,0,55,3,1,1,17,3,high,0.6666666666666666,3.0
12362,170503,1,2,7,1,65,2,1,1,17,0,low,0.5,3.0
12363,170504,1,2,7,0,55,1,1,1,17,0,low,0.5,15.0
12364,170505,1,3,6,0,40,2,1,1,17,2,low,0.3333333333333333,5.0
12365,170506,1,2,6,1,45,1,1,1,17,0,low,0.5,0.0
12366,170507,1,4,6,5,35,1,2,2,17,0,low,0.25,12.0
12367,170508,1,2,6,0,45,2,1,1,17,1,low,0.5,17.0
12368,170509,1,4,6,2,55,2,1,1,17,1,low,0.25,56.0
12369,170510,1,3,6,1,45,1,1,1,17,0,low,0.3333333333333333,9.0
12370,170511,1,1,6,0,40,1,1,1,17,1,high,1.0,10.0
12371,170512,1,2,6,5,55,2,1,1,17,0,low,0.5,20.0
12372,170513,1,1,6,0,55,2,1,1,17,1,high,1.0,21.0
12373,170514,1,2,7,0,55,2,1,1,17,0,low,0.5,7.0
12374,170515,1,1,6,0,65,3,1,1,17,0,high,1.0,4.0
12375,170516,1,1,6,0,55,1,1,1,17,0,high,1.0,20.0
12376,170517,1,2,6,0,55,2,1,1,17,1,low,0.5,9.0
12377,170518,1,5,6,5,30,3,1,1,17,1,low,0.2,0.0
12378,170519,1,6,6,2,35,3,1,1,17,0,low,0.16666666666666666,0.0
12379,170520,1,2,6,1,55,1,1,1,17,0,low,0.5,15.0
12380,170521,1,1,6,0,45,3,1,1,17,0,high,1.0,14.0
12381,170522,1,1,6,0,55,1,1,1,17,1,high,1.0,4.0
12382,170523,1,5,7,0,55,2,1,1,17,2,low,0.2,38.0
12383,170524,1,1,7,0,35,1,1,1,17,1,high,1.0,59.0
12384,170525,1,4,4,2,35,1,1,1,17,0,low,0.25,33.0
12385,170526,1,2,5,0,55,2,1,8,17,0,low,0.5,9.0
12386,170527,1,1,5,0,40,3,1,1,17,1,high,1.0,5.0
12387,170528,1,3,5,5,40,1,1,1,17,0,low,0.3333333333333333,20.0
12388,170529,1,3,5,0,55,2,2,2,17,1,low,0.3333333333333333,28.0
12389,170530,1,2,5,0,40,2,1,1,17,1,low,0.5,15.0
12390,170531,1,1,6,0,55,9,1,1,17,1,high,1.0,56.0
12391,170533,1,3,6,2,55,3,1,1,17,1,low,0.3333333333333333,18.0
12392,170534,1,2,6,2,30,3,1,1,17,1,low,0.5,14.0
12393,170535,1,2,5,0,45,2,1,1,17,1,low,0.5,20.0
12394,170536,2,4,6,6,45,1,2,2,17,0,low,0.5,29.0
12395,170537,1,5,7,0,65,1,1,1,17,0,low,0.2,16.0
12396,170538,1,5,7,5,55,2,1,2,17,0,low,0.2,45.0
12397,170540,1,2,8,0,55,1,1,1,17,0,low,0.5,17.0
12398,170541,1,2,8,0,65,1,1,1,17,0,low,0.5,8.0
12399,170542,1,2,8,0,55,2,1,1,17,1,low,0.5,9.0
12400,170545,1,2,7,0,55,2,1,1,17,1,low,0.5,7.0
12401,170546,2,3,6,0,55,1,1,1,17,1,high,0.6666666666666666,7.0
12402,170547,1,3,6,0,55,2,1,1,17,1,low,0.3333333333333333,22.0
12403,170548,1,3,6,0,35,5,1,1,17,1,low,0.3333333333333333,15.0
12404,170549,1,2,6,0,55,1,1,1,17,1,low,0.5,11.0
12405,170550,1,2,6,5,30,3,1,1,17,1,low,0.5,1.0
12406,170551,1,4,6,2,30,3,1,1,17,0,low,0.25,6.0
12407,170552,2,4,6,5,65,2,1,1,17,0,low,0.5,17.0
12408,170553,1,3,6,5,45,1,1,1,17,0,low,0.3333333333333333,8.0
12409,170554,1,2,7,0,55,2,1,1,17,2,low,0.5,12.0
12410,170555,1,1,8,0,45,3,1,1,17,0,high,1.0,5.0
12411,170556,2,4,8,5,40,1,2,2,17,0,low,0.5,22.0
12412,170557,1,2,8,2,55,1,1,1,17,0,low,0.5,19.0
12413,170558,1,1,6,0,40,4,1,1,17,1,high,1.0,10.0
12414,170559,1,2,6,5,55,1,1,1,17,0,low,0.5,1.0
12415,170560,2,6,6,7,35,3,1,1,17,3,low,0.3333333333333333,6.0
12416,170561,1,2,6,0,55,1,1,1,17,0,low,0.5,5.0
12417,170562,1,1,7,0,45,1,1,1,17,0,high,1.0,2.0
12418,170563,1,1,7,0,55,1,1,1,17,0,high,1.0,25.0
12419,170564,1,5,7,5,45,3,1,1,17,1,low,0.2,13.0
12420,170565,1,2,8,1,55,1,1,1,17,0,low,0.5,8.0
12421,170566,2,3,8,0,65,1,1,1,17,0,high,0.6666666666666666,9.0
12422,170567,1,3,8,2,55,1,1,1,17,1,low,0.3333333333333333,9.0
12423,170568,1,1,7,0,55,2,1,1,17,1,high,1.0,0.0
12424,170569,1,1,7,0,30,3,1,1,17,1,high,1.0,14.0
12425,170570,1,6,7,0,30,1,1,1,17,0,low,0.16666666666666666,6.0
12426,170571,1,4,7,5,30,3,1,1,17,1,low,0.25,12.0
12427,170572,1,2,7,0,55,1,1,8,17,0,low,0.5,28.0
12428,170573,1,1,7,0,30,3,2,2,17,1,high,1.0,10.0
12429,170574,1,1,7,0,40,3,1,1,17,1,high,1.0,17.0
12430,170575,1,3,7,0,55,1,1,1,17,0,low,0.3333333333333333,4.0
12431,170576,1,1,7,0,55,2,1,1,17,1,high,1.0,17.0
12432,170577,1,1,8,0,55,1,1,1,17,0,high,1.0,10.0
12433,170578,1,1,8,0,40,2,1,1,17,1,high,1.0,14.0
12434,170579,1,2,8,0,55,1,1,1,17,2,low,0.5,18.0
12435,170580,1,1,8,0,65,2,1,1,17,0,high,1.0,5.0
12436,170581,1,1,8,0,55,2,1,1,17,1,high,1.0,10.0
12437,170582,1,3,7,0,65,2,1,1,17,0,low,0.3333333333333333,30.0
12438,170583,1,5,7,5,55,1,1,1,17,2,low,0.2,31.0
12439,170584,1,4,7,0,55,2,1,1,17,2,low,0.25,16.0
12440,170585,1,1,7,0,30,1,1,1,17,1,high,1.0,4.0
12441,170586,1,2,7,2,55,2,1,1,17,0,low,0.5,13.0
12442,170587,1,2,7,0,25,2,1,1,17,1,low,0.5,30.0
12443,170588,1,7,8,0,55,1,1,1,17,0,low,0.14285714285714285,13.0
12444,170589,1,3,8,1,40,1,1,1,17,1,low,0.3333333333333333,24.0
12445,170590,1,2,8,0,65,1,1,1,17,0,low,0.5,6.0
12446,170591,1,3,6,0,55,2,1,1,17,2,low,0.3333333333333333,10.0
12447,170592,1,2,7,2,45,1,1,1,17,0,low,0.5,6.0
12448,170593,1,1,7,0,55,2,1,1,17,1,high,1.0,13.0
12449,170594,1,1,7,0,55,1,1,1,17,1,high,1.0,5.0
12450,170595,1,3,7,4,45,1,1,1,17,0,low,0.3333333333333333,7.0
12451,170596,1,1,7,0,45,3,1,1,17,1,high,1.0,39.0
12452,170597,1,2,7,5,50,3,1,1,17,1,low,0.5,7.0
12453,170598,1,2,7,5,30,3,1,1,17,1,low,0.5,6.0
12454,170599,1,7,7,5,35,1,1,1,17,1,low,0.14285714285714285,35.0
12455,170600,1,1,7,0,55,1,1,1,17,0,high,1.0,9.0
12456,170601,1,3,8,0,55,1,1,1,17,1,low,0.3333333333333333,19.0
12457,170602,1,4,8,7,65,1,1,1,17,0,low,0.25,0.0
12458,170603,1,1,5,0,45,1,1,1,17,0,high,1.0,7.0
12459,170604,2,5,7,2,30,3,1,1,17,0,low,0.4,28.0
12460,170605,1,2,7,5,30,3,1,1,17,0,low,0.5,50.0
12461,170606,1,1,7,0,35,1,1,1,17,1,high,1.0,5.0
12462,170607,1,2,7,4,45,1,1,1,17,0,low,0.5,29.0
12463,170608,2,3,7,5,45,1,1,1,17,1,high,0.6666666666666666,11.0
12464,170609,1,1,7,0,40,1,1,1,17,0,high,1.0,56.0
12465,170610,1,1,7,0,55,1,1,1,17,0,high,1.0,4.0
12466,170611,1,3,7,0,40,3,1,1,17,1,low,0.3333333333333333,25.0
12467,170612,1,3,7,0,30,1,1,1,17,0,low,0.3333333333333333,30.0
12468,170613,1,2,8,4,30,1,1,1,17,0,low,0.5,7.0
12469,170614,1,1,8,0,55,2,1,1,17,1,high,1.0,15.0
12470,170615,1,3,8,0,55,2,1,1,17,2,low,0.3333333333333333,1.0
12471,170616,1,6,8,4,55,1,1,1,17,0,low,0.16666666666666666,3.0
12472,170617,1,4,8,8,65,2,1,1,17,0,low,0.25,3.0
12473,170618,1,1,8,0,55,3,1,1,17,1,high,1.0,5.0
12474,170619,1,4,6,5,55,1,1,1,17,0,low,0.25,18.0
12475,170620,1,4,8,0,65,1,1,1,17,0,low,0.25,30.0
12476,170621,1,1,8,0,65,1,1,1,17,0,high,1.0,7.0
12477,170622,1,5,8,0,65,1,2,2,17,0,low,0.2,24.0
12478,170623,1,1,8,0,55,1,1,1,17,0,high,1.0,25.0
12479,170624,1,5,8,2,55,1,1,1,17,0,low,0.2,40.0
12480,170625,1,4,8,0,65,2,1,1,17,0,low,0.25,40.0
12481,170626,1,1,5,0,55,2,1,1,17,1,high,1.0,21.0
12482,170627,1,6,7,1,55,1,1,1,17,0,low,0.16666666666666666,7.0
12483,170628,1,1,7,0,55,2,1,1,17,1,high,1.0,8.0
12484,170629,1,1,7,0,40,2,1,1,17,1,high,1.0,15.0
12485,170630,1,3,7,0,35,2,2,2,17,0,low,0.3333333333333333,68.0
12486,170631,1,3,7,5,55,3,2,2,17,0,low,0.3333333333333333,10.0
12487,170632,1,5,5,2,35,1,1,1,17,0,low,0.2,15.0
12488,170633,2,2,8,0,65,1,1,1,17,0,high,1.0,7.0
12489,170634,1,5,5,1,45,2,1,1,17,0,low,0.2,18.0
12490,170635,1,2,6,0,35,3,1,1,17,0,low,0.5,25.0
12491,170636,1,2,7,5,55,1,1,1,17,0,low,0.5,1.0
12492,170637,1,2,8,0,35,2,1,1,17,1,low,0.5,58.0
12493,170638,1,3,8,2,55,1,1,1,17,0,low,0.3333333333333333,25.0
12494,170639,1,1,8,0,55,1,1,1,17,1,high,1.0,2.0
12495,170640,1,2,8,0,45,3,1,1,17,1,low,0.5,6.0
12496,170641,1,2,8,0,65,2,1,1,17,1,low,0.5,11.0
12497,170642,1,1,8,0,65,1,1,1,17,0,high,1.0,14.0
12498,170643,1,1,8,0,55,2,1,1,17,1,high,1.0,12.0
12499,170644,1,1,7,0,45,2,1,1,17,1,high,1.0,11.0
12500,170645,1,5,6,1,55,1,1,1,17,1,low,0.2,4.0
12501,170646,1,3,4,5,35,1,1,1,17,0,low,0.3333333333333333,14.0
12502,170647,1,1,8,0,40,2,1,1,17,1,high,1.0,40.0
12503,170648,1,1,5,0,35,3,1,1,17,1,high,1.0,20.0
12504,170649,1,2,6,0,15,2,1,1,17,1,low,0.5,21.0
12505,170650,1,2,6,5,35,2,1,1,17,1,low,0.5,40.0
12506,170651,1,1,7,0,55,1,1,1,17,1,high,1.0,6.0
12507,170652,1,1,7,0,55,1,1,1,17,0,high,1.0,20.0
12508,170653,1,3,7,0,45,1,1,1,17,0,low,0.3333333333333333,7.0
12509,170654,1,7,7,4,40,3,1,1,17,0,low,0.14285714285714285,20.0
12510,170656,1,2,8,0,40,1,1,1,17,0,low,0.5,7.0
12511,170657,1,1,8,0,65,2,1,1,17,0,high,1.0,97.0
12512,170658,1,1,8,0,65,1,1,1,17,0,high,1.0,12.0
12513,170659,1,1,8,0,65,1,1,1,17,1,high,1.0,14.0
12514,170660,2,4,8,1,55,1,1,1,17,1,low,0.5,5.0
12515,170661,1,2,7,0,35,1,1,1,17,0,low,0.5,5.0
12516,170662,1,3,7,0,40,2,1,1,17,0,low,0.3333333333333333,24.0
12517,170663,2,3,7,0,35,3,1,1,17,2,high,0.6666666666666666,8.0
12518,170664,1,10,6,5,45,3,1,1,17,1,low,0.1,9.0
12519,170665,1,2,7,5,40,1,1,1,17,0,low,0.5,23.0
12520,170666,1,2,8,4,35,1,1,1,17,0,low,0.5,17.0
12521,170667,1,1,9,0,65,2,1,1,17,1,high,1.0,20.0
12522,170668,1,4,9,0,65,1,1,1,17,0,low,0.25,17.0
12523,170669,1,3,9,0,65,2,1,1,17,0,low,0.3333333333333333,9.0
12524,170670,1,3,9,5,35,1,1,1,17,1,low,0.3333333333333333,10.0
12525,170671,2,14,9,0,65,1,1,1,17,0,low,0.14285714285714285,128.0
12526,170672,1,2,8,4,35,2,1,1,17,1,low,0.5,7.0
12527,170673,1,2,8,0,55,1,1,1,17,0,low,0.5,30.0
12528,170674,1,2,9,5,65,1,1,1,17,0,low,0.5,30.0
12529,170675,1,5,9,8,55,1,1,1,17,0,low,0.2,88.0
12530,170676,1,4,8,5,45,2,1,1,17,1,low,0.25,7.0
12531,170677,1,2,8,5,35,1,1,1,17,1,low,0.5,13.0
12532,170678,2,2,8,2,55,1,1,1,17,0,high,1.0,6.0
12533,170679,1,3,9,5,45,1,1,1,17,0,low,0.3333333333333333,6.0
12534,170680,1,2,3,1,40,1,1,1,17,0,low,0.5,8.0
12535,170681,1,2,7,0,20,2,1,1,17,2,low,0.5,50.0
12536,170682,1,1,3,0,55,2,1,1,17,0,high,1.0,12.0
12537,170683,1,1,8,0,55,1,1,1,17,1,high,1.0,5.0
12538,170684,1,1,8,0,55,1,1,1,17,0,high,1.0,30.0
12539,170685,1,3,8,5,45,1,1,1,17,0,low,0.3333333333333333,2.0
12540,170686,1,6,9,0,55,1,1,1,17,1,low,0.16666666666666666,7.0
12541,170687,1,2,4,0,30,1,1,1,17,0,low,0.5,14.0
12542,170688,1,2,7,0,30,3,2,2,17,1,low,0.5,37.0
12543,170689,1,2,7,2,99,2,1,1,17,1,low,0.5,26.0
12544,170690,1,3,7,4,40,1,1,1,17,0,low,0.3333333333333333,11.0
12545,170691,1,2,7,0,65,1,1,1,17,0,low,0.5,30.0
12546,170692,1,1,7,0,40,3,1,1,17,1,high,1.0,15.0
12547,170693,1,2,7,0,55,1,1,1,17,0,low,0.5,40.0
12548,170694,2,2,9,4,65,1,1,2,17,0,high,1.0,20.0
12549,170695,1,1,9,0,65,1,1,1,17,0,high,1.0,6.0
12550,170696,1,3,9,4,65,1,1,1,17,0,low,0.3333333333333333,6.0
12551,170697,2,6,9,0,55,2,1,1,17,3,low,0.3333333333333333,20.0
12552,170698,1,1,9,0,55,1,1,1,17,0,high,1.0,13.0
12553,170699,3,4,8,5,35,3,1,1,17,3,high,0.75,17.0
12554,170700,2,3,8,0,55,2,1,1,17,3,high,0.6666666666666666,16.0
12555,170701,1,1,8,0,30,3,1,1,17,1,high,1.0,35.0
12556,170702,1,1,8,0,35,1,1,1,17,0,high,1.0,29.0
12557,170703,1,2,9,0,45,2,1,1,17,0,low,0.5,19.0
12558,170704,1,2,9,2,65,3,1,1,17,1,low,0.5,6.0
12559,170705,1,1,9,0,65,3,1,1,17,1,high,1.0,30.0
12560,170706,1,2,5,5,50,1,1,1,17,0,low,0.5,12.0
12561,170707,1,2,6,5,40,1,1,1,17,0,low,0.5,13.0
12562,170708,1,2,6,0,45,2,1,1,17,0,low,0.5,7.0
12563,170709,1,1,7,0,55,1,1,1,17,0,high,1.0,19.0
12564,170710,1,6,7,8,45,1,1,1,17,1,low,0.16666666666666666,6.0
12565,170711,1,4,7,2,55,2,1,1,17,0,low,0.25,17.0
12566,170712,1,1,7,0,30,1,1,1,17,0,high,1.0,125.0
12567,170713,1,3,7,1,45,1,1,1,17,0,low,0.3333333333333333,11.0
12568,170714,2,2,7,2,55,2,1,1,17,0,high,1.0,41.0
12569,170715,1,3,8,5,35,2,1,1,17,0,low,0.3333333333333333,4.0
12570,170716,1,2,8,0,30,3,2,2,17,1,low,0.5,8.0
12571,170717,1,1,8,1,25,1,1,1,17,0,high,1.0,7.0
12572,170718,1,5,8,5,55,1,2,2,17,0,low,0.2,13.0
12573,170719,1,3,8,4,55,1,1,1,17,0,low,0.3333333333333333,10.0
12574,170720,1,2,8,0,55,3,1,1,17,0,low,0.5,31.0
12575,170721,1,4,9,5,55,1,1,1,17,0,low,0.25,10.0
12576,170722,1,5,9,1,55,1,1,1,17,0,low,0.2,6.0
12577,170723,1,2,9,0,65,1,1,1,17,1,low,0.5,21.0
12578,170724,1,5,9,1,55,2,1,1,17,2,low,0.2,22.0
12579,170725,1,3,8,2,55,1,1,1,17,1,low,0.3333333333333333,12.0
12580,170726,1,2,8,0,30,1,1,1,17,1,low,0.5,11.0
12581,170727,1,2,8,2,55,1,1,1,17,0,low,0.5,8.0
12582,170728,1,3,8,5,30,1,1,1,17,0,low,0.3333333333333333,8.0
12583,170729,1,2,8,0,40,1,2,2,17,0,low,0.5,10.0
12584,170730,1,2,9,5,55,2,1,1,17,0,low,0.5,12.0
12585,170731,2,5,9,5,55,1,1,1,17,0,low,0.4,9.0
12586,170732,1,1,9,0,55,2,1,1,17,1,high,1.0,160.0
12587,170733,1,2,3,1,30,3,2,2,17,0,low,0.5,69.0
12588,170734,1,1,5,0,20,1,1,1,17,0,high,1.0,23.0
12589,170735,1,2,8,0,35,2,1,1,17,1,low,0.5,5.0
12590,170736,1,4,8,2,50,2,1,1,17,1,low,0.25,3.0
12591,170737,1,2,8,0,55,2,1,1,17,1,low,0.5,8.0
12592,170738,1,2,4,1,99,1,2,2,17,0,low,0.5,20.0
12593,170739,1,2,5,4,45,1,1,1,17,0,low,0.5,6.0
12594,170740,1,2,8,5,55,1,1,1,17,0,low,0.5,10.0
12595,170741,1,2,8,0,45,3,1,1,17,0,low,0.5,4.0
12596,170742,1,3,8,4,35,1,1,1,17,0,low,0.3333333333333333,11.0
12597,170743,1,2,8,0,55,1,1,1,17,0,low,0.5,13.0
12598,170744,1,3,9,2,55,2,1,1,17,1,low,0.3333333333333333,6.0
12599,170745,1,3,9,4,65,1,1,1,17,0,low,0.3333333333333333,8.0
12600,170746,1,2,9,0,35,1,1,1,17,0,low,0.5,12.0
12601,170747,1,2,9,0,55,1,1,1,17,1,low,0.5,6.0
12602,170748,2,2,9,0,55,2,1,1,17,1,high,1.0,8.0
12603,170749,2,4,9,2,55,2,1,1,17,0,low,0.5,5.0
12604,170750,1,1,9,0,30,1,1,1,17,0,high,1.0,5.0
12605,170751,1,1,9,0,55,2,1,1,17,1,high,1.0,4.0
12606,170752,2,3,9,1,65,1,1,1,17,0,high,0.6666666666666666,3.0
12607,170753,1,1,8,0,55,2,2,2,17,1,high,1.0,7.0
12608,170754,3,7,8,4,55,1,1,1,17,0,low,0.42857142857142855,5.0
12609,170755,1,2,1,0,45,1,1,1,17,0,low,0.5,3.0
12610,170756,1,2,1,0,30,1,1,1,17,0,low,0.5,103.0
12611,170757,1,2,6,0,30,3,1,1,17,1,low,0.5,14.0
12612,170758,1,3,7,0,30,1,1,1,17,0,low,0.3333333333333333,45.0
12613,170759,1,3,9,0,55,1,1,1,17,1,low,0.3333333333333333,5.0
12614,170761,1,4,10,3,55,1,1,1,17,0,low,0.25,33.0
12615,170762,1,2,7,0,55,1,1,1,17,0,low,0.5,14.0
12616,170763,1,4,10,4,55,1,1,1,17,0,low,0.25,58.0
12617,170764,1,5,10,0,65,1,1,1,17,0,low,0.2,6.0
12618,170765,1,2,10,0,55,1,1,1,17,0,low,0.5,10.0
12619,170766,1,3,10,0,35,5,1,1,17,0,low,0.3333333333333333,3.0
12620,170767,1,3,8,5,35,3,1,1,17,1,low,0.3333333333333333,14.0
12621,170768,1,2,8,0,30,1,1,1,17,0,low,0.5,6.0
12622,170769,1,3,8,5,30,3,1,1,17,1,low,0.3333333333333333,45.0
12623,170770,1,2,9,3,55,1,1,1,17,0,low,0.5,7.0
12624,170771,1,2,9,0,55,2,1,1,17,1,low,0.5,15.0
12625,170772,1,2,9,1,55,3,1,1,17,0,low,0.5,6.0
12626,170773,1,1,9,0,65,3,1,1,17,1,high,1.0,9.0
12627,170774,1,1,10,0,65,2,1,1,17,1,high,1.0,6.0
12628,170775,1,1,10,0,55,2,1,1,17,1,high,1.0,25.0
12629,170776,1,2,10,0,65,1,1,1,17,0,low,0.5,13.0
12630,170777,1,2,10,2,55,1,1,1,17,1,low,0.5,5.0
12631,170778,3,3,10,5,55,1,1,1,17,0,high,1.0,12.0
12632,170779,1,1,10,0,55,1,2,2,17,0,high,1.0,11.0
12633,170780,1,1,10,0,30,2,1,1,17,1,high,1.0,8.0
12634,170781,1,2,10,0,55,2,5,2,17,0,low,0.5,10.0
12635,170782,1,1,10,0,55,2,1,1,17,1,high,1.0,9.0
12636,170783,1,2,10,0,55,2,1,1,17,1,low,0.5,10.0
12637,170784,1,3,10,2,55,1,1,1,17,0,low,0.3333333333333333,5.0
12638,170785,1,2,10,8,55,2,2,2,17,0,low,0.5,12.0
12639,170786,1,1,9,0,55,1,1,1,17,0,high,1.0,50.0
12640,170787,1,4,6,0,55,1,2,2,17,1,low,0.25,17.0
12641,170788,1,4,8,5,30,2,1,1,17,0,low,0.25,32.0
12642,170789,1,5,9,5,30,1,1,1,17,1,low,0.2,4.0
12643,170790,1,1,9,0,40,2,1,1,17,1,high,1.0,6.0
12644,170791,2,4,9,0,55,5,1,1,17,0,low,0.5,17.0
12645,170792,1,4,9,0,30,1,1,1,17,0,low,0.25,8.0
12646,170793,1,1,9,0,55,1,1,1,17,0,high,1.0,4.0
12647,170794,1,4,9,5,30,2,1,1,17,1,low,0.25,4.0
12648,170795,1,6,10,2,65,1,2,2,17,0,low,0.16666666666666666,13.0
12649,170796,2,5,10,2,55,1,1,1,17,0,low,0.4,9.0
12650,170797,1,1,10,0,55,2,1,1,17,1,high,1.0,19.0
12651,170798,1,2,10,0,65,3,2,2,17,1,low,0.5,7.0
12652,170799,1,3,10,0,55,1,1,1,17,0,low,0.3333333333333333,6.0
12653,170801,1,2,10,8,55,2,2,2,17,0,low,0.5,21.0
12654,170802,1,2,10,0,55,2,1,1,17,1,low,0.5,13.0
12655,170803,1,3,10,2,55,2,1,1,17,0,low,0.3333333333333333,33.0
12656,170804,1,3,10,0,55,2,1,1,17,2,low,0.3333333333333333,11.0
12657,170805,1,3,6,0,40,2,1,1,17,1,low,0.3333333333333333,20.0
12658,170806,1,1,8,0,50,1,1,1,17,0,high,1.0,16.0
12659,170807,1,2,8,0,35,1,1,1,17,0,low,0.5,18.0
12660,170808,1,1,10,0,65,1,2,2,17,0,high,1.0,36.0
12661,170809,1,1,10,0,55,5,1,1,17,1,high,1.0,9.0
12662,170810,5,6,10,2,55,3,1,1,17,5,high,0.8333333333333334,2.0
12663,170811,1,1,10,0,55,2,1,1,17,1,high,1.0,7.0
12664,170812,1,2,8,4,35,3,1,2,17,0,low,0.5,38.0
12665,170814,1,5,7,0,35,3,1,1,17,1,low,0.2,24.0
12666,170815,1,1,5,0,35,1,1,1,17,0,high,1.0,3.0
12667,170816,1,3,10,1,65,1,2,2,17,0,low,0.3333333333333333,1.0
12668,170817,1,3,11,5,55,1,1,1,17,0,low,0.3333333333333333,7.0
12669,170818,1,2,11,5,55,2,1,1,17,1,low,0.5,3.0
12670,170819,1,4,11,4,55,1,1,1,17,0,low,0.25,8.0
12671,170820,1,2,11,2,55,2,1,1,17,2,low,0.5,27.0
12672,170821,1,5,10,11,65,3,1,1,17,0,low,0.2,41.0
12673,170822,1,1,11,0,65,1,1,1,17,1,high,1.0,2.0
12674,170823,1,1,11,0,55,1,6,1,17,0,high,1.0,37.0
12675,170825,1,1,7,0,40,2,1,1,17,1,high,1.0,8.0
12676,170826,1,2,6,0,35,3,1,1,17,0,low,0.5,27.0
12677,170827,1,2,6,0,35,3,1,1,17,0,low,0.5,11.0
12678,170828,1,3,7,5,45,3,1,1,17,1,low,0.3333333333333333,6.0
12679,170829,1,2,7,0,30,1,1,1,17,0,low,0.5,8.0
12680,170830,2,4,10,1,65,2,1,1,17,0,low,0.5,12.0
12681,170831,1,2,11,0,35,1,1,1,17,0,low,0.5,3.0
12682,170832,1,2,11,2,55,1,1,1,17,0,low,0.5,27.0
12683,170833,1,2,11,5,55,1,1,1,17,0,low,0.5,1.0
12684,170834,1,3,11,0,55,2,1,1,17,2,low,0.3333333333333333,10.0
12685,170835,1,1,11,0,55,2,1,1,17,1,high,1.0,6.0
12686,170836,1,1,11,0,55,1,1,1,17,0,high,1.0,7.0
12687,170837,1,1,11,0,65,1,1,1,17,0,high,1.0,0.0
12688,170838,1,6,10,4,55,2,1,1,17,2,low,0.16666666666666666,10.0
12689,170839,1,1,11,0,55,2,1,1,17,1,high,1.0,0.0
12690,170840,1,3,11,5,55,1,1,1,17,0,low,0.3333333333333333,23.0
12691,170841,1,1,10,0,55,1,2,2,17,1,high,1.0,34.0
12692,170842,2,3,11,0,45,2,1,2,17,2,high,0.6666666666666666,6.0
12693,170843,1,4,11,7,65,1,1,1,17,0,low,0.25,34.0
12694,170844,1,3,11,2,55,5,1,1,17,0,low,0.3333333333333333,74.0
12695,170845,2,2,11,0,55,1,1,1,17,0,high,1.0,8.0
12696,170846,1,5,11,0,65,2,2,2,17,1,low,0.2,21.0
12697,170847,1,2,11,1,55,1,1,1,17,0,low,0.5,12.0
12698,170848,2,3,8,2,55,1,1,1,17,1,high,0.6666666666666666,14.0
12699,170849,1,2,8,0,55,2,1,8,17,2,low,0.5,10.0
12700,170850,1,5,9,5,25,5,1,1,17,0,low,0.2,8.0
12701,170851,1,2,8,1,55,1,1,2,17,0,low,0.5,3.0
12702,170852,1,3,8,2,55,1,1,1,17,0,low,0.3333333333333333,10.0
12703,170853,1,2,8,5,30,1,1,1,17,0,low,0.5,14.0
12704,170854,1,3,7,1,55,1,1,1,17,0,low,0.3333333333333333,20.0
12705,170855,1,3,8,5,35,1,1,1,17,1,low,0.3333333333333333,22.0
12706,170856,1,2,8,5,55,4,5,2,17,0,low,0.5,7.0
12707,170857,1,5,8,5,35,1,1,1,17,0,low,0.2,8.0
12708,170858,1,3,8,0,55,3,1,1,17,2,low,0.3333333333333333,11.0
12709,170859,1,2,11,5,45,1,1,1,17,0,low,0.5,3.0
12710,170860,1,2,11,2,55,2,1,1,17,0,low,0.5,4.0
12711,170862,1,2,9,2,55,4,1,1,17,0,low,0.5,36.0
12712,170863,1,6,9,5,35,1,1,1,17,1,low,0.16666666666666666,7.0
12713,170864,1,3,9,0,35,3,2,2,17,1,low,0.3333333333333333,8.0
12714,170865,1,2,10,0,35,3,1,2,17,0,low,0.5,7.0
12715,170866,1,4,11,5,55,2,1,1,17,0,low,0.25,37.0
12716,170867,2,3,11,0,55,1,1,1,17,0,high,0.6666666666666666,30.0
12717,170868,1,3,11,0,40,2,1,1,17,1,low,0.3333333333333333,4.0
12718,170869,1,4,11,2,35,3,1,1,17,1,low,0.25,6.0
12719,170870,1,2,11,3,65,2,1,1,17,1,low,0.5,23.0
12720,170871,1,3,7,0,25,1,1,1,17,0,low,0.3333333333333333,9.0
12721,170872,1,2,7,0,55,2,1,1,17,2,low,0.5,19.0
12722,170873,1,2,8,5,55,2,1,1,17,1,low,0.5,8.0
12723,170874,1,5,8,5,55,1,1,1,17,0,low,0.2,7.0
12724,170875,1,3,9,0,55,1,1,1,17,1,low,0.3333333333333333,50.0
12725,170876,1,2,9,0,55,1,1,2,17,0,low,0.5,6.0
12726,170877,4,5,9,0,40,2,1,1,17,0,high,0.8,110.0