,ST_CASE,FATALS,PERSONS,MONTH,MAN_COLL,SP_LIMIT,LGT_COND,WEATHER,SUR_COND,STATE,DRUNK_DR,rate,rate_numerical,arrival_time
13474,180493,1,2,8,1,55,2,1,1,18,0,low,0.5,31.0
13475,180494,1,2,7,2,40,1,1,1,18,1,low,0.5,6.0
13476,180495,1,1,8,0,55,1,1,1,18,0,high,1.0,5.0
13477,180496,2,2,8,2,50,1,2,2,18,0,high,1.0,35.0
13478,180497,1,1,8,0,55,2,1,1,18,1,high,1.0,12.0
13479,180498,1,2,8,7,30,1,1,1,18,2,low,0.5,43.0
13480,180499,1,2,8,1,65,2,1,1,18,0,low,0.5,3.0
13481,180500,1,2,8,5,55,1,1,1,18,0,low,0.5,12.0
13482,180501,2,2,7,0,35,3,1,1,18,0,high,1.0,3.0
13483,180502,1,2,8,5,50,1,1,1,18,0,low,0.5,15.0
13484,180503,1,1,8,0,55,2,1,1,18,1,high,1.0,100.0
13485,180504,1,3,8,0,35,2,1,1,18,0,low,0.3333333333333333,6.0
13486,180505,1,1,8,0,40,1,1,1,18,0,high,1.0,6.0
13487,180506,1,3,8,5,50,1,1,1,18,1,low,0.3333333333333333,0.0
13488,180507,1,1,8,0,20,2,1,1,18,0,high,1.0,3.0
13489,180508,1,1,8,0,70,2,1,1,18,0,high,1.0,13.0
13490,180509,1,1,8,0,55,2,1,1,18,1,high,1.0,21.0
13491,180510,1,1,8,0,40,1,1,1,18,0,high,1.0,2.0
13492,180511,1,1,8,0,55,1,1,1,18,0,high,1.0,8.0
13493,180512,1,1,8,0,45,1,1,1,18,1,high,1.0,3.0
13494,180513,1,2,8,5,35,1,1,1,18,0,low,0.5,15.0
13495,180514,1,11,8,1,40,1,1,1,18,0,low,0.09090909090909091,8.0
13496,180515,1,2,8,0,45,2,1,1,18,0,low,0.5,15.0
13497,180516,1,2,8,1,55,1,1,1,18,0,low,0.5,30.0
13498,180517,1,1,8,0,30,1,1,1,18,1,high,1.0,3.0
13499,180518,1,2,8,5,55,1,1,1,18,0,low,0.5,12.0
13500,180519,1,1,8,0,30,2,1,1,18,1,high,1.0,12.0
13501,180520,1,5,2,2,65,1,1,1,18,1,low,0.2,14.0
13502,180521,1,7,8,2,55,1,2,2,18,1,low,0.14285714285714285,6.0
13503,180522,2,8,8,2,50,1,1,1,18,1,low,0.25,14.0
13504,180523,1,3,9,5,35,1,1,1,18,0,low,0.3333333333333333,313.0
13505,180524,1,3,8,5,55,1,1,1,18,0,low,0.3333333333333333,4.0
13506,180525,1,2,9,0,70,1,1,1,18,0,low,0.5,7.0
13507,180526,1,1,9,0,50,1,1,1,18,0,high,1.0,11.0
13508,180527,1,1,9,0,30,2,1,1,18,0,high,1.0,9.0
13509,180528,1,2,9,5,45,1,1,1,18,1,low,0.5,23.0
13510,180529,1,2,8,0,99,2,1,1,18,1,low,0.5,7.0
13511,180530,1,5,8,5,50,2,1,1,18,1,low,0.2,1.0
13512,180531,2,3,8,5,45,1,1,1,18,0,high,0.6666666666666666,0.0
13513,180532,1,2,8,5,55,1,1,2,18,0,low,0.5,10.0
13514,180533,1,3,8,5,30,1,1,1,18,0,low,0.3333333333333333,15.0
13515,180534,1,2,8,5,35,1,1,1,18,0,low,0.5,3.0
13516,180535,1,2,8,5,55,1,1,1,18,0,low,0.5,11.0
13517,180536,1,2,8,0,45,2,1,1,18,1,low,0.5,4.0
13518,180537,2,4,8,2,55,2,2,6,18,0,low,0.5,13.0
13519,180538,1,1,9,0,35,2,1,1,18,0,high,1.0,6.0
13520,180539,3,5,9,0,25,1,1,1,18,0,high,0.6,12.0
13521,180540,1,1,8,0,55,1,1,1,18,0,high,1.0,7.0
13522,180541,1,3,9,4,50,1,1,2,18,0,low,0.3333333333333333,0.0
13523,180542,1,1,9,0,50,1,1,1,18,1,high,1.0,730.0
13524,180543,1,3,9,5,45,1,1,1,18,0,low,0.3333333333333333,14.0
13525,180544,1,1,9,0,30,2,1,1,18,1,high,1.0,15.0
13526,180545,1,2,8,5,30,2,1,1,18,0,low,0.5,723.0
13527,180546,1,3,9,0,35,1,1,1,18,0,low,0.3333333333333333,16.0
13528,180547,1,1,9,0,35,1,2,2,18,0,high,1.0,5.0
13529,180548,1,3,9,5,55,5,1,2,18,0,low,0.3333333333333333,13.0
13530,180549,1,1,8,0,45,2,1,1,18,1,high,1.0,2.0
13531,180550,1,5,9,5,55,5,1,1,18,0,low,0.2,0.0
13532,180551,1,1,8,0,30,2,1,1,18,1,high,1.0,75.0
13533,180552,2,5,8,0,50,2,1,1,18,1,low,0.4,9.0
13534,180553,1,3,8,5,30,1,1,1,18,0,low,0.3333333333333333,2.0
13535,180554,1,1,8,0,65,1,1,1,18,0,high,1.0,3.0
13536,180555,1,2,9,5,55,1,1,1,18,0,low,0.5,10.0
13537,180556,1,1,9,0,55,2,1,1,18,1,high,1.0,1.0
13538,180557,1,1,9,0,35,1,1,1,18,0,high,1.0,6.0
13539,180558,1,1,9,0,50,1,1,1,18,0,high,1.0,10.0
13540,180559,2,5,9,5,55,1,1,1,18,0,low,0.4,33.0
13541,180560,1,2,9,1,55,1,1,1,18,0,low,0.5,2.0
13542,180561,1,1,9,0,55,2,1,1,18,1,high,1.0,5.0
13543,180562,1,4,9,5,55,1,1,1,18,0,low,0.25,20.0
13544,180563,1,2,9,2,55,1,1,1,18,0,low,0.5,6.0
13545,180564,1,2,8,1,60,1,1,1,18,0,low,0.5,6.0
13546,180565,3,7,8,5,55,2,1,1,18,0,low,0.42857142857142855,5.0
13547,180566,1,4,9,1,65,1,1,1,18,0,low,0.25,12.0
13548,180567,1,3,9,2,55,1,1,1,18,0,low,0.3333333333333333,4.0
13549,180568,1,2,9,5,50,1,1,1,18,0,low,0.5,5.0
13550,180569,1,1,9,0,55,1,1,1,18,0,high,1.0,7.0
13551,180570,3,5,9,5,50,1,1,2,18,0,high,0.6,65.0
13552,180571,1,1,9,0,70,1,1,1,18,0,high,1.0,11.0
13553,180572,1,1,8,0,55,2,1,1,18,0,high,1.0,9.0
13554,180573,1,3,9,0,55,1,1,1,18,1,low,0.3333333333333333,10.0
13555,180574,1,1,9,0,70,2,1,1,18,1,high,1.0,13.0
13556,180575,1,2,9,0,70,5,1,1,18,0,low,0.5,12.0
13557,180576,1,2,9,5,55,1,5,1,18,0,low,0.5,13.0
13558,180577,1,1,9,0,40,2,1,1,18,1,high,1.0,9.0
13559,180578,1,1,9,0,50,2,1,1,18,0,high,1.0,30.0
13560,180579,1,3,6,5,40,1,1,1,18,0,low,0.3333333333333333,17.0
13561,180580,1,1,8,0,55,1,1,1,18,0,high,1.0,15.0
13562,180581,1,1,8,0,35,2,1,1,18,1,high,1.0,33.0
13563,180582,1,4,9,1,50,1,1,1,18,0,low,0.25,10.0
13564,180583,1,1,9,0,30,1,1,1,18,0,high,1.0,6.0
13565,180584,1,2,9,5,30,1,1,1,18,0,low,0.5,11.0
13566,180585,1,3,9,5,40,2,1,1,18,0,low,0.3333333333333333,20.0
13567,180586,1,8,9,5,45,1,1,1,18,0,low,0.125,6.0
13568,180587,1,4,9,5,55,2,2,2,18,0,low,0.25,8.0
13569,180588,1,2,8,5,35,2,1,1,18,0,low,0.5,6.0
13570,180589,1,3,9,0,55,2,1,1,18,1,low,0.3333333333333333,5.0
13571,180590,1,4,9,5,55,2,2,2,18,1,low,0.25,8.0
13572,180591,2,6,9,5,45,1,1,1,18,0,low,0.3333333333333333,4.0
13573,180592,1,2,9,5,50,1,1,1,18,0,low,0.5,8.0
13574,180593,2,4,9,2,55,1,1,1,18,0,low,0.5,8.0
13575,180594,1,2,9,2,40,1,1,1,18,0,low,0.5,0.0
13576,180595,1,3,9,2,55,1,1,1,18,0,low,0.3333333333333333,6.0
13577,180596,1,7,9,5,35,1,1,1,18,0,low,0.14285714285714285,11.0
13578,180597,1,1,9,0,40,2,1,1,18,1,high,1.0,1.0
13579,180598,1,1,9,0,40,2,1,1,18,1,high,1.0,10.0
13580,180599,2,2,10,0,40,2,1,1,18,1,high,1.0,11.0
13581,180600,1,1,9,0,40,2,1,1,18,1,high,1.0,5.0
13582,180601,1,3,9,2,70,2,1,1,18,0,low,0.3333333333333333,6.0
13583,180603,1,2,9,3,55,1,1,1,18,0,low,0.5,3.0
13584,180604,1,2,9,0,35,1,1,1,18,0,low,0.5,10.0
13585,180605,1,3,9,5,25,2,1,1,18,0,low,0.3333333333333333,50.0
13586,180606,1,1,10,0,45,1,1,1,18,1,high,1.0,16.0
13587,180607,1,2,10,0,40,2,1,1,18,0,low,0.5,1.0
13588,180608,1,1,10,0,55,2,1,1,18,0,high,1.0,64.0
13589,180609,1,1,9,0,55,2,1,1,18,1,high,1.0,8.0
13590,180610,1,2,9,2,70,1,1,1,18,0,low,0.5,2.0
13591,180612,1,2,10,5,30,1,1,1,18,0,low,0.5,4.0
13592,180613,2,3,9,2,45,1,1,1,18,0,high,0.6666666666666666,10.0
13593,180614,1,2,9,2,55,1,1,1,18,1,low,0.5,4.0
13594,180615,1,3,10,5,55,1,1,1,18,0,low,0.3333333333333333,8.0
13595,180616,1,6,10,1,55,1,1,1,18,0,low,0.16666666666666666,12.0
13596,180617,1,3,9,0,30,1,1,1,18,0,low,0.3333333333333333,53.0
13597,180618,1,2,9,5,55,1,1,1,18,0,low,0.5,9.0
13598,180619,1,1,10,0,30,1,1,1,18,0,high,1.0,25.0
13599,180620,1,12,10,2,70,1,1,1,18,0,low,0.08333333333333333,3.0
13600,180621,1,1,10,0,45,1,1,1,18,1,high,1.0,6.0
13601,180622,1,1,9,0,40,1,1,1,18,0,high,1.0,7.0
13602,180623,1,1,10,0,40,1,1,1,18,0,high,1.0,5.0
13603,180624,1,5,10,5,40,1,1,1,18,0,low,0.2,12.0
13604,180625,1,4,10,5,30,1,1,1,18,0,low,0.25,12.0
13605,180626,1,2,10,0,40,2,5,1,18,1,low,0.5,11.0
13606,180627,1,2,10,1,70,4,1,1,18,0,low,0.5,7.0
13607,180628,2,3,9,5,55,1,1,1,18,0,high,0.6666666666666666,2.0
13608,180629,1,7,9,7,60,1,1,1,18,0,low,0.14285714285714285,11.0
13609,180630,1,1,9,0,25,4,1,1,18,0,high,1.0,8.0
13610,180631,1,3,10,5,55,1,1,1,18,0,low,0.3333333333333333,8.0
13611,180632,1,3,10,0,30,1,1,1,18,0,low,0.3333333333333333,12.0
13612,180633,1,6,10,5,55,1,1,1,18,0,low,0.16666666666666666,10.0
13613,180634,2,4,10,5,55,1,1,1,18,0,low,0.5,6.0
13614,180635,1,2,10,0,35,1,1,1,18,0,low,0.5,2.0
13615,180636,1,2,9,7,70,1,1,1,18,0,low,0.5,6.0
13616,180637,1,2,10,5,60,1,1,1,18,0,low,0.5,14.0
13617,180638,1,2,10,0,45,1,1,1,18,0,low,0.5,5.0
13618,180639,1,3,10,5,55,1,1,1,18,0,low,0.3333333333333333,15.0
13619,180640,1,5,10,1,45,1,1,1,18,1,low,0.2,5.0
13620,180641,1,3,10,1,70,2,1,1,18,1,low,0.3333333333333333,9.0
13621,180642,1,1,10,0,55,2,1,1,18,1,high,1.0,5.0
13622,180643,2,5,10,1,45,2,1,1,18,0,low,0.4,5.0
13623,180644,1,2,10,5,55,1,1,1,18,1,low,0.5,10.0
13624,180645,1,6,10,5,55,1,1,1,18,0,low,0.16666666666666666,15.0
13625,180646,1,8,8,5,55,1,1,1,18,0,low,0.125,20.0
13626,180647,1,1,10,0,35,1,1,1,18,0,high,1.0,13.0
13627,180649,1,2,10,0,65,2,1,1,18,0,low,0.5,5.0
13628,180650,2,7,10,2,50,2,1,1,18,0,low,0.2857142857142857,40.0
13629,180651,1,1,10,0,50,2,1,1,18,0,high,1.0,4.0
13630,180652,1,1,10,0,25,2,1,1,18,1,high,1.0,210.0
13631,180653,1,2,10,0,55,2,1,1,18,0,low,0.5,18.0
13632,180654,1,2,10,5,30,1,1,1,18,0,low,0.5,6.0
13633,180655,1,1,10,0,50,1,1,2,18,0,high,1.0,6.0
13634,180656,1,1,10,0,55,2,2,2,18,0,high,1.0,130.0
13635,180657,5,16,10,0,70,1,1,1,18,0,low,0.3125,16.0
13636,180658,1,1,10,0,55,2,2,2,18,1,high,1.0,11.0
13637,180659,1,2,10,0,50,3,2,2,18,0,low,0.5,8.0
13638,180660,1,2,10,5,55,1,1,1,18,0,low,0.5,17.0
13639,180661,1,4,10,5,50,1,1,1,18,0,low,0.25,10.0
13640,180662,1,1,10,0,40,2,1,2,18,0,high,1.0,9.0
13641,180663,1,2,10,0,25,2,2,2,18,0,low,0.5,10.0
13642,180664,1,2,10,0,25,1,1,1,18,0,low,0.5,17.0
13643,180665,1,2,10,2,55,2,1,2,18,0,low,0.5,2.0
13644,180666,1,1,10,0,55,2,1,1,18,1,high,1.0,10.0
13645,180667,1,4,8,4,55,1,1,1,18,0,low,0.25,30.0
13646,180668,1,1,9,0,35,2,1,1,18,1,high,1.0,2.0
13647,180669,1,4,10,5,55,1,1,2,18,0,low,0.25,6.0
13648,180670,1,2,10,2,40,2,1,2,18,0,low,0.5,5.0
13649,180671,1,3,10,1,55,2,1,1,18,0,low,0.3333333333333333,3.0
13650,180672,1,3,10,0,55,2,1,1,18,0,low,0.3333333333333333,5.0
13651,180673,1,1,10,0,45,2,1,1,18,1,high,1.0,9.0
13652,180674,1,2,10,0,55,2,1,1,18,0,low,0.5,3.0
13653,180675,1,1,10,0,45,1,1,1,18,0,high,1.0,5.0
13654,180676,1,1,10,1,70,2,1,1,18,1,high,1.0,11.0
13655,180677,1,3,10,5,55,1,1,1,18,0,low,0.3333333333333333,7.0
13656,180678,1,2,10,0,45,1,1,1,18,0,low,0.5,14.0
13657,180679,1,1,10,0,50,2,1,2,18,1,high,1.0,15.0
13658,180680,1,3,10,0,55,2,1,1,18,0,low,0.3333333333333333,4.0
13659,180681,1,1,10,0,60,2,1,1,18,0,high,1.0,15.0
13660,180682,1,2,11,0,55,2,1,1,18,0,low,0.5,10.0
13661,180683,1,1,11,0,55,2,1,1,18,0,high,1.0,6.0
13662,180684,1,2,10,5,55,2,1,1,18,0,low,0.5,2.0
13663,180685,1,1,11,0,55,2,1,1,18,0,high,1.0,5.0
13664,180686,1,2,11,0,35,2,1,1,18,0,low,0.5,5.0
13665,180687,2,2,10,0,55,2,1,1,18,1,high,1.0,9.0
13666,180688,1,2,11,0,99,2,1,1,18,1,low,0.5,10.0
13667,180689,2,4,9,0,20,2,1,1,18,4,low,0.5,9.0
13668,180690,1,1,10,0,55,1,1,1,18,0,high,1.0,8.0
13669,180691,1,2,10,2,55,4,1,1,18,0,low,0.5,16.0
13670,180692,1,2,11,0,30,2,1,1,18,0,low,0.5,4.0
13671,180693,1,1,11,0,40,2,1,1,18,1,high,1.0,8.0
13672,180694,1,4,11,0,45,2,1,1,18,0,low,0.25,19.0
13673,180695,1,2,4,0,35,2,1,1,18,0,low,0.5,24.0
13674,180696,1,5,11,2,55,1,1,1,18,0,low,0.2,14.0
13675,180697,1,2,10,1,60,1,2,2,18,1,low,0.5,2.0
13676,180698,1,2,10,1,55,2,1,1,18,0,low,0.5,5.0
13677,180699,1,3,11,5,70,5,1,1,18,0,low,0.3333333333333333,4.0
13678,180700,1,1,11,0,55,2,1,5,18,0,high,1.0,4.0
13679,180701,1,3,11,5,55,1,1,1,18,0,low,0.3333333333333333,6.0
13680,180702,1,3,11,2,55,1,1,1,18,0,low,0.3333333333333333,3.0
13681,180703,1,2,11,1,55,1,1,1,18,0,low,0.5,9.0
13682,180704,1,4,9,5,40,1,1,1,18,0,low,0.25,11.0
13683,180705,1,2,9,5,45,1,1,1,18,0,low,0.5,7.0
13684,180706,1,1,11,0,35,1,1,1,18,0,high,1.0,4.0
13685,180707,1,1,11,0,55,2,1,1,18,1,high,1.0,12.0
13686,180708,1,1,11,0,55,2,1,1,18,1,high,1.0,15.0
13687,180709,1,2,11,0,50,2,1,1,18,0,low,0.5,5.0
13688,180710,1,1,11,0,55,1,1,1,18,0,high,1.0,14.0
13689,180711,1,1,11,0,55,2,1,1,18,1,high,1.0,11.0
13690,180712,1,2,11,0,45,2,1,1,18,1,low,0.5,4.0
13691,180713,1,3,11,5,35,3,1,1,18,0,low,0.3333333333333333,10.0
13692,180714,1,3,11,0,65,2,1,1,18,1,low,0.3333333333333333,21.0
13693,180715,1,3,11,0,55,2,1,1,18,0,low,0.3333333333333333,11.0
13694,180716,2,4,11,8,55,1,1,1,18,0,low,0.5,4.0
13695,180717,1,9,11,1,55,2,1,1,18,0,low,0.1111111111111111,9.0
13696,180718,1,1,11,0,55,2,1,1,18,0,high,1.0,9.0
13697,180719,1,2,11,0,45,1,1,1,18,0,low,0.5,2.0
13698,180720,1,3,11,2,55,5,1,1,18,1,low,0.3333333333333333,6.0
13699,180721,1,3,11,0,60,1,1,1,18,0,low,0.3333333333333333,195.0
13700,180722,1,3,11,5,45,1,1,1,18,0,low,0.3333333333333333,3.0
13701,180723,1,2,11,7,70,2,1,1,18,0,low,0.5,12.0
13702,180724,1,3,11,1,60,4,2,2,18,0,low,0.3333333333333333,6.0
13703,180726,1,1,11,0,50,2,1,1,18,0,high,1.0,6.0
13704,180727,1,3,11,2,55,2,1,1,18,0,low,0.3333333333333333,0.0
13705,180728,2,6,11,1,55,1,1,1,18,0,low,0.3333333333333333,13.0
13706,180729,2,5,3,0,40,2,1,1,18,0,low,0.4,8.0
13707,180730,2,3,3,5,35,1,1,1,18,0,high,0.6666666666666666,4.0
13708,180731,1,1,3,0,35,1,1,1,18,1,high,1.0,7.0
13709,180732,1,2,4,5,35,2,1,1,18,0,low,0.5,3.0
13710,180733,1,3,4,0,35,2,1,1,18,0,low,0.3333333333333333,13.0
13711,180734,1,2,5,5,35,2,1,1,18,1,low,0.5,1.0
13712,180735,1,1,5,0,30,1,1,1,18,0,high,1.0,4.0
13713,180736,1,2,6,0,40,1,1,1,18,0,low,0.5,8.0
13714,180737,1,2,6,5,35,1,1,1,18,0,low,0.5,3.0
13715,180738,1,3,11,2,45,2,2,2,18,1,low,0.3333333333333333,26.0
13716,180739,1,3,11,0,55,1,1,1,18,0,low,0.3333333333333333,6.0
13717,180740,1,1,10,0,55,2,1,1,18,1,high,1.0,8.0
13718,180741,1,2,10,0,55,2,1,1,18,2,low,0.5,9.0
13719,180742,1,3,11,5,55,2,1,1,18,0,low,0.3333333333333333,18.0
13720,180743,1,1,12,0,45,2,1,1,18,1,high,1.0,10.0
13721,180744,1,2,1,0,99,2,1,1,18,0,low,0.5,5.0
13722,180745,2,2,11,0,55,4,1,1,18,1,high,1.0,6.0
13723,180746,2,3,11,0,55,2,1,1,18,0,high,0.6666666666666666,10.0
13724,180747,1,2,11,5,50,4,5,2,18,0,low,0.5,6.0
13725,180748,1,3,11,0,35,1,1,1,18,0,low,0.3333333333333333,3.0
13726,180749,1,1,11,0,55,1,1,1,18,0,high,1.0,21.0
13727,180750,1,1,10,0,55,1,1,1,18,0,high,1.0,3.0
13728,180751,1,1,11,0,35,2,1,1,18,0,high,1.0,3.0
13729,180752,1,6,11,5,40,2,1,2,18,1,low,0.16666666666666666,4.0
13730,180753,1,3,12,2,55,1,1,1,18,0,low,0.3333333333333333,29.0
13731,180754,1,3,5,5,45,2,1,1,18,0,low,0.3333333333333333,6.0
13732,180755,1,2,12,4,55,1,4,3,18,0,low,0.5,2.0
13733,180756,1,2,11,0,45,2,1,1,18,0,low,0.5,15.0
13734,180757,1,2,11,0,70,2,1,1,18,0,low,0.5,5.0
13735,180758,1,8,12,0,25,1,4,3,18,0,low,0.125,10.0
13736,180759,1,1,12,0,35,1,4,3,18,0,high,1.0,8.0
13737,180760,1,3,7,5,35,1,1,1,18,0,low,0.3333333333333333,8.0
13738,180761,1,1,12,0,70,5,1,1,18,0,high,1.0,10.0
13739,180762,1,3,11,5,45,2,1,2,18,2,low,0.3333333333333333,2.0
13740,180763,1,2,12,0,45,1,2,2,18,1,low,0.5,6.0
13741,180764,1,1,12,0,30,2,2,2,18,0,high,1.0,174.0
13742,180765,1,3,6,0,99,1,1,1,18,0,low,0.3333333333333333,14.0
13743,180766,1,2,9,0,45,2,1,1,18,0,low,0.5,352.0
13744,180767,1,2,10,5,55,1,1,1,18,0,low,0.5,8.0
13745,180768,1,3,12,2,50,1,1,1,18,1,low,0.3333333333333333,5.0
13746,180769,1,4,12,5,55,1,1,2,18,0,low,0.25,13.0
13747,180770,1,1,11,0,30,2,2,2,18,1,high,1.0,3.0
13748,180771,1,3,12,1,35,1,2,2,18,0,low,0.3333333333333333,10.0
13749,180772,1,2,12,0,70,1,3,4,18,0,low,0.5,6.0
13750,180773,1,3,12,2,55,4,5,2,18,0,low,0.3333333333333333,3.0
13751,180775,1,1,12,0,45,1,5,2,18,0,high,1.0,48.0
13752,180776,1,1,12,0,20,2,4,3,18,1,high,1.0,43.0
13753,180777,4,4,12,0,40,1,3,4,18,0,high,1.0,12.0
13754,180778,1,1,12,0,50,1,1,1,18,0,high,1.0,2.0
13755,180779,1,1,11,0,30,2,1,1,18,0,high,1.0,4.0
13756,180780,1,7,12,2,50,2,1,1,18,0,low,0.14285714285714285,3.0
13757,180781,1,2,11,2,55,2,1,1,18,0,low,0.5,8.0
13758,180782,1,2,12,0,70,2,4,4,18,0,low,0.5,4.0
13759,180783,2,3,12,5,55,1,4,3,18,0,high,0.6666666666666666,4.0
13760,180784,1,3,12,5,45,1,2,2,18,0,low,0.3333333333333333,13.0
13761,180785,1,1,12,0,30,2,2,2,18,0,high,1.0,64.0
13762,180786,1,2,12,0,55,2,1,1,18,0,low,0.5,12.0
13763,180787,1,3,12,5,55,1,1,2,18,0,low,0.3333333333333333,100.0
13764,180788,1,4,12,5,50,4,2,2,18,0,low,0.25,10.0
13765,180789,3,8,12,5,70,5,4,3,18,0,low,0.375,98.0
13766,180790,1,8,12,0,55,1,3,2,18,0,low,0.125,7.0
13767,180791,1,1,12,0,45,2,4,2,18,0,high,1.0,4.0
13768,180792,1,5,12,0,35,2,1,2,18,1,low,0.2,8.0
13769,180793,1,1,12,0,55,2,4,2,18,1,high,1.0,6.0
13770,180794,3,8,12,5,50,1,2,2,18,0,low,0.375,17.0
13771,180795,1,1,12,0,50,2,3,2,18,0,high,1.0,7.0
13772,180796,1,2,12,5,70,1,1,1,18,0,low,0.5,9.0
13773,180797,1,4,12,2,45,2,1,2,18,0,low,0.25,3.0
13774,180798,1,7,12,5,55,2,1,1,18,0,low,0.14285714285714285,29.0
13775,180799,1,2,12,0,55,2,1,1,18,1,low,0.5,7.0
13776,180800,1,1,12,0,55,1,1,2,18,0,high,1.0,8.0
13777,180801,1,2,12,0,55,2,1,1,18,0,low,0.5,7.0
13778,180802,1,2,12,0,40,2,4,3,18,0,low,0.5,11.0
13779,180803,1,2,12,0,99,2,2,2,18,0,low,0.5,15.0
13780,180804,1,2,12,0,40,2,2,2,18,1,low,0.5,6.0
13781,180805,1,2,12,0,55,2,1,1,18,1,low,0.5,10.0
13782,180806,1,5,12,5,55,1,1,4,18,0,low,0.2,15.0
13783,180807,1,2,5,5,50,1,1,1,18,0,low,0.5,4.0
13784,180808,1,2,11,5,55,1,1,1,18,0,low,0.5,61.0
13785,180809,1,5,12,1,55,2,1,1,18,1,low,0.2,5.0
13786,180810,1,7,9,2,45,1,1,1,18,0,low,0.14285714285714285,7.0
13787,180811,1,2,10,0,55,1,1,1,18,0,low,0.5,11.0
13788,180812,1,1,10,0,55,1,1,1,18,0,high,1.0,9.0
13789,180813,1,2,11,5,40,1,1,1,18,0,low,0.5,13.0
13790,180814,1,2,11,2,55,1,2,2,18,0,low,0.5,30.0
13791,180815,1,2,9,0,30,5,1,1,18,0,low,0.5,8.0
13792,180816,1,5,11,2,55,1,1,1,18,0,low,0.2,22.0
13793,180817,1,1,10,0,55,1,1,1,18,0,high,1.0,4.0
13794,180818,1,1,8,0,55,1,1,1,18,0,high,1.0,12.0
13795,180819,1,2,5,0,15,1,1,1,18,0,low,0.5,14.0
13796,180820,1,2,10,5,55,1,1,1,18,0,low,0.5,7.0
13797,180821,1,1,9,0,20,1,1,1,18,0,high,1.0,4.0
13798,180822,1,1,4,0,30,1,1,1,18,0,high,1.0,9.0
13799,180823,1,1,5,0,35,2,1,1,18,0,high,1.0,18.0
13800,180824,1,2,9,2,30,1,1,1,18,0,low,0.5,17.0
13801,190001,1,3,1,0,65,2,1,1,19,1,low,0.3333333333333333,9.0
13802,190002,1,2,1,0,55,1,4,3,19,0,low,0.5,12.0
13803,190003,1,1,1,0,55,1,1,1,19,0,high,1.0,13.0
13804,190004,2,3,1,0,70,2,1,1,19,0,high,0.6666666666666666,0.0
13805,190005,1,2,1,2,55,1,1,4,19,0,low,0.5,3.0
13806,190006,1,3,1,0,65,2,1,1,19,0,low,0.3333333333333333,6.0
13807,190007,1,2,1,0,35,3,1,1,19,0,low,0.5,7.0
13808,190008,1,1,1,0,65,2,1,1,19,1,high,1.0,10.0
13809,190009,1,3,1,4,35,1,1,3,19,0,low,0.3333333333333333,37.0
13810,190010,1,2,1,0,55,2,1,3,19,1,low,0.5,78.0
13811,190011,2,6,1,2,55,1,4,3,19,0,low,0.3333333333333333,15.0
13812,190012,1,1,1,0,70,5,4,3,19,0,high,1.0,6.0
13813,190013,1,1,1,0,50,1,2,3,19,0,high,1.0,3.0
13814,190014,3,5,1,4,55,1,4,3,19,0,high,0.6,5.0
13815,190015,1,6,1,4,70,1,3,4,19,0,low,0.16666666666666666,8.0
13816,190016,1,3,1,5,55,2,2,2,19,1,low,0.3333333333333333,6.0
13817,190017,1,3,1,4,70,1,4,4,19,0,low,0.3333333333333333,5.0
13818,190018,1,2,1,4,55,1,4,4,19,0,low,0.5,9.0
13819,190019,1,1,1,0,55,1,1,1,19,0,high,1.0,5.0
13820,190020,1,3,1,0,70,1,1,2,19,0,low,0.3333333333333333,7.0
13821,190021,1,2,1,0,50,2,1,5,19,0,low,0.5,31.0
13822,190022,1,2,1,5,40,1,1,2,19,0,low,0.5,14.0
13823,190023,1,2,1,0,45,2,1,2,19,1,low,0.5,16.0
13824,190024,1,2,1,0,45,2,1,1,19,1,low,0.5,26.0
13825,190025,1,1,1,0,55,2,1,1,19,1,high,1.0,12.0
13826,190026,1,6,1,2,25,1,1,1,19,0,low,0.16666666666666666,8.0
13827,190027,1,3,1,2,55,2,1,1,19,1,low,0.3333333333333333,19.0
13828,190028,1,1,1,0,50,2,1,1,19,1,high,1.0,14.0
13829,190029,1,1,1,0,65,4,1,1,19,1,high,1.0,9.0
13830,190030,1,2,2,0,55,1,1,1,19,0,low,0.5,9.0
13831,190031,1,1,2,0,50,2,1,1,19,1,high,1.0,6.0
13832,190032,1,4,2,2,35,1,1,3,19,0,low,0.25,21.0
13833,190033,1,2,2,0,40,1,1,1,19,0,low,0.5,15.0
13834,190034,1,5,2,2,60,1,3,3,19,0,low,0.2,11.0
13835,190035,1,1,2,0,55,2,1,1,19,0,high,1.0,26.0
13836,190036,1,2,2,0,70,2,1,1,19,1,low,0.5,11.0
13837,190037,1,1,2,0,65,2,1,1,19,0,high,1.0,7.0
13838,190038,1,1,2,0,45,3,1,2,19,1,high,1.0,8.0
13839,190039,2,3,2,5,55,3,1,1,19,0,high,0.6666666666666666,13.0