,ST_CASE,FATALS,PERSONS,MONTH,MAN_COLL,SP_LIMIT,LGT_COND,WEATHER,SUR_COND,STATE,DRUNK_DR,rate,rate_numerical,arrival_time
14959,210388,2,6,7,8,35,1,1,1,21,0,low,0.3333333333333333,3.0
14960,210389,1,3,7,5,35,3,1,1,21,0,low,0.3333333333333333,6.0
14961,210390,1,3,7,5,55,1,1,1,21,0,low,0.3333333333333333,5.0
14962,210391,1,2,7,5,55,1,1,1,21,0,low,0.5,4.0
14963,210392,1,3,7,0,35,1,1,1,21,0,low,0.3333333333333333,2.0
14964,210393,1,3,7,0,65,1,1,1,21,0,low,0.3333333333333333,9.0
14965,210394,2,5,7,2,55,2,1,1,21,0,low,0.4,6.0
14966,210395,1,3,7,2,45,1,1,1,21,0,low,0.3333333333333333,20.0
14967,210396,1,1,7,0,55,2,1,1,21,1,high,1.0,4.0
14968,210397,1,1,7,0,55,2,1,1,21,1,high,1.0,45.0
14969,210398,1,1,7,0,55,1,1,1,21,0,high,1.0,11.0
14970,210399,1,2,7,0,55,1,1,1,21,0,low,0.5,52.0
14971,210400,1,3,7,2,25,1,2,2,21,0,low,0.3333333333333333,26.0
14972,210401,1,5,7,2,55,1,1,2,21,0,low,0.2,4.0
14973,210402,1,2,7,4,35,1,1,1,21,0,low,0.5,3.0
14974,210403,2,12,7,4,65,2,1,1,21,1,low,0.16666666666666666,8.0
14975,210404,1,2,7,0,55,2,1,1,21,0,low,0.5,33.0
14976,210405,1,1,7,0,55,1,1,1,21,0,high,1.0,21.0
14977,210406,1,1,7,0,55,1,2,2,21,0,high,1.0,9.0
14978,210407,2,2,7,0,55,2,1,1,21,1,high,1.0,6.0
14979,210408,1,1,7,0,45,2,1,1,21,1,high,1.0,36.0
14980,210409,1,1,7,0,55,2,1,1,21,0,high,1.0,4.0
14981,210410,1,4,7,5,55,1,1,1,21,0,low,0.25,9.0
14982,210411,1,2,7,0,55,1,1,1,21,0,low,0.5,6.0
14983,210412,1,2,7,5,55,1,1,1,21,0,low,0.5,11.0
14984,210413,1,2,7,4,55,1,1,2,21,0,low,0.5,7.0
14985,210414,1,1,7,0,55,1,1,1,21,0,high,1.0,0.0
14986,210415,1,2,7,0,35,1,1,1,21,1,low,0.5,18.0
14987,210416,1,2,7,2,55,1,1,1,21,1,low,0.5,20.0
14988,210417,2,2,7,0,55,2,1,1,21,1,high,1.0,24.0
14989,210418,1,1,7,0,55,1,1,1,21,0,high,1.0,6.0
14990,210419,1,1,7,0,55,1,5,1,21,1,high,1.0,23.0
14991,210420,1,1,7,0,55,1,1,1,21,1,high,1.0,5.0
14992,210421,1,1,7,0,65,1,1,1,21,0,high,1.0,24.0
14993,210422,1,3,7,5,55,1,1,1,21,0,low,0.3333333333333333,8.0
14994,210423,1,2,7,5,55,1,1,1,21,0,low,0.5,52.0
14995,210424,1,2,7,0,55,1,1,1,21,1,low,0.5,10.0
14996,210425,1,4,7,5,55,1,1,1,21,0,low,0.25,6.0
14997,210426,1,2,7,2,55,1,1,1,21,0,low,0.5,6.0
14998,210427,1,2,7,0,55,1,1,1,21,0,low,0.5,9.0
14999,210428,1,1,7,0,55,2,1,1,21,1,high,1.0,9.0
15000,210429,1,1,7,0,35,2,1,1,21,1,high,1.0,27.0
15001,210430,1,2,7,1,55,1,1,1,21,1,low,0.5,7.0
15002,210431,1,1,7,0,55,1,1,1,21,0,high,1.0,32.0
15003,210432,1,2,7,0,70,1,1,1,21,0,low,0.5,38.0
15004,210433,1,1,7,0,55,1,1,2,21,1,high,1.0,25.0
15005,210434,1,1,7,0,45,1,1,1,21,0,high,1.0,11.0
15006,210435,1,1,7,0,55,1,1,1,21,1,high,1.0,16.0
15007,210436,1,7,7,5,55,1,1,1,21,0,low,0.14285714285714285,4.0
15008,210437,1,1,7,0,35,1,1,1,21,0,high,1.0,23.0
15009,210438,1,4,7,0,70,1,1,1,21,0,low,0.25,13.0
15010,210439,1,2,7,4,55,2,2,2,21,1,low,0.5,5.0
15011,210440,1,1,7,0,55,2,2,2,21,1,high,1.0,11.0
15012,210441,1,3,7,0,55,1,1,1,21,0,low,0.3333333333333333,0.0
15013,210442,1,2,7,0,55,2,1,1,21,1,low,0.5,8.0
15014,210443,1,3,7,2,55,1,1,1,21,0,low,0.3333333333333333,12.0
15015,210444,1,3,7,7,65,1,1,1,21,0,low,0.3333333333333333,6.0
15016,210445,1,1,7,0,55,1,1,1,21,0,high,1.0,3.0
15017,210446,1,1,7,0,55,1,1,1,21,1,high,1.0,55.0
15018,210447,1,5,7,0,25,1,1,1,21,0,low,0.2,0.0
15019,210448,1,6,7,0,55,5,1,1,21,0,low,0.16666666666666666,5.0
15020,210450,1,1,7,0,55,1,1,1,21,1,high,1.0,11.0
15021,210451,1,4,7,2,45,1,1,1,21,0,low,0.25,32.0
15022,210452,1,5,7,8,55,2,1,1,21,1,low,0.2,22.0
15023,210453,1,3,7,5,45,2,1,1,21,1,low,0.3333333333333333,12.0
15024,210454,1,2,7,2,25,3,1,1,21,1,low,0.5,7.0
15025,210455,1,1,7,0,45,1,1,1,21,0,high,1.0,2.0
15026,210456,1,2,7,0,35,3,1,2,21,0,low,0.5,25.0
15027,210457,1,3,6,8,45,1,1,1,21,0,low,0.3333333333333333,4.0
15028,210458,1,1,7,0,45,4,1,1,21,0,high,1.0,11.0
15029,210459,1,1,7,0,55,1,1,1,21,1,high,1.0,4.0
15030,210460,1,2,8,5,25,1,1,1,21,0,low,0.5,13.0
15031,210461,1,1,8,0,55,1,1,1,21,0,high,1.0,12.0
15032,210462,2,2,8,0,35,2,1,1,21,1,high,1.0,7.0
15033,210463,1,2,8,4,45,1,1,1,21,1,low,0.5,7.0
15034,210464,1,2,8,0,45,2,1,1,21,1,low,0.5,48.0
15035,210465,1,5,8,0,70,1,1,1,21,0,low,0.2,15.0
15036,210466,1,1,8,0,55,1,1,1,21,0,high,1.0,4.0
15037,210467,1,1,8,0,55,1,1,1,21,1,high,1.0,8.0
15038,210468,1,1,8,0,55,2,1,1,21,1,high,1.0,6.0
15039,210469,1,1,8,0,55,2,1,1,21,0,high,1.0,41.0
15040,210470,1,1,8,0,55,1,1,1,21,1,high,1.0,6.0
15041,210471,1,1,8,0,35,2,1,1,21,1,high,1.0,4.0
15042,210472,1,4,8,0,70,2,1,1,21,0,low,0.25,24.0
15043,210473,1,5,8,1,55,2,1,1,21,0,low,0.2,19.0
15044,210474,1,1,8,0,55,1,1,1,21,0,high,1.0,7.0
15045,210475,1,2,8,0,55,1,1,1,21,0,low,0.5,21.0
15046,210476,2,3,8,0,55,1,1,1,21,0,high,0.6666666666666666,9.0
15047,210477,1,1,8,0,55,1,1,1,21,0,high,1.0,2.0
15048,210478,1,4,8,2,45,1,1,1,21,1,low,0.25,5.0
15049,210479,2,3,8,0,70,1,1,1,21,0,high,0.6666666666666666,10.0
15050,210480,1,1,8,0,35,1,1,1,21,0,high,1.0,4.0
15051,210481,1,1,8,0,55,3,1,1,21,1,high,1.0,11.0
15052,210482,1,3,8,1,55,4,1,2,21,0,low,0.3333333333333333,7.0
15053,210483,1,1,8,0,55,1,1,1,21,0,high,1.0,15.0
15054,210484,1,2,8,5,55,1,1,1,21,0,low,0.5,5.0
15055,210485,1,1,8,0,70,1,1,1,21,0,high,1.0,7.0
15056,210486,1,1,8,0,55,1,1,1,21,0,high,1.0,7.0
15057,210487,1,1,8,0,55,1,1,1,21,0,high,1.0,10.0
15058,210488,1,1,8,0,55,1,1,1,21,0,high,1.0,13.0
15059,210489,1,3,8,1,55,1,1,1,21,1,low,0.3333333333333333,14.0
15060,210490,1,1,8,0,70,1,1,1,21,0,high,1.0,1.0
15061,210491,3,5,8,2,55,1,1,1,21,1,high,0.6,4.0
15062,210492,1,3,8,0,55,2,1,1,21,0,low,0.3333333333333333,15.0
15063,210493,1,1,8,0,35,5,2,2,21,0,high,1.0,5.0
15064,210494,1,1,8,0,35,2,1,1,21,1,high,1.0,5.0
15065,210495,1,1,8,0,55,2,1,1,21,1,high,1.0,15.0
15066,210496,1,1,8,0,55,1,1,1,21,1,high,1.0,6.0
15067,210497,1,3,8,0,70,2,1,1,21,1,low,0.3333333333333333,5.0
15068,210498,1,1,8,0,55,1,1,1,21,0,high,1.0,10.0
15069,210499,1,2,8,0,55,1,1,1,21,0,low,0.5,10.0
15070,210500,1,4,8,5,35,5,1,1,21,0,low,0.25,38.0
15071,210501,1,1,8,0,35,1,1,1,21,0,high,1.0,12.0
15072,210502,1,2,8,5,55,1,1,1,21,0,low,0.5,16.0
15073,210503,1,2,8,0,55,2,1,1,21,1,low,0.5,51.0
15074,210504,1,3,8,0,55,1,1,1,21,1,low,0.3333333333333333,10.0
15075,210505,1,5,8,3,55,1,1,1,21,0,low,0.2,4.0
15076,210506,1,1,8,0,55,2,1,1,21,1,high,1.0,3.0
15077,210507,1,2,8,0,55,1,2,2,21,0,low,0.5,25.0
15078,210508,1,1,8,0,55,1,1,1,21,0,high,1.0,8.0
15079,210509,1,2,8,2,55,1,1,1,21,0,low,0.5,50.0
15080,210510,1,2,8,0,55,1,1,1,21,1,low,0.5,7.0
15081,210511,1,4,8,5,55,1,1,1,21,1,low,0.25,4.0
15082,210512,1,1,8,0,65,1,2,2,21,0,high,1.0,4.0
15083,210513,1,1,8,0,55,2,1,1,21,1,high,1.0,22.0
15084,210514,1,3,8,0,55,2,1,1,21,1,low,0.3333333333333333,5.0
15085,210515,1,1,8,0,55,4,1,1,21,1,high,1.0,11.0
15086,210516,1,2,8,8,35,1,1,1,21,0,low,0.5,49.0
15087,210517,1,3,8,5,55,1,1,1,21,1,low,0.3333333333333333,29.0
15088,210518,1,1,8,0,55,2,1,1,21,0,high,1.0,11.0
15089,210519,1,1,8,0,55,2,1,1,21,1,high,1.0,10.0
15090,210520,1,1,3,0,55,1,1,1,21,0,high,1.0,35.0
15091,210521,1,2,6,0,45,1,1,1,21,0,low,0.5,0.0
15092,210522,1,1,7,0,35,1,2,2,21,0,high,1.0,18.0
15093,210523,1,4,8,2,55,1,1,1,21,0,low,0.25,35.0
15094,210524,1,4,9,0,70,1,1,1,21,0,low,0.25,4.0
15095,210525,1,1,9,0,55,2,1,1,21,0,high,1.0,8.0
15096,210526,1,2,9,1,70,1,1,1,21,0,low,0.5,13.0
15097,210527,1,5,9,5,55,1,1,1,21,0,low,0.2,46.0
15098,210528,1,1,9,0,55,1,1,1,21,1,high,1.0,12.0
15099,210529,1,1,9,0,55,2,1,1,21,1,high,1.0,7.0
15100,210530,1,4,9,0,70,1,1,1,21,0,low,0.25,34.0
15101,210531,1,5,9,5,35,1,1,1,21,0,low,0.2,2.0
15102,210532,1,2,9,2,55,1,1,1,21,0,low,0.5,12.0
15103,210533,1,2,9,0,55,1,1,1,21,1,low,0.5,6.0
15104,210534,1,2,9,0,35,5,1,1,21,1,low,0.5,6.0
15105,210535,1,2,9,0,55,1,1,1,21,0,low,0.5,6.0
15106,210536,1,1,9,0,55,2,1,1,21,0,high,1.0,13.0
15107,210537,1,1,9,0,55,2,1,1,21,1,high,1.0,12.0
15108,210538,1,4,9,1,65,2,1,1,21,0,low,0.25,22.0
15109,210539,1,1,9,0,55,1,1,1,21,1,high,1.0,14.0
15110,210540,1,2,9,0,70,2,1,1,21,0,low,0.5,6.0
15111,210541,1,4,9,5,45,1,1,1,21,0,low,0.25,47.0
15112,210542,1,1,9,0,45,3,1,1,21,1,high,1.0,15.0
15113,210543,1,6,9,0,50,1,1,1,21,0,low,0.16666666666666666,0.0
15114,210544,1,2,9,0,55,2,1,1,21,1,low,0.5,12.0
15115,210545,1,2,9,1,65,3,1,1,21,0,low,0.5,20.0
15116,210546,1,2,9,4,55,1,2,2,21,0,low,0.5,14.0
15117,210547,1,5,9,1,55,1,1,1,21,0,low,0.2,10.0
15118,210548,1,1,9,0,55,1,1,2,21,0,high,1.0,32.0
15119,210549,1,2,9,1,45,2,1,1,21,0,low,0.5,20.0
15120,210550,1,1,9,0,55,3,1,1,21,1,high,1.0,45.0
15121,210551,1,2,9,2,55,2,2,2,21,1,low,0.5,5.0
15122,210552,1,2,9,1,55,2,1,1,21,0,low,0.5,10.0
15123,210553,1,3,9,2,55,1,1,1,21,0,low,0.3333333333333333,5.0
15124,210554,1,1,9,0,35,2,1,1,21,1,high,1.0,14.0
15125,210555,1,1,9,7,55,2,1,1,21,1,high,1.0,16.0
15126,210556,1,2,9,0,25,1,1,1,21,0,low,0.5,28.0
15127,210557,1,2,9,0,35,3,1,1,21,1,low,0.5,0.0
15128,210558,2,2,9,0,55,1,1,1,21,0,high,1.0,12.0
15129,210559,2,2,9,0,35,5,1,1,21,1,high,1.0,5.0
15130,210560,1,4,9,0,55,2,1,1,21,1,low,0.25,37.0
15131,210561,1,3,9,0,70,4,1,1,21,0,low,0.3333333333333333,13.0
15132,210562,1,1,9,0,55,1,1,1,21,0,high,1.0,6.0
15133,210563,2,5,9,4,55,1,1,1,21,0,low,0.4,44.0
15134,210564,1,2,9,5,35,2,1,1,21,0,low,0.5,0.0
15135,210565,1,2,9,0,45,2,1,1,21,1,low,0.5,7.0
15136,210566,1,1,9,0,55,5,1,1,21,0,high,1.0,41.0
15137,210567,1,1,9,0,65,2,1,1,21,0,high,1.0,131.0
15138,210568,1,1,9,0,55,1,1,1,21,0,high,1.0,1.0
15139,210569,1,1,9,0,55,2,1,1,21,0,high,1.0,30.0
15140,210570,1,2,9,5,55,1,1,1,21,0,low,0.5,9.0
15141,210571,1,2,9,5,55,1,1,1,21,0,low,0.5,15.0
15142,210572,1,6,9,2,35,1,1,1,21,0,low,0.16666666666666666,10.0
15143,210573,1,1,9,0,55,1,1,1,21,0,high,1.0,28.0
15144,210574,1,1,9,0,55,1,1,1,21,1,high,1.0,9.0
15145,210575,1,2,9,0,55,2,1,1,21,1,low,0.5,8.0
15146,210576,1,3,9,5,55,1,1,1,21,0,low,0.3333333333333333,9.0
15147,210577,1,1,9,0,55,1,1,1,21,0,high,1.0,565.0
15148,210578,1,2,9,0,35,1,1,1,21,1,low,0.5,9.0
15149,210579,2,5,9,5,55,1,1,1,21,0,low,0.4,21.0
15150,210580,1,3,9,0,35,1,1,1,21,1,low,0.3333333333333333,10.0
15151,210581,3,4,9,2,65,1,1,1,21,0,high,0.75,25.0
15152,210582,1,2,9,1,35,3,1,1,21,0,low,0.5,5.0
15153,210583,1,1,9,0,55,1,1,1,21,0,high,1.0,11.0
15154,210584,1,3,9,2,45,1,1,1,21,0,low,0.3333333333333333,29.0
15155,210585,1,1,9,0,45,2,1,1,21,1,high,1.0,46.0
15156,210586,1,1,9,0,55,1,1,1,21,0,high,1.0,10.0
15157,210587,1,2,9,0,25,1,1,1,21,1,low,0.5,14.0
15158,210588,1,1,9,0,35,2,1,1,21,1,high,1.0,9.0
15159,210589,1,5,9,0,35,1,1,1,21,1,low,0.2,8.0
15160,210590,1,1,9,0,25,2,1,1,21,1,high,1.0,4.0
15161,210591,1,4,9,4,55,1,1,1,21,0,low,0.25,29.0
15162,210592,1,1,9,0,45,1,1,1,21,0,high,1.0,0.0
15163,210593,1,2,9,0,55,1,1,1,21,0,low,0.5,8.0
15164,210594,1,3,9,1,55,5,1,1,21,0,low,0.3333333333333333,6.0
15165,210595,1,1,9,0,55,1,1,1,21,0,high,1.0,7.0
15166,210596,1,2,9,0,55,1,1,1,21,0,low,0.5,6.0
15167,210597,1,3,9,5,45,1,2,2,21,0,low,0.3333333333333333,4.0
15168,210598,1,3,9,0,55,2,1,1,21,0,low,0.3333333333333333,1324.0
15169,210599,1,1,7,0,55,1,1,1,21,0,high,1.0,7.0
15170,210600,1,1,9,0,55,1,1,1,21,0,high,1.0,28.0
15171,210601,1,1,9,0,55,1,1,1,21,1,high,1.0,26.0
15172,210602,1,2,9,0,55,1,2,2,21,0,low,0.5,16.0
15173,210603,1,1,9,0,55,1,1,1,21,1,high,1.0,7.0
15174,210604,1,2,8,1,55,1,1,1,21,0,low,0.5,6.0
15175,210605,1,4,9,5,55,1,1,1,21,0,low,0.25,8.0
15176,210606,1,1,3,0,55,2,1,1,21,1,high,1.0,30.0
15177,210607,1,1,10,0,55,2,1,1,21,1,high,1.0,54.0
15178,210608,1,2,10,0,35,1,1,1,21,1,low,0.5,35.0
15179,210609,2,3,10,2,55,1,1,1,21,0,high,0.6666666666666666,30.0
15180,210610,1,2,10,0,45,5,1,1,21,1,low,0.5,35.0
15181,210611,1,1,10,0,55,2,1,1,21,1,high,1.0,5.0
15182,210612,1,3,10,5,35,1,1,1,21,0,low,0.3333333333333333,25.0
15183,210613,1,2,10,2,55,2,1,1,21,0,low,0.5,33.0
15184,210614,1,1,10,0,55,2,1,1,21,1,high,1.0,13.0
15185,210615,2,7,10,0,70,1,2,2,21,0,low,0.2857142857142857,11.0
15186,210616,1,1,10,0,55,1,1,1,21,1,high,1.0,4.0
15187,210617,1,1,10,0,55,1,2,2,21,0,high,1.0,20.0
15188,210618,1,1,10,0,55,1,1,1,21,0,high,1.0,13.0
15189,210619,1,1,10,0,55,1,1,1,21,0,high,1.0,10.0
15190,210620,1,2,10,2,55,1,1,1,21,0,low,0.5,11.0
15191,210621,1,1,10,0,55,2,1,1,21,1,high,1.0,46.0
15192,210622,1,5,10,0,70,1,1,1,21,0,low,0.2,8.0
15193,210623,2,4,10,0,55,2,1,1,21,1,low,0.5,19.0
15194,210624,2,4,10,5,35,3,1,1,21,0,low,0.5,9.0
15195,210625,1,1,10,0,55,2,1,1,21,1,high,1.0,288.0
15196,210626,1,3,10,0,45,2,1,1,21,0,low,0.3333333333333333,2.0
15197,210627,1,2,10,5,55,1,1,1,21,0,low,0.5,9.0
15198,210628,1,4,10,8,70,2,1,1,21,0,low,0.25,4.0
15199,210629,1,4,10,0,25,2,1,1,21,0,low,0.25,5.0
15200,210630,1,3,10,5,45,2,1,1,21,0,low,0.3333333333333333,6.0
15201,210631,1,1,10,0,55,2,1,1,21,1,high,1.0,6.0
15202,210632,1,1,10,0,45,1,1,1,21,0,high,1.0,51.0
15203,210633,1,4,10,2,35,1,1,1,21,1,low,0.25,7.0
15204,210634,1,1,10,0,55,2,1,1,21,0,high,1.0,16.0
15205,210635,1,3,10,0,55,2,1,1,21,1,low,0.3333333333333333,22.0
15206,210636,1,3,10,0,55,1,1,1,21,0,low,0.3333333333333333,8.0
15207,210637,1,1,10,0,45,1,1,1,21,0,high,1.0,4.0
15208,210638,1,1,10,0,55,1,1,1,21,0,high,1.0,8.0
15209,210639,1,1,10,0,55,1,2,2,21,0,high,1.0,1.0
15210,210640,1,2,10,2,55,1,1,2,21,0,low,0.5,12.0
15211,210641,1,2,10,0,35,3,1,1,21,0,low,0.5,5.0
15212,210642,2,3,10,9,65,4,2,2,21,0,high,0.6666666666666666,21.0
15213,210643,1,2,10,0,55,2,1,1,21,1,low,0.5,42.0
15214,210644,1,2,10,0,25,3,1,1,21,2,low,0.5,8.0
15215,210645,1,2,10,0,45,2,1,1,21,1,low,0.5,7.0
15216,210646,1,3,10,2,55,1,2,2,21,0,low,0.3333333333333333,32.0
15217,210647,1,3,10,4,55,1,1,1,21,0,low,0.3333333333333333,25.0
15218,210648,1,1,10,0,35,2,1,1,21,1,high,1.0,21.0
15219,210649,1,1,10,0,65,1,1,1,21,1,high,1.0,3.0
15220,210650,1,3,10,4,70,1,2,2,21,0,low,0.3333333333333333,7.0
15221,210651,1,5,10,4,70,1,2,2,21,0,low,0.2,4.0
15222,210652,1,3,10,5,45,2,1,1,21,1,low,0.3333333333333333,8.0
15223,210653,1,2,10,2,55,1,2,2,21,0,low,0.5,3.0
15224,210654,1,6,10,4,55,1,2,2,21,0,low,0.16666666666666666,7.0
15225,210655,1,2,10,0,55,1,2,2,21,0,low,0.5,8.0
15226,210656,1,2,10,2,55,1,1,1,21,0,low,0.5,6.0
15227,210657,1,4,10,2,55,1,1,1,21,0,low,0.25,5.0
15228,210658,1,1,10,0,35,2,1,1,21,0,high,1.0,10.0
15229,210659,1,2,10,0,70,1,2,2,21,0,low,0.5,12.0
15230,210660,1,3,10,4,55,1,2,2,21,0,low,0.3333333333333333,17.0
15231,210661,1,2,10,0,45,2,1,1,21,0,low,0.5,5.0
15232,210662,1,3,10,2,55,2,1,1,21,0,low,0.3333333333333333,8.0
15233,210663,1,2,10,0,55,1,1,1,21,0,low,0.5,6.0
15234,210664,1,1,10,0,45,2,1,1,21,1,high,1.0,19.0
15235,210665,1,2,10,0,65,3,1,1,21,1,low,0.5,9.0
15236,210666,1,1,10,0,35,2,1,1,21,1,high,1.0,44.0
15237,210667,1,6,10,1,65,1,1,1,21,0,low,0.16666666666666666,18.0
15238,210668,1,1,10,0,55,2,1,1,21,1,high,1.0,31.0
15239,210669,1,1,10,0,45,3,1,1,21,1,high,1.0,23.0
15240,210670,1,1,10,0,70,2,1,1,21,0,high,1.0,133.0
15241,210671,1,2,10,4,55,1,1,1,21,0,low,0.5,18.0
15242,210672,1,2,10,0,25,3,1,1,21,0,low,0.5,33.0
15243,210673,1,2,10,5,55,1,1,1,21,0,low,0.5,45.0
15244,210674,2,5,10,0,55,2,1,1,21,1,low,0.4,20.0
15245,210675,1,2,10,1,70,2,1,1,21,0,low,0.5,8.0
15246,210676,1,6,10,5,45,1,1,1,21,0,low,0.16666666666666666,10.0
15247,210677,1,4,10,5,45,1,1,1,21,0,low,0.25,2.0
15248,210678,1,7,10,1,55,1,2,2,21,0,low,0.14285714285714285,34.0
15249,210679,1,1,10,0,55,1,2,2,21,0,high,1.0,2.0
15250,210680,1,1,5,0,55,1,1,2,21,0,high,1.0,3.0
15251,210681,1,2,11,5,55,1,1,1,21,0,low,0.5,24.0
15252,210682,1,1,11,0,55,1,1,1,21,0,high,1.0,4.0
15253,210683,1,2,11,0,55,2,1,1,21,1,low,0.5,24.0
15254,210684,1,2,11,2,55,2,1,1,21,1,low,0.5,0.0
15255,210685,1,4,11,4,55,3,1,1,21,1,low,0.25,10.0
15256,210686,1,1,11,0,70,2,1,1,21,0,high,1.0,40.0
15257,210687,1,2,11,0,45,1,1,1,21,0,low,0.5,7.0
15258,210688,1,2,11,4,45,2,1,1,21,1,low,0.5,22.0
15259,210689,1,3,11,4,65,3,1,1,21,0,low,0.3333333333333333,8.0
15260,210690,1,1,11,0,55,2,1,1,21,0,high,1.0,4.0
15261,210691,1,2,11,0,70,2,1,1,21,0,low,0.5,8.0
15262,210692,1,3,11,1,55,2,1,1,21,0,low,0.3333333333333333,8.0
15263,210693,1,2,11,0,55,2,1,1,21,1,low,0.5,4.0
15264,210694,1,1,11,0,25,1,1,1,21,0,high,1.0,5.0
15265,210695,1,1,11,0,55,1,1,1,21,0,high,1.0,10.0
15266,210696,1,1,11,0,55,2,1,1,21,0,high,1.0,5.0
15267,210697,1,4,11,2,55,1,1,2,21,0,low,0.25,4.0
15268,210698,1,5,11,0,55,1,2,2,21,0,low,0.2,1.0
15269,210699,1,1,11,0,35,1,2,2,21,1,high,1.0,50.0
15270,210700,1,1,11,0,55,1,1,1,21,0,high,1.0,30.0
15271,210701,1,2,11,1,55,1,1,1,21,0,low,0.5,21.0
15272,210702,1,1,11,0,55,1,1,1,21,0,high,1.0,55.0
15273,210703,1,2,11,0,70,2,1,1,21,1,low,0.5,374.0
15274,210704,1,1,11,0,65,1,1,2,21,0,high,1.0,17.0
15275,210705,1,1,11,0,70,2,1,1,21,0,high,1.0,6.0
15276,210706,1,2,11,0,35,3,1,1,21,1,low,0.5,6.0
15277,210707,1,1,11,0,55,2,1,2,21,0,high,1.0,6.0
15278,210708,1,1,11,0,55,2,1,1,21,0,high,1.0,8.0
15279,210709,1,2,11,5,55,1,1,1,21,0,low,0.5,5.0
15280,210710,1,1,11,0,45,1,1,1,21,0,high,1.0,10.0
15281,210711,1,2,11,5,55,2,2,2,21,0,low,0.5,12.0
15282,210712,1,3,11,5,55,1,2,2,21,0,low,0.3333333333333333,19.0
15283,210713,1,4,11,2,45,5,2,2,21,0,low,0.25,8.0
15284,210714,1,1,11,0,55,2,2,2,21,1,high,1.0,10.0
15285,210715,1,4,11,0,70,2,1,1,21,0,low,0.25,5.0
15286,210716,1,7,11,2,55,2,1,1,21,0,low,0.14285714285714285,17.0
15287,210717,1,1,11,0,70,1,1,1,21,1,high,1.0,51.0
15288,210718,1,1,11,0,55,1,1,1,21,1,high,1.0,10.0
15289,210719,1,6,11,8,55,2,1,1,21,0,low,0.16666666666666666,13.0
15290,210720,1,6,11,5,55,3,1,1,21,1,low,0.16666666666666666,10.0
15291,210721,1,2,11,0,55,1,2,2,21,0,low,0.5,10.0
15292,210722,1,1,11,0,70,2,1,1,21,0,high,1.0,0.0
15293,210723,1,3,11,0,55,2,1,1,21,1,low,0.3333333333333333,26.0
15294,210724,1,2,11,0,55,1,2,2,21,1,low,0.5,44.0
15295,210725,1,6,11,0,70,3,1,1,21,0,low,0.16666666666666666,9.0
15296,210726,1,2,11,0,45,1,1,1,21,1,low,0.5,8.0
15297,210727,1,2,11,0,70,1,1,1,21,0,low,0.5,55.0
15298,210728,1,1,11,0,35,2,1,1,21,1,high,1.0,57.0
15299,210729,1,3,11,0,45,1,1,2,21,0,low,0.3333333333333333,9.0
15300,210730,1,2,11,7,65,1,1,1,21,0,low,0.5,40.0
15301,210731,1,6,11,5,55,1,1,1,21,0,low,0.16666666666666666,25.0
15302,210732,1,4,11,1,55,1,1,1,21,1,low,0.25,11.0
15303,210733,1,2,11,0,55,4,1,1,21,0,low,0.5,8.0
15304,210734,1,1,11,0,55,1,1,1,21,0,high,1.0,8.0
15305,210735,1,1,11,2,55,1,1,1,21,0,high,1.0,4.0
15306,210736,1,1,11,0,55,5,1,1,21,0,high,1.0,47.0
15307,210737,1,3,11,7,55,3,1,1,21,1,low,0.3333333333333333,7.0
15308,210738,1,4,11,2,35,2,1,1,21,0,low,0.25,15.0
15309,210739,1,1,11,0,55,1,1,1,21,0,high,1.0,12.0
15310,210740,1,2,11,5,55,1,1,1,21,0,low,0.5,9.0
15311,210741,1,2,11,0,45,3,1,1,21,0,low,0.5,8.0
15312,210742,1,3,11,1,55,1,1,1,21,0,low,0.3333333333333333,18.0
15313,210743,1,1,11,0,55,1,1,1,21,0,high,1.0,6.0
15314,210744,1,1,12,0,55,2,1,1,21,1,high,1.0,22.0
15315,210745,1,1,12,0,50,1,2,2,21,0,high,1.0,6.0
15316,210746,1,2,12,0,55,1,2,2,21,0,low,0.5,5.0
15317,210747,1,1,12,0,55,1,1,2,21,0,high,1.0,7.0
15318,210748,1,1,12,0,55,1,1,1,21,1,high,1.0,19.0
15319,210749,1,2,12,2,55,1,2,2,21,0,low,0.5,39.0
15320,210750,1,2,12,0,55,3,1,1,21,0,low,0.5,16.0
15321,210751,1,2,12,0,55,1,1,1,21,0,low,0.5,22.0
15322,210752,1,2,12,0,45,2,1,1,21,1,low,0.5,18.0
15323,210753,1,1,12,0,55,1,2,2,21,0,high,1.0,10.0
15324,210754,1,2,12,0,25,2,1,1,21,1,low,0.5,27.0
15325,210755,1,2,12,0,35,1,2,2,21,0,low,0.5,38.0
15326,210756,2,3,12,0,55,2,3,4,21,0,high,0.6666666666666666,20.0
15327,210757,1,2,12,0,55,2,1,2,21,0,low,0.5,8.0
15328,210758,2,2,12,0,55,1,2,2,21,0,high,1.0,2.0
15329,210759,1,2,12,2,35,1,2,2,21,0,low,0.5,27.0
15330,210760,1,3,12,5,55,2,1,2,21,0,low,0.3333333333333333,2.0
15331,210761,1,2,12,2,35,1,2,2,21,0,low,0.5,8.0