,ST_CASE,FATALS,PERSONS,MONTH,MAN_COLL,SP_LIMIT,LGT_COND,WEATHER,SUR_COND,STATE,DRUNK_DR,rate,rate_numerical,arrival_time
16079,220707,1,5,9,0,50,3,1,1,22,0,low,0.2,17.0
16080,220708,3,7,6,1,60,3,1,1,22,0,low,0.42857142857142855,8.0
16081,220709,1,5,9,0,30,1,1,1,22,0,low,0.2,9.0
16082,220710,1,1,1,0,45,1,1,1,22,0,high,1.0,7.0
16083,220711,1,3,6,5,40,3,1,1,22,1,low,0.3333333333333333,15.0
16084,220712,1,2,7,5,30,1,1,1,22,0,low,0.5,10.0
16085,220713,1,2,12,0,55,2,5,2,22,0,low,0.5,23.0
16086,220714,1,1,12,0,55,2,1,1,22,0,high,1.0,13.0
16087,220715,2,2,12,0,55,2,1,1,22,0,high,1.0,12.0
16088,220716,1,1,12,0,45,2,5,2,22,0,high,1.0,2.0
16089,220717,1,1,9,0,55,3,1,1,22,1,high,1.0,8.0
16090,220718,1,3,12,0,55,2,1,1,22,1,low,0.3333333333333333,10.0
16091,220719,1,1,12,0,65,2,1,2,22,0,high,1.0,4.0
16092,220720,2,2,12,0,55,2,1,1,22,2,high,1.0,4.0
16093,220721,1,1,12,0,55,1,1,1,22,0,high,1.0,6.0
16094,220722,1,2,12,0,99,1,1,1,22,1,low,0.5,49.0
16095,220723,1,1,12,0,55,1,1,1,22,0,high,1.0,8.0
16096,220724,1,1,12,0,40,3,1,1,22,0,high,1.0,5.0
16097,220725,2,3,11,0,65,2,1,2,22,0,high,0.6666666666666666,6.0
16098,220726,1,2,11,5,45,1,2,2,22,0,low,0.5,6.0
16099,220727,4,5,12,2,55,1,1,1,22,0,high,0.8,18.0
16100,220728,1,1,12,0,55,2,1,1,22,0,high,1.0,1350.0
16101,220729,1,2,12,2,55,1,1,1,22,0,low,0.5,8.0
16102,220730,1,2,12,2,55,2,1,1,22,0,low,0.5,10.0
16103,220731,1,2,12,1,70,2,1,1,22,1,low,0.5,30.0
16104,220732,1,2,12,2,55,2,1,1,22,0,low,0.5,10.0
16105,220733,1,3,12,1,70,1,1,1,22,0,low,0.3333333333333333,5.0
16106,220734,1,3,12,0,55,2,5,1,22,1,low,0.3333333333333333,9.0
16107,220735,1,2,12,4,55,2,1,1,22,1,low,0.5,1.0
16108,220736,1,5,12,1,55,2,1,1,22,1,low,0.2,4.0
16109,220737,1,2,12,2,45,1,1,1,22,0,low,0.5,2.0
16110,220738,1,2,12,1,70,2,1,1,22,0,low,0.5,3.0
16111,220739,1,2,12,0,20,1,1,1,22,0,low,0.5,9.0
16112,220740,1,2,11,0,55,2,1,1,22,0,low,0.5,4.0
16113,220741,1,3,11,0,55,2,1,1,22,0,low,0.3333333333333333,20.0
16114,220742,1,2,11,0,45,2,1,1,22,1,low,0.5,5.0
16115,220743,1,6,11,5,50,1,1,1,22,0,low,0.16666666666666666,9.0
16116,220744,1,6,11,11,55,5,2,2,22,1,low,0.16666666666666666,2.0
16117,220745,2,3,11,2,55,1,1,1,22,0,high,0.6666666666666666,7.0
16118,220746,1,4,11,5,40,3,1,1,22,2,low,0.25,6.0
16119,220747,1,2,11,2,55,1,1,1,22,0,low,0.5,19.0
16120,220748,1,3,11,5,55,1,1,1,22,0,low,0.3333333333333333,10.0
16121,220749,1,3,11,5,65,1,1,1,22,0,low,0.3333333333333333,9.0
16122,220750,1,2,11,5,40,1,1,1,22,0,low,0.5,35.0
16123,220751,1,3,11,0,25,1,1,1,22,0,low,0.3333333333333333,4.0
16124,220752,1,1,11,0,70,1,1,1,22,0,high,1.0,3.0
16125,220753,1,1,11,0,55,1,1,1,22,0,high,1.0,7.0
16126,220754,1,1,11,0,55,2,1,2,22,1,high,1.0,17.0
16127,220755,1,3,11,5,45,1,1,1,22,0,low,0.3333333333333333,5.0
16128,220756,1,2,11,0,70,2,1,1,22,0,low,0.5,15.0
16129,220757,1,3,11,2,50,1,1,1,22,0,low,0.3333333333333333,6.0
16130,220758,1,2,11,2,55,1,1,2,22,0,low,0.5,14.0
16131,220759,1,1,11,0,55,2,1,1,22,1,high,1.0,8.0
16132,220760,1,1,11,0,55,2,2,2,22,1,high,1.0,20.0
16133,220761,1,1,11,0,35,2,1,1,22,0,high,1.0,8.0
16134,220762,1,1,11,0,55,3,1,1,22,1,high,1.0,5.0
16135,220763,1,2,11,0,55,2,1,2,22,2,low,0.5,22.0
16136,220764,2,2,11,0,45,2,1,1,22,0,high,1.0,60.0
16137,220765,1,1,11,0,60,3,2,2,22,0,high,1.0,14.0
16138,220766,1,1,11,0,55,1,1,1,22,0,high,1.0,7.0
16139,220767,1,1,11,0,55,1,2,2,22,1,high,1.0,24.0
16140,220768,1,6,7,1,45,1,1,1,22,1,low,0.16666666666666666,16.0
16141,220769,1,2,2,0,55,2,1,1,22,1,low,0.5,45.0
16142,220770,1,2,12,0,55,2,2,2,22,1,low,0.5,2.0
16143,220771,1,1,12,0,55,1,1,1,22,0,high,1.0,6.0
16144,220772,1,1,12,0,50,1,1,1,22,0,high,1.0,4.0
16145,220773,1,1,12,0,40,1,1,1,22,1,high,1.0,11.0
16146,220774,1,1,12,0,55,2,2,2,22,0,high,1.0,10.0
16147,220775,1,2,12,0,55,1,2,2,22,1,low,0.5,6.0
16148,220776,1,2,12,0,55,1,1,1,22,0,low,0.5,2.0
16149,220777,2,2,12,0,55,2,1,1,22,1,high,1.0,9.0
16150,220778,1,1,12,0,55,2,1,1,22,1,high,1.0,10.0
16151,220779,1,3,12,0,55,2,1,1,22,1,low,0.3333333333333333,12.0
16152,220780,2,2,12,2,55,2,5,1,22,0,high,1.0,18.0
16153,220781,1,2,12,8,55,1,1,1,22,1,low,0.5,25.0
16154,220782,2,5,12,5,55,1,1,1,22,0,low,0.4,11.0
16155,220783,1,3,11,0,99,3,1,1,22,1,low,0.3333333333333333,15.0
16156,220784,1,2,11,0,55,2,1,1,22,1,low,0.5,9.0
16157,220785,1,3,11,2,45,1,1,1,22,0,low,0.3333333333333333,11.0
16158,220786,1,2,11,5,50,1,1,1,22,0,low,0.5,1.0
16159,220787,1,1,11,0,99,1,2,2,22,0,high,1.0,16.0
16160,220788,1,4,11,0,60,3,1,1,22,0,low,0.25,32.0
16161,220789,1,1,11,0,35,1,1,1,22,0,high,1.0,12.0
16162,220790,1,1,11,0,35,2,1,1,22,1,high,1.0,7.0
16163,220791,1,2,12,0,55,5,1,1,22,0,low,0.5,17.0
16164,220792,1,3,12,5,55,1,1,1,22,0,low,0.3333333333333333,3.0
16165,220793,1,3,12,1,60,1,1,1,22,0,low,0.3333333333333333,13.0
16166,220794,1,2,12,1,55,2,1,1,22,0,low,0.5,28.0
16167,220795,1,3,12,5,55,2,1,1,22,0,low,0.3333333333333333,13.0
16168,220796,1,4,12,2,55,3,1,1,22,0,low,0.25,44.0
16169,220797,1,3,12,2,55,1,1,1,22,0,low,0.3333333333333333,11.0
16170,220798,1,2,12,1,70,2,1,1,22,1,low,0.5,18.0
16171,220799,1,3,12,2,55,2,1,1,22,0,low,0.3333333333333333,21.0
16172,220800,1,2,12,5,60,2,1,1,22,0,low,0.5,11.0
16173,220801,1,3,12,2,45,3,1,1,22,1,low,0.3333333333333333,4.0
16174,220802,1,4,12,2,55,2,1,1,22,0,low,0.25,10.0
16175,220803,1,3,11,0,50,3,1,1,22,1,low,0.3333333333333333,5.0
16176,220804,1,1,11,0,35,3,1,2,22,1,high,1.0,13.0
16177,220805,1,2,12,0,35,2,1,1,22,0,low,0.5,10.0
16178,220806,1,2,12,0,40,2,1,1,22,0,low,0.5,7.0
16179,220807,1,2,12,5,70,1,1,1,22,0,low,0.5,7.0
16180,220808,1,2,12,4,50,1,1,1,22,0,low,0.5,14.0
16181,220809,1,4,10,0,35,2,1,1,22,1,low,0.25,13.0
16182,220810,1,1,6,0,35,2,1,1,22,0,high,1.0,3.0
16183,220811,1,1,10,0,55,1,1,1,22,0,high,1.0,15.0
16184,220812,1,1,11,0,25,1,1,1,22,0,high,1.0,9.0
16185,220813,1,1,9,0,60,2,1,1,22,0,high,1.0,6.0
16186,220814,1,1,6,0,20,3,1,1,22,0,high,1.0,12.0
16187,220815,1,2,10,0,40,2,1,1,22,0,low,0.5,10.0
16188,220816,1,1,11,0,55,2,1,1,22,1,high,1.0,2.0
16189,220817,1,2,10,2,55,1,2,2,22,0,low,0.5,8.0
16190,220818,1,1,10,0,35,1,1,1,22,0,high,1.0,18.0
16191,220819,1,1,8,0,55,2,1,1,22,1,high,1.0,14.0
16192,220820,1,1,6,0,25,2,1,1,22,0,high,1.0,2.0
16193,220821,1,2,9,5,35,2,1,1,22,0,low,0.5,12.0
16194,220822,1,2,11,5,35,3,1,1,22,0,low,0.5,10.0
16195,220823,1,3,2,1,50,3,1,1,22,1,low,0.3333333333333333,11.0
16196,220824,1,5,3,5,55,1,1,1,22,0,low,0.2,0.0
16197,220825,1,1,4,0,25,1,1,1,22,1,high,1.0,6.0
16198,220826,1,3,12,1,40,3,1,1,22,1,low,0.3333333333333333,9.0
16199,220827,1,2,11,0,45,2,1,1,22,1,low,0.5,19.0
16200,220828,1,2,8,1,55,1,1,1,22,0,low,0.5,22.0
16201,220829,1,1,10,0,35,1,1,1,22,0,high,1.0,14.0
16202,220830,1,1,10,0,45,1,1,2,22,0,high,1.0,3.0
16203,220831,1,4,11,5,55,5,1,1,22,1,low,0.25,19.0
16204,220832,1,3,3,0,30,1,1,1,22,0,low,0.3333333333333333,6.0
16205,220833,1,3,9,3,45,1,1,1,22,0,low,0.3333333333333333,10.0
16206,220834,1,2,2,0,45,1,1,1,22,0,low,0.5,7.0
16207,220835,1,2,7,0,35,1,1,1,22,0,low,0.5,10.0
16208,220836,1,1,11,0,35,3,1,1,22,0,high,1.0,5.0
16209,220837,1,2,5,5,55,3,1,1,22,0,low,0.5,34.0
16210,220838,1,3,4,1,45,1,2,2,22,0,low,0.3333333333333333,9.0
16211,220839,1,2,6,5,99,1,1,1,22,0,low,0.5,5.0
16212,220840,1,3,12,5,35,1,1,1,22,0,low,0.3333333333333333,61.0
16213,220841,1,4,9,5,45,3,1,1,22,0,low,0.25,8.0
16214,220842,1,1,9,0,55,1,1,1,22,0,high,1.0,2.0
16215,220843,1,1,10,0,55,1,1,1,22,1,high,1.0,10.0
16216,220844,1,2,4,0,55,2,1,1,22,0,low,0.5,27.0
16217,220845,1,1,12,0,55,1,1,1,22,0,high,1.0,17.0
16218,220846,1,3,12,5,65,1,1,1,22,0,low,0.3333333333333333,12.0
16219,220847,1,3,12,2,35,2,1,1,22,0,low,0.3333333333333333,5.0
16220,220848,1,3,12,1,70,2,1,1,22,1,low,0.3333333333333333,3.0
16221,220849,1,2,12,0,50,2,1,1,22,0,low,0.5,6.0
16222,220850,1,1,12,0,35,5,1,1,22,0,high,1.0,11.0
16223,220851,1,1,1,0,99,2,1,1,22,0,high,1.0,6.0
16224,220852,1,6,12,1,40,3,1,1,22,1,low,0.16666666666666666,3.0
16225,220853,1,2,12,2,35,3,1,1,22,1,low,0.5,23.0
16226,220854,2,3,12,5,55,1,1,1,22,0,high,0.6666666666666666,23.0
16227,220855,1,2,4,0,99,1,9,1,22,1,low,0.5,1.0
16228,220856,1,4,9,2,45,1,1,1,22,0,low,0.25,6.0
16229,220857,1,3,12,0,99,3,1,1,22,1,low,0.3333333333333333,10.0
16230,220858,1,1,11,0,45,3,1,1,22,1,high,1.0,7.0
16231,220859,1,3,12,0,30,1,1,1,22,0,low,0.3333333333333333,31.0
16232,220860,1,5,7,0,55,2,1,1,22,0,low,0.2,21.0
16233,220861,1,1,7,0,35,1,1,1,22,1,high,1.0,13.0
16234,220862,1,2,12,0,70,1,5,8,22,0,low,0.5,14.0
16235,220863,1,3,10,0,45,3,1,1,22,1,low,0.3333333333333333,23.0
16236,220864,1,2,12,1,70,2,1,1,22,0,low,0.5,21.0
16237,220865,1,2,7,0,25,1,1,1,22,0,low,0.5,9.0
16238,220866,2,2,8,0,20,3,1,1,22,2,high,1.0,5.0
16239,220867,1,1,4,0,55,1,1,1,22,0,high,1.0,7.0
16240,220868,1,1,10,0,35,1,1,1,22,0,high,1.0,12.0
16241,220869,1,1,4,0,50,1,1,1,22,0,high,1.0,18.0
16242,220870,1,4,6,0,50,3,1,1,22,1,low,0.25,10.0
16243,220871,1,3,5,1,50,3,1,1,22,0,low,0.3333333333333333,1.0
16244,220872,1,1,6,0,60,3,1,1,22,1,high,1.0,716.0
16245,220873,1,1,3,0,35,3,1,1,22,1,high,1.0,7.0
16246,220874,1,2,12,0,35,3,1,1,22,1,low,0.5,24.0
16247,220875,1,8,10,0,60,1,1,1,22,0,low,0.125,10.0
16248,220876,1,2,12,0,70,2,1,1,22,0,low,0.5,6.0
16249,220877,1,2,8,0,25,3,1,1,22,0,low,0.5,14.0
16250,220878,1,2,11,0,99,1,1,1,22,0,low,0.5,11.0
16251,220879,1,1,11,0,45,3,1,5,22,1,high,1.0,11.0
16252,220880,1,5,11,0,60,2,1,1,22,1,low,0.2,10.0
16253,220881,1,1,1,0,35,2,1,1,22,1,high,1.0,14.0
16254,220882,1,2,1,0,45,3,1,1,22,1,low,0.5,6.0
16255,220883,1,4,11,1,65,2,5,1,22,0,low,0.25,15.0
16256,220884,1,1,11,0,35,1,1,1,22,0,high,1.0,12.0
16257,220885,1,1,11,0,35,5,1,2,22,0,high,1.0,19.0
16258,220886,1,3,12,0,35,1,1,1,22,0,low,0.3333333333333333,6.0
16259,220887,1,4,10,0,55,2,1,1,22,1,low,0.25,3.0
16260,220888,1,2,9,5,40,1,1,1,22,0,low,0.5,5.0
16261,220889,1,1,12,0,35,1,1,2,22,1,high,1.0,8.0
16262,220890,1,3,10,5,40,3,1,1,22,1,low,0.3333333333333333,14.0
16263,220891,1,2,8,0,25,1,1,1,22,0,low,0.5,41.0
16264,220892,1,2,8,5,35,1,1,1,22,1,low,0.5,12.0
16265,220893,1,1,6,0,55,9,9,9,22,0,high,1.0,1.0
16266,220894,1,2,6,0,45,4,9,9,22,0,low,0.5,5.0
16267,220895,1,1,12,0,99,9,9,9,22,0,high,1.0,7.0
16268,230001,1,2,1,0,25,3,1,2,23,0,low,0.5,15.0
16269,230002,1,1,1,0,45,1,2,3,23,0,high,1.0,22.0
16270,230003,1,1,1,0,45,2,1,1,23,0,high,1.0,29.0
16271,230004,2,4,1,0,45,2,1,4,23,1,low,0.5,0.0
16272,230005,1,1,1,0,65,2,2,2,23,0,high,1.0,9.0
16273,230006,1,2,1,0,35,1,3,4,23,0,low,0.5,8.0
16274,230007,1,2,1,2,40,1,1,1,23,0,low,0.5,3.0
16275,230008,1,1,1,0,0,1,1,3,23,0,high,1.0,6.0
16276,230009,1,4,1,4,45,1,1,1,23,0,low,0.25,15.0
16277,230010,1,7,1,3,50,1,1,1,23,0,low,0.14285714285714285,21.0
16278,230011,1,2,1,0,55,1,1,1,23,0,low,0.5,14.0
16279,230012,1,3,1,0,50,2,1,1,23,1,low,0.3333333333333333,4.0
16280,230013,1,1,2,0,0,2,1,1,23,0,high,1.0,10.0
16281,230014,1,1,4,0,45,1,1,1,23,0,high,1.0,8.0
16282,230015,1,3,2,8,45,1,1,1,23,0,low,0.3333333333333333,6.0
16283,230016,1,4,2,0,35,2,1,1,23,1,low,0.25,9.0
16284,230017,1,1,2,0,50,2,1,4,23,1,high,1.0,14.0
16285,230018,1,3,2,0,35,2,1,4,23,1,low,0.3333333333333333,11.0
16286,230019,1,2,2,4,45,1,1,4,23,0,low,0.5,1.0
16287,230020,1,2,2,0,35,2,1,4,23,2,low,0.5,4.0
16288,230021,1,3,2,4,55,3,1,1,23,1,low,0.3333333333333333,11.0
16289,230022,1,1,2,0,0,3,1,1,23,0,high,1.0,1.0
16290,230023,2,2,2,2,50,4,1,1,23,0,high,1.0,4.0
16291,230024,1,2,3,0,55,2,4,3,23,2,low,0.5,9.0
16292,230025,1,2,3,2,45,1,1,1,23,1,low,0.5,17.0
16293,230026,1,1,3,0,0,1,1,4,23,0,high,1.0,14.0
16294,230027,1,4,2,0,40,2,1,1,23,2,low,0.25,9.0
16295,230028,1,1,3,0,35,2,1,1,23,1,high,1.0,14.0
16296,230029,1,3,3,2,55,4,1,1,23,2,low,0.3333333333333333,20.0
16297,230030,1,1,3,0,99,2,1,4,23,0,high,1.0,5.0
16298,230031,1,3,3,0,40,2,1,1,23,0,low,0.3333333333333333,51.0
16299,230032,1,2,3,0,45,2,1,2,23,1,low,0.5,11.0
16300,230033,1,2,3,2,40,1,1,1,23,0,low,0.5,15.0
16301,230034,1,1,3,0,65,3,1,1,23,1,high,1.0,15.0
16302,230035,1,3,4,2,50,1,2,2,23,0,low,0.3333333333333333,20.0
16303,230036,1,8,4,2,35,1,4,2,23,0,low,0.125,4.0
16304,230037,1,7,4,4,45,1,4,3,23,0,low,0.14285714285714285,3.0
16305,230038,1,2,4,0,30,3,2,2,23,1,low,0.5,19.0
16306,230039,2,2,4,0,45,2,1,5,23,1,high,1.0,15.0
16307,230040,1,1,4,0,45,1,1,1,23,0,high,1.0,4.0
16308,230041,1,3,4,0,45,3,2,2,23,2,low,0.3333333333333333,9.0
16309,230042,1,3,4,0,35,5,2,2,23,0,low,0.3333333333333333,6.0
16310,230043,1,1,5,0,45,1,1,1,23,1,high,1.0,6.0
16311,230044,1,2,5,4,45,1,1,1,23,0,low,0.5,7.0
16312,230045,1,2,5,2,55,2,1,1,23,1,low,0.5,15.0
16313,230046,1,1,5,0,40,1,1,1,23,0,high,1.0,6.0
16314,230047,1,2,5,2,50,2,1,1,23,1,low,0.5,1.0
16315,230048,1,1,5,0,45,1,1,1,23,1,high,1.0,6.0
16316,230049,1,1,5,0,45,2,1,1,23,1,high,1.0,24.0
16317,230050,1,2,5,0,65,2,1,1,23,0,low,0.5,9.0
16318,230051,1,2,5,2,50,3,1,1,23,0,low,0.5,6.0
16319,230052,1,1,5,0,65,4,1,1,23,0,high,1.0,36.0
16320,230053,1,1,5,0,45,1,1,1,23,1,high,1.0,6.0
16321,230054,1,1,5,0,50,1,1,1,23,0,high,1.0,53.0
16322,230055,2,3,6,0,35,2,1,1,23,1,high,0.6666666666666666,8.0
16323,230057,1,1,6,0,50,5,1,1,23,1,high,1.0,19.0
16324,230058,1,1,6,0,35,3,1,1,23,0,high,1.0,66.0
16325,230059,1,1,6,0,55,2,1,1,23,1,high,1.0,7.0
16326,230060,1,1,6,0,55,5,1,1,23,1,high,1.0,6.0
16327,230061,1,2,6,0,30,3,1,1,23,0,low,0.5,5.0
16328,230062,1,4,6,0,55,2,1,1,23,0,low,0.25,19.0
16329,230063,1,1,6,0,35,2,1,1,23,1,high,1.0,5.0
16330,230064,2,3,6,0,65,1,1,1,23,0,high,0.6666666666666666,9.0
16331,230065,2,3,6,4,35,1,1,1,23,0,high,0.6666666666666666,8.0
16332,230066,1,2,6,0,55,2,1,1,23,1,low,0.5,9.0
16333,230067,1,1,6,0,0,2,1,1,23,1,high,1.0,18.0
16334,230068,2,3,6,0,65,2,1,1,23,1,high,0.6666666666666666,11.0
16335,230069,1,2,6,5,45,1,1,1,23,0,low,0.5,27.0
16336,230070,1,5,6,2,50,1,1,1,23,0,low,0.2,16.0
16337,230071,1,1,6,0,65,1,1,1,23,0,high,1.0,13.0
16338,230072,1,1,6,0,55,1,1,1,23,0,high,1.0,5.0
16339,230073,1,1,7,1,55,1,1,1,23,0,high,1.0,5.0
16340,230074,1,4,7,0,50,2,1,1,23,1,low,0.25,15.0
16341,230075,1,4,7,2,55,2,2,2,23,2,low,0.25,1.0
16342,230076,1,1,7,0,30,2,1,1,23,1,high,1.0,38.0
16343,230077,1,1,5,0,0,1,1,1,23,0,high,1.0,10.0
16344,230078,1,1,7,0,45,1,2,2,23,1,high,1.0,47.0
16345,230079,1,2,7,2,45,1,1,1,23,1,low,0.5,7.0
16346,230080,1,2,7,0,25,2,1,1,23,0,low,0.5,9.0
16347,230081,1,2,7,0,35,1,1,1,23,1,low,0.5,13.0
16348,230082,1,1,7,0,55,1,1,1,23,0,high,1.0,6.0
16349,230083,1,2,7,2,55,1,1,1,23,0,low,0.5,1.0
16350,230084,1,4,7,2,45,1,1,1,23,1,low,0.25,0.0
16351,230085,1,1,7,0,0,2,1,1,23,1,high,1.0,11.0
16352,230086,2,4,7,1,50,2,1,1,23,2,low,0.5,6.0
16353,230087,1,1,7,0,25,3,1,1,23,1,high,1.0,6.0
16354,230088,1,2,7,2,45,1,1,1,23,0,low,0.5,11.0
16355,230089,1,1,7,0,0,1,1,1,23,1,high,1.0,7.0
16356,230090,1,1,7,0,0,1,1,1,23,0,high,1.0,16.0
16357,230091,1,2,7,0,0,2,1,1,23,0,low,0.5,19.0
16358,230092,1,13,8,0,65,1,1,1,23,0,low,0.07692307692307693,2.0
16359,230093,1,1,7,0,40,1,1,1,23,0,high,1.0,16.0
16360,230094,1,2,8,3,25,1,1,1,23,0,low,0.5,13.0
16361,230095,1,1,8,0,0,5,1,1,23,1,high,1.0,14.0
16362,230096,1,2,8,4,0,1,1,1,23,0,low,0.5,10.0
16363,230097,1,2,8,2,45,1,1,1,23,0,low,0.5,10.0
16364,230098,1,2,8,4,50,1,1,1,23,0,low,0.5,16.0
16365,230099,1,1,8,0,30,1,1,1,23,0,high,1.0,24.0
16366,230100,1,5,8,2,50,1,1,1,23,0,low,0.2,16.0
16367,230101,1,2,8,2,35,1,1,1,23,0,low,0.5,11.0
16368,230102,1,5,8,1,45,1,1,1,23,0,low,0.2,6.0
16369,230103,1,1,8,0,40,3,1,1,23,1,high,1.0,50.0
16370,230104,2,6,8,2,55,2,1,1,23,0,low,0.3333333333333333,9.0
16371,230105,1,2,8,0,35,1,1,1,23,1,low,0.5,10.0
16372,230106,1,3,8,1,40,1,1,1,23,0,low,0.3333333333333333,7.0
16373,230107,1,1,8,0,45,1,1,1,23,0,high,1.0,9.0
16374,230108,1,2,9,0,25,3,1,1,23,1,low,0.5,4.0
16375,230109,1,1,9,0,35,5,1,1,23,0,high,1.0,10.0
16376,230110,1,1,9,0,35,3,1,1,23,1,high,1.0,1.0
16377,230111,1,2,9,2,45,1,1,1,23,0,low,0.5,6.0
16378,230112,1,1,9,0,45,1,1,1,23,0,high,1.0,30.0
16379,230113,1,3,9,4,40,1,1,1,23,0,low,0.3333333333333333,27.0
16380,230114,1,2,9,0,30,3,1,1,23,0,low,0.5,8.0
16381,230115,1,1,9,0,0,3,1,1,23,1,high,1.0,14.0
16382,230116,1,2,9,0,50,4,1,1,23,0,low,0.5,14.0
16383,230117,1,1,8,0,45,1,1,1,23,0,high,1.0,3.0
16384,230118,2,2,9,0,0,2,1,1,23,1,high,1.0,9.0
16385,230119,1,1,9,0,0,2,1,1,23,1,high,1.0,6.0
16386,230120,1,3,9,2,50,1,1,1,23,0,low,0.3333333333333333,15.0
16387,230121,1,1,9,0,55,1,1,1,23,0,high,1.0,3.0
16388,230122,1,2,9,0,30,1,1,1,23,0,low,0.5,11.0
16389,230123,1,2,9,0,65,5,1,1,23,0,low,0.5,12.0
16390,230124,1,2,8,3,40,1,1,1,23,0,low,0.5,5.0
16391,230125,1,3,10,4,55,1,1,1,23,0,low,0.3333333333333333,22.0
16392,230126,1,2,10,0,65,1,1,1,23,0,low,0.5,14.0
16393,230127,1,3,10,3,25,3,1,1,23,0,low,0.3333333333333333,15.0
16394,230128,1,2,10,3,35,1,1,1,23,1,low,0.5,7.0
16395,230129,1,3,10,3,55,1,1,1,23,0,low,0.3333333333333333,11.0
16396,230130,1,3,10,0,55,2,1,1,23,1,low,0.3333333333333333,32.0
16397,230131,1,2,10,0,25,1,1,1,23,1,low,0.5,5.0
16398,230132,1,1,10,0,50,1,1,1,23,0,high,1.0,7.0
16399,230133,1,3,10,4,45,5,1,1,23,0,low,0.3333333333333333,8.0
16400,230134,1,1,10,0,25,3,2,2,23,1,high,1.0,5.0
16401,230135,1,1,10,0,45,3,1,1,23,1,high,1.0,18.0
16402,230136,1,2,10,0,25,1,1,1,23,0,low,0.5,5.0
16403,230137,1,1,10,0,55,1,1,1,23,0,high,1.0,5.0
16404,230138,1,1,10,0,45,2,1,2,23,1,high,1.0,6.0
16405,230139,1,3,10,4,45,1,1,1,23,1,low,0.3333333333333333,16.0
16406,230140,1,2,10,1,55,1,1,1,23,0,low,0.5,8.0
16407,230141,1,2,11,2,50,1,1,1,23,0,low,0.5,20.0
16408,230142,1,1,11,0,50,2,1,1,23,0,high,1.0,13.0
16409,230143,1,6,11,2,50,1,1,1,23,0,low,0.16666666666666666,9.0
16410,230144,1,3,11,0,30,2,1,1,23,0,low,0.3333333333333333,37.0
16411,230145,1,3,11,4,45,1,1,1,23,0,low,0.3333333333333333,14.0
16412,230146,1,3,11,0,25,2,1,1,23,0,low,0.3333333333333333,709.0
16413,230147,1,1,11,0,40,1,1,1,23,1,high,1.0,9.0
16414,230148,1,1,11,0,45,3,1,1,23,1,high,1.0,16.0
16415,230149,1,3,11,0,40,2,1,1,23,1,low,0.3333333333333333,2.0
16416,230150,1,1,11,0,55,1,1,1,23,1,high,1.0,13.0
16417,230151,1,1,11,0,45,2,4,2,23,1,high,1.0,8.0
16418,230152,1,1,11,0,50,2,1,1,23,0,high,1.0,7.0
16419,230153,1,1,11,0,50,2,1,1,23,0,high,1.0,14.0
16420,230154,1,2,11,0,35,1,3,4,23,0,low,0.5,35.0
16421,230155,1,2,11,0,45,2,2,2,23,1,low,0.5,24.0
16422,230156,1,1,11,0,50,2,1,2,23,1,high,1.0,680.0
16423,230157,2,3,11,9,50,4,4,3,23,0,high,0.6666666666666666,10.0
16424,230158,1,2,11,1,45,1,1,1,23,0,low,0.5,22.0
16425,230159,1,1,12,0,30,1,4,3,23,0,high,1.0,51.0
16426,230160,1,1,11,0,40,1,1,1,23,0,high,1.0,21.0
16427,230161,1,2,12,0,25,2,1,4,23,1,low,0.5,7.0
16428,230162,1,4,12,0,35,5,1,1,23,0,low,0.25,12.0
16429,230163,1,4,12,2,55,1,1,1,23,1,low,0.25,7.0
16430,230164,1,3,12,0,55,1,1,1,23,1,low,0.3333333333333333,7.0
16431,230165,1,4,12,0,55,2,1,2,23,0,low,0.25,14.0
16432,230166,1,2,12,0,65,2,1,1,23,0,low,0.5,4.0
16433,230167,2,4,12,0,45,2,1,1,23,2,low,0.5,10.0
16434,230169,1,2,12,2,45,2,4,3,23,0,low,0.5,2.0
16435,230170,1,2,12,4,40,1,2,3,23,0,low,0.5,8.0
16436,230171,1,1,8,0,55,1,1,1,23,0,high,1.0,8.0
16437,230566,2,5,6,4,55,1,1,1,23,0,low,0.4,5.0
16438,240001,2,3,1,0,40,2,2,2,24,2,high,0.6666666666666666,5.0
16439,240002,1,1,1,0,25,1,1,2,24,1,high,1.0,54.0
16440,240003,1,3,1,0,65,2,2,2,24,0,low,0.3333333333333333,14.0
16441,240004,1,2,1,0,40,2,1,2,24,1,low,0.5,4.0
16442,240005,1,5,1,7,50,1,1,1,24,0,low,0.2,8.0
16443,240006,1,1,1,0,55,2,1,1,24,1,high,1.0,10.0
16444,240007,2,4,1,4,50,2,1,1,24,2,low,0.5,8.0
16445,240008,1,2,1,2,45,5,1,1,24,0,low,0.5,1.0
16446,240009,1,2,1,0,40,2,2,2,24,0,low,0.5,14.0
16447,240010,1,1,1,0,55,2,1,1,24,0,high,1.0,7.0
16448,240011,1,1,1,0,40,3,1,1,24,1,high,1.0,22.0