,ST_CASE,FATALS,PERSONS,MONTH,MAN_COLL,SP_LIMIT,LGT_COND,WEATHER,SUR_COND,STATE,DRUNK_DR,rate,rate_numerical,arrival_time
16449,240012,1,1,1,0,55,1,1,1,24,0,high,1.0,2.0
16450,240013,1,1,1,0,35,1,2,2,24,0,high,1.0,4.0
16451,240014,2,2,1,2,55,3,1,1,24,2,high,1.0,19.0
16452,240015,1,1,1,0,55,2,1,1,24,1,high,1.0,6.0
16453,240016,1,2,1,2,50,1,1,1,24,0,low,0.5,21.0
16454,240017,1,1,1,0,55,2,1,1,24,0,high,1.0,21.0
16455,240018,1,2,1,0,45,3,5,2,24,0,low,0.5,45.0
16456,240019,1,1,1,0,40,1,1,2,24,0,high,1.0,13.0
16457,240020,1,1,1,0,40,2,1,1,24,1,high,1.0,20.0
16458,240021,1,2,2,0,30,3,4,2,24,1,low,0.5,5.0
16459,240022,1,1,2,0,20,2,1,1,24,0,high,1.0,11.0
16460,240023,1,2,2,0,35,1,1,2,24,1,low,0.5,431.0
16461,240024,1,2,2,0,50,1,1,1,24,0,low,0.5,1025.0
16462,240025,3,3,1,4,35,3,1,1,24,1,high,1.0,20.0
16463,240026,1,1,2,0,55,3,1,1,24,1,high,1.0,10.0
16464,240027,2,2,2,0,35,2,1,1,24,1,high,1.0,14.0
16465,240028,1,1,2,0,55,1,1,1,24,0,high,1.0,40.0
16466,240029,1,1,2,0,55,2,1,1,24,1,high,1.0,64.0
16467,240030,1,1,2,0,40,3,3,4,24,1,high,1.0,5.0
16468,240031,1,2,2,0,50,1,1,1,24,0,low,0.5,41.0
16469,240032,1,4,2,5,50,1,1,1,24,0,low,0.25,9.0
16470,240033,1,2,2,5,25,1,1,1,24,1,low,0.5,5.0
16471,240034,1,2,2,2,55,2,1,1,24,0,low,0.5,12.0
16472,240035,1,5,2,2,40,1,1,1,24,1,low,0.2,34.0
16473,240036,1,1,2,0,30,3,1,1,24,1,high,1.0,7.0
16474,240037,1,2,2,0,45,3,1,1,24,1,low,0.5,17.0
16475,240038,1,2,2,2,30,1,1,1,24,0,low,0.5,9.0
16476,240039,1,1,2,0,50,2,6,2,24,0,high,1.0,7.0
16477,240040,1,1,2,0,65,2,1,1,24,1,high,1.0,15.0
16478,240041,1,2,2,5,40,3,1,1,24,1,low,0.5,61.0
16479,240042,1,2,1,4,50,3,1,1,24,0,low,0.5,3.0
16480,240043,1,2,2,0,35,5,1,1,24,0,low,0.5,15.0
16481,240044,1,2,3,0,50,4,2,2,24,0,low,0.5,14.0
16482,240045,1,2,3,0,45,1,1,1,24,0,low,0.5,100.0
16483,240046,1,3,3,4,55,3,1,1,24,0,low,0.3333333333333333,35.0
16484,240047,1,2,1,0,30,3,4,4,24,1,low,0.5,11.0
16485,240048,1,3,2,5,45,3,1,1,24,1,low,0.3333333333333333,7.0
16486,240049,1,2,1,2,25,1,1,2,24,0,low,0.5,20.0
16487,240050,1,2,1,0,45,3,1,1,24,1,low,0.5,14.0
16488,240051,1,2,1,0,35,2,1,1,24,1,low,0.5,15.0
16489,240052,1,4,1,4,40,3,1,1,24,0,low,0.25,24.0
16490,240053,1,1,2,0,40,1,1,1,24,1,high,1.0,16.0
16491,240054,1,1,2,0,55,1,1,1,24,0,high,1.0,8.0
16492,240055,1,2,1,0,35,2,1,1,24,1,low,0.5,10.0
16493,240056,1,2,3,0,40,3,2,2,24,1,low,0.5,66.0
16494,240057,1,5,3,4,55,1,1,1,24,1,low,0.2,20.0
16495,240058,2,2,3,2,65,1,1,1,24,0,high,1.0,7.0
16496,240059,1,2,3,5,40,1,1,1,24,0,low,0.5,21.0
16497,240060,2,3,3,2,40,1,1,1,24,1,high,0.6666666666666666,4.0
16498,240061,1,2,3,0,40,3,1,1,24,0,low,0.5,30.0
16499,240062,1,5,1,3,55,2,1,1,24,0,low,0.2,8.0
16500,240063,1,1,2,0,35,1,1,1,24,0,high,1.0,30.0
16501,240064,1,3,3,0,65,1,1,1,24,0,low,0.3333333333333333,16.0
16502,240065,1,4,3,7,30,1,4,3,24,0,low,0.25,36.0
16503,240066,2,3,3,3,50,2,1,4,24,1,high,0.6666666666666666,36.0
16504,240067,1,3,3,1,55,1,1,1,24,0,low,0.3333333333333333,20.0
16505,240068,1,2,3,2,55,1,4,3,24,0,low,0.5,45.0
16506,240069,1,2,3,2,30,1,1,1,24,0,low,0.5,45.0
16507,240070,1,4,3,2,45,3,1,1,24,0,low,0.25,29.0
16508,240071,1,2,3,0,40,2,1,1,24,2,low,0.5,117.0
16509,240072,1,2,3,0,30,1,1,1,24,1,low,0.5,90.0
16510,240073,1,2,3,5,35,1,1,1,24,0,low,0.5,30.0
16511,240074,1,2,3,4,50,3,1,1,24,1,low,0.5,17.0
16512,240075,1,3,3,5,25,1,1,1,24,0,low,0.3333333333333333,40.0
16513,240076,1,1,3,0,50,2,1,1,24,1,high,1.0,33.0
16514,240077,1,2,3,0,50,1,4,4,24,0,low,0.5,15.0
16515,240078,1,1,3,0,65,1,1,1,24,0,high,1.0,0.0
16516,240079,1,3,3,0,50,2,1,1,24,2,low,0.3333333333333333,5.0
16517,240080,1,4,3,1,55,2,1,1,24,0,low,0.25,7.0
16518,240081,1,2,3,0,55,3,1,1,24,0,low,0.5,230.0
16519,240082,1,4,3,0,30,3,2,2,24,0,low,0.25,8.0
16520,240083,1,5,3,5,30,2,1,1,24,0,low,0.2,15.0
16521,240084,1,3,3,0,30,3,5,1,24,1,low,0.3333333333333333,20.0
16522,240085,1,2,3,5,50,1,1,1,24,0,low,0.5,24.0
16523,240086,1,2,3,2,40,1,1,1,24,0,low,0.5,26.0
16524,240087,1,1,1,0,35,1,1,1,24,0,high,1.0,15.0
16525,240088,1,1,3,0,40,1,1,1,24,0,high,1.0,26.0
16526,240089,1,1,3,0,40,1,1,1,24,1,high,1.0,18.0
16527,240090,1,2,3,0,55,3,1,1,24,0,low,0.5,7.0
16528,240091,1,3,3,3,50,1,1,1,24,0,low,0.3333333333333333,12.0
16529,240092,1,7,3,0,50,1,1,1,24,0,low,0.14285714285714285,5.0
16530,240093,1,1,3,0,35,2,1,1,24,1,high,1.0,58.0
16531,240094,1,1,3,0,50,3,1,1,24,0,high,1.0,14.0
16532,240095,1,2,3,0,30,1,1,1,24,0,low,0.5,17.0
16533,240096,1,1,3,0,50,1,1,2,24,0,high,1.0,6.0
16534,240097,1,4,4,2,40,1,1,1,24,0,low,0.25,3.0
16535,240098,1,2,4,0,50,4,5,1,24,0,low,0.5,20.0
16536,240099,1,2,4,0,45,1,1,1,24,0,low,0.5,15.0
16537,240100,2,2,4,0,65,1,1,1,24,0,high,1.0,16.0
16538,240101,1,2,4,0,35,1,1,1,24,0,low,0.5,12.0
16539,240102,1,2,4,2,40,3,4,2,24,1,low,0.5,12.0
16540,240103,1,1,4,0,50,2,1,1,24,1,high,1.0,7.0
16541,240104,1,2,4,3,50,1,4,3,24,0,low,0.5,10.0
16542,240105,1,5,4,9,35,1,1,2,24,0,low,0.2,5.0
16543,240106,1,2,4,0,40,3,1,1,24,0,low,0.5,30.0
16544,240107,1,4,4,11,40,1,4,2,24,0,low,0.25,24.0
16545,240108,1,3,4,2,50,1,1,1,24,0,low,0.3333333333333333,25.0
16546,240109,1,5,4,0,50,2,1,1,24,0,low,0.2,7.0
16547,240110,1,1,4,1,55,3,1,1,24,0,high,1.0,16.0
16548,240111,1,1,4,0,55,1,1,1,24,0,high,1.0,5.0
16549,240112,1,1,4,0,55,1,1,1,24,0,high,1.0,24.0
16550,240113,1,2,4,0,40,1,1,2,24,0,low,0.5,55.0
16551,240114,1,2,4,1,55,3,1,1,24,1,low,0.5,8.0
16552,240115,2,2,4,0,65,1,1,1,24,0,high,1.0,9.0
16553,240116,1,2,4,0,50,3,1,1,24,0,low,0.5,12.0
16554,240117,1,4,4,7,55,1,1,1,24,0,low,0.25,11.0
16555,240118,1,1,4,0,40,3,1,1,24,0,high,1.0,45.0
16556,240119,1,4,4,0,40,2,1,1,24,1,low,0.25,29.0
16557,240120,2,2,4,0,40,2,1,1,24,2,high,1.0,40.0
16558,240121,1,3,4,1,55,1,1,2,24,0,low,0.3333333333333333,26.0
16559,240122,1,1,4,0,35,2,1,1,24,1,high,1.0,0.0
16560,240123,1,3,4,0,35,3,2,2,24,1,low,0.3333333333333333,35.0
16561,240124,1,1,4,0,35,1,1,1,24,0,high,1.0,5.0
16562,240125,1,2,4,0,30,3,1,1,24,0,low,0.5,25.0
16563,240126,1,1,1,0,40,1,1,2,24,0,high,1.0,37.0
16564,240127,1,2,3,0,35,3,2,2,24,0,low,0.5,50.0
16565,240128,1,1,3,0,50,1,1,1,24,1,high,1.0,10.0
16566,240129,1,4,3,0,35,3,1,2,24,1,low,0.25,58.0
16567,240130,1,4,4,2,45,1,1,1,24,0,low,0.25,17.0
16568,240131,1,1,4,0,50,2,1,1,24,0,high,1.0,12.0
16569,240132,1,3,4,5,45,1,1,1,24,0,low,0.3333333333333333,23.0
16570,240133,1,2,4,0,99,3,1,1,24,0,low,0.5,9.0
16571,240134,1,4,4,2,40,3,1,1,24,1,low,0.25,17.0
16572,240135,1,3,4,1,40,3,1,1,24,1,low,0.3333333333333333,14.0
16573,240136,2,2,2,2,55,1,1,1,24,0,high,1.0,1004.0
16574,240137,1,2,4,0,50,1,1,1,24,0,low,0.5,12.0
16575,240138,1,2,5,5,45,1,2,2,24,0,low,0.5,13.0
16576,240139,1,1,5,0,30,2,1,1,24,1,high,1.0,12.0
16577,240140,1,1,5,0,45,1,1,1,24,0,high,1.0,5.0
16578,240141,1,2,5,0,55,2,1,1,24,1,low,0.5,25.0
16579,240142,1,2,5,0,25,3,1,1,24,1,low,0.5,5.0
16580,240143,1,5,5,5,45,3,1,1,24,3,low,0.2,14.0
16581,240144,2,2,5,2,55,1,1,1,24,0,high,1.0,12.0
16582,240145,1,5,5,4,35,2,1,1,24,1,low,0.2,4.0
16583,240146,1,1,5,0,30,3,2,2,24,1,high,1.0,16.0
16584,240147,1,4,5,2,50,1,2,2,24,0,low,0.25,13.0
16585,240148,1,1,5,1,50,1,1,1,24,1,high,1.0,20.0
16586,240149,1,2,5,1,55,1,1,1,24,0,low,0.5,14.0
16587,240150,1,1,5,0,50,2,1,1,24,1,high,1.0,13.0
16588,240151,1,1,5,0,30,2,1,1,24,1,high,1.0,6.0
16589,240152,1,6,2,2,35,3,1,1,24,1,low,0.16666666666666666,22.0
16590,240153,1,2,5,2,35,3,1,1,24,0,low,0.5,20.0
16591,240154,1,2,5,0,35,2,1,1,24,1,low,0.5,15.0
16592,240155,1,1,5,0,55,1,1,1,24,0,high,1.0,4.0
16593,240156,1,2,5,0,35,1,1,1,24,0,low,0.5,6.0
16594,240157,1,4,6,5,55,1,1,1,24,0,low,0.25,9.0
16595,240158,1,2,5,1,55,3,1,1,24,1,low,0.5,13.0
16596,240159,1,7,3,0,25,1,1,1,24,0,low,0.14285714285714285,57.0
16597,240160,1,2,4,5,25,1,1,1,24,0,low,0.5,2.0
16598,240161,1,3,5,4,45,1,1,1,24,0,low,0.3333333333333333,14.0
16599,240162,1,1,5,0,35,2,1,1,24,1,high,1.0,5.0
16600,240163,1,3,5,1,45,2,1,1,24,0,low,0.3333333333333333,34.0
16601,240164,1,1,5,0,99,1,2,2,24,1,high,1.0,26.0
16602,240165,1,2,5,0,50,1,1,1,24,0,low,0.5,9.0
16603,240166,1,3,5,0,40,3,2,2,24,2,low,0.3333333333333333,0.0
16604,240167,1,2,5,4,40,2,1,1,24,0,low,0.5,22.0
16605,240168,1,1,5,0,40,1,1,1,24,1,high,1.0,7.0
16606,240169,1,2,6,1,30,3,1,1,24,0,low,0.5,9.0
16607,240170,1,3,5,0,35,3,1,1,24,1,low,0.3333333333333333,18.0
16608,240171,1,3,5,0,35,3,1,1,24,1,low,0.3333333333333333,29.0
16609,240172,1,2,5,0,30,3,1,2,24,1,low,0.5,23.0
16610,240173,1,3,5,4,30,1,1,1,24,0,low,0.3333333333333333,9.0
16611,240174,1,2,6,1,50,1,1,1,24,0,low,0.5,48.0
16612,240175,1,3,6,5,30,1,1,1,24,0,low,0.3333333333333333,13.0
16613,240176,1,1,6,0,30,1,1,1,24,1,high,1.0,40.0
16614,240177,2,5,6,3,55,1,1,1,24,0,low,0.4,26.0
16615,240178,1,4,6,1,65,1,1,1,24,1,low,0.25,55.0
16616,240179,1,3,6,2,35,1,1,1,24,1,low,0.3333333333333333,7.0
16617,240180,1,2,6,0,65,1,1,1,24,0,low,0.5,35.0
16618,240181,1,2,6,2,40,1,1,1,24,0,low,0.5,43.0
16619,240182,1,2,6,5,45,1,1,1,24,0,low,0.5,37.0
16620,240183,1,3,6,2,40,3,1,1,24,1,low,0.3333333333333333,4.0
16621,240184,1,4,6,0,50,3,1,1,24,0,low,0.25,15.0
16622,240185,1,2,6,0,50,1,1,1,24,0,low,0.5,3.0
16623,240186,1,1,6,0,35,1,1,1,24,0,high,1.0,21.0
16624,240187,1,4,6,99,65,2,1,1,24,0,low,0.25,4.0
16625,240188,1,3,6,0,35,3,1,1,24,1,low,0.3333333333333333,30.0
16626,240189,1,2,5,2,40,1,1,1,24,0,low,0.5,20.0
16627,240190,1,2,5,0,55,1,1,1,24,0,low,0.5,5.0
16628,240191,1,5,5,0,30,3,1,1,24,0,low,0.2,31.0
16629,240192,1,1,5,0,55,2,1,1,24,1,high,1.0,4.0
16630,240193,1,2,5,5,45,3,1,1,24,1,low,0.5,101.0
16631,240194,1,2,6,3,55,5,1,1,24,0,low,0.5,15.0
16632,240195,1,4,6,1,55,1,1,1,24,0,low,0.25,28.0
16633,240196,1,1,6,0,25,3,1,1,24,1,high,1.0,5.0
16634,240197,1,3,6,2,55,2,1,1,24,2,low,0.3333333333333333,50.0
16635,240198,1,1,6,0,55,1,1,1,24,0,high,1.0,8.0
16636,240199,1,3,6,1,55,3,1,1,24,0,low,0.3333333333333333,42.0
16637,240200,1,3,6,0,55,1,1,1,24,0,low,0.3333333333333333,26.0
16638,240201,1,1,6,0,40,5,1,1,24,1,high,1.0,26.0
16639,240202,1,5,6,2,50,1,1,1,24,1,low,0.2,16.0
16640,240203,1,3,6,5,25,1,1,1,24,0,low,0.3333333333333333,41.0
16641,240204,1,2,6,0,25,2,1,1,24,2,low,0.5,16.0
16642,240205,1,1,6,0,50,1,1,1,24,1,high,1.0,3.0
16643,240206,1,3,6,5,55,1,1,1,24,0,low,0.3333333333333333,5.0
16644,240207,1,3,6,4,40,1,1,1,24,0,low,0.3333333333333333,30.0
16645,240208,1,2,4,2,30,1,1,1,24,0,low,0.5,13.0
16646,240209,1,5,5,0,25,3,1,1,24,0,low,0.2,4.0
16647,240210,1,1,6,0,30,1,1,1,24,1,high,1.0,6.0
16648,240211,1,2,6,2,40,1,1,1,24,0,low,0.5,5.0
16649,240212,1,3,3,1,30,1,3,2,24,0,low,0.3333333333333333,35.0
16650,240213,1,3,5,0,35,3,1,1,24,0,low,0.3333333333333333,20.0
16651,240214,1,2,6,0,40,2,1,2,24,0,low,0.5,27.0
16652,240215,1,1,6,0,55,4,1,1,24,1,high,1.0,50.0
16653,240216,1,6,6,0,35,3,1,1,24,3,low,0.16666666666666666,25.0
16654,240217,1,2,6,0,40,5,1,1,24,1,low,0.5,16.0
16655,240218,1,1,5,0,35,3,1,1,24,1,high,1.0,13.0
16656,240219,1,3,5,5,50,3,1,1,24,3,low,0.3333333333333333,33.0
16657,240220,1,1,4,0,55,2,1,1,24,1,high,1.0,16.0
16658,240221,1,3,7,3,50,1,1,1,24,0,low,0.3333333333333333,37.0
16659,240222,1,1,7,0,40,1,1,1,24,0,high,1.0,4.0
16660,240223,1,1,7,0,55,1,1,1,24,1,high,1.0,16.0
16661,240224,1,4,7,2,35,2,1,1,24,2,low,0.25,12.0
16662,240225,1,1,7,0,35,2,1,1,24,0,high,1.0,2.0
16663,240226,1,1,7,0,45,2,1,1,24,0,high,1.0,13.0
16664,240227,2,5,7,0,55,1,2,2,24,2,low,0.4,11.0
16665,240228,1,2,7,5,30,4,1,1,24,1,low,0.5,12.0
16666,240229,1,1,7,0,40,5,1,1,24,0,high,1.0,4.0
16667,240230,1,4,7,0,65,1,1,1,24,0,low,0.25,16.0
16668,240231,1,2,7,1,50,1,1,1,24,1,low,0.5,30.0
16669,240232,1,2,7,0,99,1,1,1,24,0,low,0.5,35.0
16670,240233,1,1,7,0,35,2,1,2,24,1,high,1.0,2.0
16671,240234,1,4,7,9,55,1,1,2,24,0,low,0.25,3.0
16672,240235,1,2,7,2,50,1,1,1,24,0,low,0.5,25.0
16673,240236,1,2,7,5,30,1,1,1,24,0,low,0.5,20.0
16674,240237,1,1,7,0,55,3,1,1,24,0,high,1.0,12.0
16675,240238,1,3,7,0,50,3,1,1,24,0,low,0.3333333333333333,6.0
16676,240239,1,3,7,0,30,1,1,2,24,0,low,0.3333333333333333,2.0
16677,240240,1,2,7,0,50,1,1,1,24,0,low,0.5,18.0
16678,240241,1,1,7,0,55,4,1,1,24,1,high,1.0,20.0
16679,240242,1,1,7,0,50,1,1,1,24,0,high,1.0,7.0
16680,240243,1,2,7,1,50,3,1,1,24,0,low,0.5,5.0
16681,240244,1,3,7,0,35,3,1,1,24,1,low,0.3333333333333333,20.0
16682,240245,1,2,7,2,50,2,1,1,24,0,low,0.5,8.0
16683,240246,1,2,7,4,99,2,1,1,24,0,low,0.5,31.0
16684,240247,2,4,1,1,50,3,1,1,24,2,low,0.5,5.0
16685,240248,2,4,7,0,50,2,1,2,24,0,low,0.5,22.0
16686,240249,1,1,7,0,30,2,1,1,24,0,high,1.0,47.0
16687,240250,1,3,7,2,50,1,1,1,24,1,low,0.3333333333333333,11.0
16688,240251,1,2,7,5,50,3,1,1,24,0,low,0.5,46.0
16689,240252,1,1,7,0,40,3,1,1,24,1,high,1.0,44.0
16690,240253,1,1,5,0,50,2,1,1,24,1,high,1.0,11.0
16691,240254,1,1,5,0,99,1,1,1,24,1,high,1.0,6.0
16692,240255,1,3,6,5,35,3,1,1,24,0,low,0.3333333333333333,42.0
16693,240256,2,4,6,0,25,3,1,1,24,0,low,0.5,14.0
16694,240257,1,3,6,0,30,2,1,1,24,2,low,0.3333333333333333,44.0
16695,240258,1,1,6,0,40,3,1,1,24,0,high,1.0,9.0
16696,240259,2,2,7,2,50,1,1,1,24,1,high,1.0,20.0
16697,240260,1,1,7,0,50,1,1,1,24,1,high,1.0,1.0
16698,240261,1,4,7,2,40,3,1,1,24,1,low,0.25,29.0
16699,240262,1,8,5,1,45,3,1,1,24,2,low,0.125,13.0
16700,240263,1,2,2,0,55,2,1,1,24,2,low,0.5,47.0
16701,240264,1,1,3,0,55,2,1,1,24,1,high,1.0,18.0
16702,240265,1,1,3,0,55,1,1,1,24,0,high,1.0,50.0
16703,240266,1,2,3,0,40,2,1,1,24,0,low,0.5,11.0
16704,240267,1,2,5,5,35,1,1,1,24,0,low,0.5,17.0
16705,240268,1,1,5,0,20,1,1,1,24,0,high,1.0,73.0
16706,240269,1,3,6,0,65,1,1,1,24,1,low,0.3333333333333333,9.0
16707,240270,1,3,6,2,50,2,1,1,24,0,low,0.3333333333333333,16.0
16708,240271,1,6,7,0,35,4,1,1,24,1,low,0.16666666666666666,27.0
16709,240272,2,4,7,0,55,3,1,1,24,2,low,0.5,10.0
16710,240273,1,1,7,0,55,1,1,1,24,0,high,1.0,0.0
16711,240274,1,2,7,2,50,2,1,1,24,0,low,0.5,10.0
16712,240275,1,2,7,0,30,3,1,1,24,2,low,0.5,3.0
16713,240276,1,1,7,0,35,3,1,1,24,1,high,1.0,54.0
16714,240277,1,2,7,0,35,3,2,2,24,1,low,0.5,4.0
16715,240278,1,2,7,0,35,2,1,1,24,0,low,0.5,15.0
16716,240279,1,4,8,0,45,2,1,1,24,0,low,0.25,0.0
16717,240280,1,2,8,1,55,3,1,1,24,0,low,0.5,15.0
16718,240281,1,1,8,0,50,3,1,1,24,1,high,1.0,11.0
16719,240282,1,2,8,0,25,2,1,8,24,0,low,0.5,49.0
16720,240283,1,5,8,2,35,1,1,1,24,0,low,0.2,84.0
16721,240284,1,2,8,4,55,3,1,1,24,1,low,0.5,30.0
16722,240285,1,2,8,1,55,3,1,1,24,1,low,0.5,9.0
16723,240286,1,2,5,0,30,1,1,1,24,0,low,0.5,18.0
16724,240287,1,4,5,2,50,3,1,1,24,0,low,0.25,7.0
16725,240288,1,2,7,3,55,1,1,2,24,0,low,0.5,4.0
16726,240289,1,3,7,3,35,1,2,2,24,0,low,0.3333333333333333,5.0
16727,240290,1,2,7,0,35,2,1,1,24,0,low,0.5,20.0
16728,240291,1,1,5,0,25,1,1,1,24,0,high,1.0,6.0
16729,240292,1,1,5,0,35,3,1,1,24,1,high,1.0,50.0
16730,240293,1,2,7,0,25,1,1,1,24,0,low,0.5,4.0
16731,240294,2,3,8,2,50,2,1,1,24,2,high,0.6666666666666666,14.0
16732,240295,1,2,8,1,30,1,1,1,24,0,low,0.5,42.0
16733,240296,2,3,8,0,50,2,1,1,24,2,high,0.6666666666666666,59.0
16734,240297,1,2,8,3,50,3,1,1,24,1,low,0.5,5.0
16735,240298,1,1,8,0,40,2,1,1,24,0,high,1.0,15.0
16736,240299,1,4,8,0,25,1,1,1,24,0,low,0.25,43.0
16737,240300,1,1,8,0,25,1,1,1,24,0,high,1.0,75.0
16738,240301,1,3,8,4,55,1,1,2,24,0,low,0.3333333333333333,7.0
16739,240302,1,2,8,0,55,4,1,1,24,0,low,0.5,18.0
16740,240303,1,1,8,0,35,4,1,1,24,0,high,1.0,6.0
16741,240304,1,2,8,2,40,1,1,1,24,0,low,0.5,27.0
16742,240305,2,6,8,0,50,1,1,1,24,0,low,0.3333333333333333,11.0
16743,240306,1,2,8,5,25,1,1,1,24,1,low,0.5,50.0
16744,240307,2,2,8,0,30,9,9,9,24,2,high,1.0,7.0
16745,240308,1,2,8,0,55,5,1,1,24,0,low,0.5,5.0
16746,240309,2,4,8,2,50,5,1,1,24,2,low,0.5,14.0
16747,240310,2,3,8,0,55,3,1,1,24,2,high,0.6666666666666666,46.0
16748,240311,2,2,8,0,35,1,1,1,24,0,high,1.0,16.0
16749,240312,1,2,8,0,40,1,1,1,24,1,low,0.5,50.0
16750,240313,1,2,8,0,30,3,1,2,24,2,low,0.5,15.0
16751,240314,2,2,8,0,40,1,1,1,24,0,high,1.0,84.0
16752,240315,2,8,8,1,50,1,1,1,24,0,low,0.25,55.0
16753,240318,1,2,8,2,45,3,1,1,24,1,low,0.5,45.0
16754,240319,1,2,8,0,55,1,1,1,24,0,low,0.5,8.0
16755,240320,1,2,8,0,50,2,1,1,24,1,low,0.5,21.0
16756,240321,1,1,9,0,25,1,1,8,24,0,high,1.0,6.0
16757,240322,2,2,9,0,55,1,1,1,24,1,high,1.0,45.0
16758,240323,1,3,9,0,55,2,1,1,24,1,low,0.3333333333333333,28.0
16759,240324,1,2,9,2,50,1,1,1,24,0,low,0.5,7.0
16760,240325,2,3,9,0,35,1,1,1,24,0,high,0.6666666666666666,40.0
16761,240326,1,2,9,0,40,1,1,1,24,0,low,0.5,30.0
16762,240327,1,1,9,0,25,3,1,1,24,1,high,1.0,25.0
16763,240328,1,1,9,0,35,3,1,1,24,1,high,1.0,44.0
16764,240329,1,6,9,0,35,3,1,1,24,0,low,0.16666666666666666,7.0
16765,240330,1,3,9,0,50,3,1,1,24,1,low,0.3333333333333333,10.0
16766,240331,1,2,9,0,50,2,1,1,24,1,low,0.5,10.0
16767,240332,2,2,9,0,50,1,1,1,24,1,high,1.0,19.0
16768,240333,1,1,9,0,30,2,1,1,24,1,high,1.0,30.0
16769,240334,1,2,9,0,55,3,1,1,24,0,low,0.5,19.0
16770,240335,1,4,1,4,40,1,1,1,24,1,low,0.25,0.0
16771,240336,1,1,6,0,40,2,1,1,24,1,high,1.0,35.0
16772,240337,2,3,7,1,35,1,1,1,24,2,high,0.6666666666666666,56.0
16773,240338,1,4,6,5,35,1,1,1,24,0,low,0.25,23.0
16774,240339,1,1,7,0,35,4,1,1,24,1,high,1.0,17.0
16775,240340,1,2,5,0,55,3,1,1,24,1,low,0.5,3.0
16776,240341,1,1,4,0,50,2,3,2,24,1,high,1.0,7.0
16777,240342,1,1,5,0,40,1,1,1,24,0,high,1.0,42.0
16778,240343,1,1,6,0,55,1,1,1,24,0,high,1.0,15.0
16779,240344,3,8,5,11,50,1,1,1,24,0,low,0.375,36.0
16780,240345,1,3,7,2,50,2,1,1,24,2,low,0.3333333333333333,23.0
16781,240346,1,6,7,5,30,3,1,1,24,0,low,0.16666666666666666,31.0
16782,240347,1,2,7,1,55,1,1,1,24,0,low,0.5,5.0
16783,240348,1,2,3,0,35,3,1,1,24,1,low,0.5,6.0
16784,240349,1,3,4,0,25,3,1,2,24,0,low,0.3333333333333333,10.0
16785,240350,1,2,3,1,30,1,1,1,24,0,low,0.5,11.0
16786,240351,1,1,5,0,40,5,1,1,24,1,high,1.0,5.0
16787,240352,1,3,8,1,25,1,1,1,24,0,low,0.3333333333333333,16.0
16788,240353,1,3,5,4,40,1,1,1,24,0,low,0.3333333333333333,35.0
16789,240354,2,18,5,1,55,1,1,1,24,2,low,0.1111111111111111,29.0
16790,240355,1,3,6,0,55,2,1,1,24,0,low,0.3333333333333333,45.0
16791,240356,1,3,6,11,40,1,1,2,24,0,low,0.3333333333333333,8.0
16792,240357,1,2,5,5,30,1,1,1,24,0,low,0.5,0.0
16793,240358,1,2,8,3,50,3,1,1,24,0,low,0.5,51.0
16794,240359,1,6,8,0,55,1,1,1,24,0,low,0.16666666666666666,4.0
16795,240360,1,1,8,0,55,3,1,1,24,1,high,1.0,17.0
16796,240361,1,1,8,0,25,1,1,1,24,0,high,1.0,5.0
16797,240362,1,8,8,2,50,1,1,1,24,0,low,0.125,5.0
16798,240363,1,2,8,2,50,2,1,1,24,0,low,0.5,13.0
16799,240364,1,2,8,0,50,1,1,1,24,0,low,0.5,15.0
16800,240365,1,2,8,0,50,2,1,1,24,1,low,0.5,35.0
16801,240366,1,2,8,4,35,1,2,2,24,0,low,0.5,45.0
16802,240367,1,4,9,0,35,2,1,1,24,1,low,0.25,18.0
16803,240368,1,1,9,0,40,1,1,1,24,1,high,1.0,6.0
16804,240369,1,2,9,3,25,1,1,1,24,0,low,0.5,22.0
16805,240370,1,2,9,1,30,2,1,1,24,1,low,0.5,4.0
16806,240371,1,1,9,0,50,2,1,1,24,1,high,1.0,15.0
16807,240372,1,2,9,2,30,1,1,1,24,0,low,0.5,7.0
16808,240373,1,2,9,3,55,1,1,1,24,0,low,0.5,54.0
16809,240374,1,6,9,1,40,1,1,1,24,0,low,0.16666666666666666,8.0
16810,240375,1,1,9,0,25,1,2,2,24,1,high,1.0,4.0
16811,240376,1,3,9,5,40,1,1,1,24,0,low,0.3333333333333333,41.0
16812,240377,1,3,9,2,50,1,1,1,24,0,low,0.3333333333333333,5.0
16813,240378,1,1,9,0,99,1,1,1,24,1,high,1.0,20.0
16814,240379,1,2,9,0,55,2,2,2,24,0,low,0.5,36.0
16815,240380,2,5,9,2,50,1,1,1,24,0,low,0.4,20.0
16816,240381,1,2,9,2,25,1,1,1,24,0,low,0.5,7.0
16817,240382,1,1,9,0,30,5,1,1,24,0,high,1.0,22.0
16818,240383,1,2,9,0,30,1,1,1,24,1,low,0.5,40.0
16819,240384,1,1,9,0,55,1,1,1,24,1,high,1.0,8.0
16820,240385,1,2,9,0,55,2,1,1,24,1,low,0.5,14.0
16821,240386,1,2,9,1,55,2,1,1,24,1,low,0.5,20.0
16822,240387,1,1,9,0,40,1,1,1,24,0,high,1.0,27.0
16823,240388,1,4,9,4,55,3,1,1,24,1,low,0.25,10.0