,ST_CASE,FATALS,PERSONS,MONTH,MAN_COLL,SP_LIMIT,LGT_COND,WEATHER,SUR_COND,STATE,DRUNK_DR,rate,rate_numerical,arrival_time
17935,260559,1,3,8,2,55,5,1,1,26,0,low,0.3333333333333333,12.0
17936,260560,1,2,9,0,70,3,1,1,26,1,low,0.5,10.0
17937,260561,1,1,9,0,55,1,1,1,26,1,high,1.0,59.0
17938,260562,1,2,9,8,55,1,1,1,26,0,low,0.5,18.0
17939,260563,1,4,9,5,35,1,1,1,26,0,low,0.25,30.0
17940,260564,1,1,9,0,55,1,1,9,26,0,high,1.0,24.0
17941,260565,1,3,3,8,55,1,1,1,26,0,low,0.3333333333333333,52.0
17942,260566,1,2,8,0,70,1,1,1,26,0,low,0.5,36.0
17943,260567,1,4,8,4,55,1,1,1,26,0,low,0.25,15.0
17944,260568,1,3,8,1,40,3,1,1,26,1,low,0.3333333333333333,6.0
17945,260569,1,3,8,4,40,1,1,1,26,0,low,0.3333333333333333,6.0
17946,260570,1,5,9,0,55,2,1,1,26,0,low,0.2,7.0
17947,260571,1,2,9,0,35,1,1,1,26,2,low,0.5,5.0
17948,260572,1,2,5,0,40,3,1,1,26,1,low,0.5,10.0
17949,260573,1,2,6,5,55,3,9,1,26,0,low,0.5,36.0
17950,260574,1,5,7,2,55,1,1,1,26,0,low,0.2,3.0
17951,260575,1,2,7,5,40,1,1,1,26,0,low,0.5,24.0
17952,260576,1,4,7,4,30,3,1,1,26,1,low,0.25,13.0
17953,260577,1,2,8,5,40,1,1,1,26,0,low,0.5,45.0
17954,260578,1,4,8,5,55,1,1,1,26,0,low,0.25,6.0
17955,260579,1,1,8,0,55,1,1,1,26,1,high,1.0,44.0
17956,260580,1,1,8,0,55,5,1,1,26,1,high,1.0,55.0
17957,260581,1,2,6,7,70,2,1,1,26,0,low,0.5,50.0
17958,260582,1,1,6,99,25,1,1,2,26,0,high,1.0,50.0
17959,260583,1,1,6,0,25,1,1,1,26,0,high,1.0,2.0
17960,260584,1,4,8,5,45,1,1,1,26,0,low,0.25,10.0
17961,260585,1,2,8,0,70,2,1,1,26,0,low,0.5,5.0
17962,260586,2,2,8,0,35,2,1,2,26,1,high,1.0,9.0
17963,260587,1,2,8,5,40,1,1,1,26,0,low,0.5,6.0
17964,260588,1,1,8,0,55,2,1,1,26,1,high,1.0,40.0
17965,260589,1,1,8,0,25,3,1,1,26,0,high,1.0,24.0
17966,260590,1,2,8,5,25,1,1,1,26,0,low,0.5,6.0
17967,260591,1,3,9,2,45,1,1,1,26,0,low,0.3333333333333333,0.0
17968,260593,1,3,9,0,70,1,1,1,26,0,low,0.3333333333333333,49.0
17969,260594,1,5,9,0,99,5,1,1,26,0,low,0.2,5.0
17970,260595,1,5,9,2,55,1,2,5,26,0,low,0.2,20.0
17971,260596,1,5,9,5,55,1,2,2,26,0,low,0.2,10.0
17972,260597,1,5,9,0,35,1,1,1,26,0,low,0.2,12.0
17973,260598,2,2,9,0,55,2,1,1,26,2,high,1.0,23.0
17974,260599,1,2,9,5,55,2,1,1,26,1,low,0.5,18.0
17975,260600,1,5,9,0,70,1,1,1,26,0,low,0.2,20.0
17976,260601,1,4,9,2,45,1,1,1,26,0,low,0.25,13.0
17977,260602,1,1,9,0,35,2,1,1,26,1,high,1.0,0.0
17978,260603,1,2,9,1,55,1,1,1,26,1,low,0.5,50.0
17979,260604,1,3,9,5,55,1,1,1,26,0,low,0.3333333333333333,57.0
17980,260605,1,2,9,2,55,1,1,1,26,1,low,0.5,0.0
17981,260606,1,2,9,4,55,1,1,1,26,0,low,0.5,16.0
17982,260607,1,1,9,0,25,3,1,1,26,1,high,1.0,12.0
17983,260609,1,3,9,5,45,3,1,1,26,1,low,0.3333333333333333,0.0
17984,260610,1,2,9,0,35,1,1,1,26,0,low,0.5,2.0
17985,260611,1,1,9,0,70,1,1,1,26,0,high,1.0,30.0
17986,260612,1,2,9,2,55,2,1,1,26,1,low,0.5,30.0
17987,260613,1,2,9,2,45,3,1,1,26,1,low,0.5,52.0
17988,260614,2,2,9,0,35,5,1,1,26,0,high,1.0,5.0
17989,260615,1,2,3,5,40,5,1,1,26,0,low,0.5,23.0
17990,260616,1,13,9,5,55,5,1,2,26,0,low,0.07692307692307693,57.0
17991,260617,1,2,5,0,45,3,1,1,26,1,low,0.5,58.0
17992,260618,1,4,5,0,45,1,1,1,26,0,low,0.25,3.0
17993,260619,1,2,9,0,35,1,1,1,26,1,low,0.5,32.0
17994,260620,1,3,5,0,30,2,1,1,26,1,low,0.3333333333333333,50.0
17995,260621,1,2,10,0,55,2,1,1,26,0,low,0.5,8.0
17996,260622,1,4,10,0,55,1,2,5,26,0,low,0.25,82.0
17997,260623,1,2,5,0,25,1,1,1,26,0,low,0.5,6.0
17998,260624,1,2,10,5,55,3,1,1,26,0,low,0.5,7.0
17999,260625,1,6,6,7,60,1,1,1,26,0,low,0.16666666666666666,22.0
18000,260626,1,2,10,0,55,2,1,1,26,1,low,0.5,28.0
18001,260627,1,1,10,0,55,1,1,1,26,1,high,1.0,6.0
18002,260628,1,1,6,0,55,2,1,1,26,1,high,1.0,40.0
18003,260629,1,5,10,0,60,2,1,1,26,0,low,0.2,50.0
18004,260630,1,1,6,0,55,1,1,1,26,0,high,1.0,23.0
18005,260631,1,3,10,2,55,2,5,2,26,1,low,0.3333333333333333,41.0
18006,260632,1,3,7,8,55,1,1,1,26,0,low,0.3333333333333333,10.0
18007,260633,1,4,10,0,70,3,1,1,26,0,low,0.25,30.0
18008,260634,1,2,10,0,55,3,1,1,26,0,low,0.5,25.0
18009,260635,1,2,7,5,45,1,1,1,26,0,low,0.5,50.0
18010,260636,2,5,7,5,55,1,1,1,26,1,low,0.4,19.0
18011,260637,1,10,7,4,45,1,1,1,26,0,low,0.1,10.0
18012,260638,1,6,7,5,55,1,1,1,26,0,low,0.16666666666666666,20.0
18013,260639,1,3,7,1,70,1,1,1,26,0,low,0.3333333333333333,43.0
18014,260640,2,4,7,5,55,3,1,1,26,0,low,0.5,7.0
18015,260641,1,3,8,5,55,1,1,1,26,0,low,0.3333333333333333,19.0
18016,260642,1,2,9,5,55,1,1,1,26,0,low,0.5,12.0
18017,260643,1,1,8,0,55,1,1,1,26,0,high,1.0,40.0
18018,260644,1,1,9,0,55,1,1,1,26,0,high,1.0,12.0
18019,260645,1,4,8,1,55,3,1,1,26,1,low,0.25,37.0
18020,260646,1,3,9,5,45,5,1,1,26,1,low,0.3333333333333333,32.0
18021,260647,1,1,9,0,55,1,1,1,26,1,high,1.0,60.0
18022,260648,1,1,8,0,45,1,1,1,26,0,high,1.0,7.0
18023,260649,2,2,9,0,55,2,1,9,26,1,high,1.0,25.0
18024,260650,1,2,8,0,55,2,1,1,26,1,low,0.5,5.0
18025,260651,1,1,9,0,45,2,1,1,26,1,high,1.0,10.0
18026,260652,1,2,9,5,45,2,1,1,26,0,low,0.5,9.0
18027,260653,1,2,8,0,55,1,1,1,26,0,low,0.5,25.0
18028,260655,1,2,9,1,35,1,1,1,26,0,low,0.5,1.0
18029,260656,1,9,8,0,70,2,2,2,26,0,low,0.1111111111111111,14.0
18030,260657,1,1,9,0,55,2,9,1,26,1,high,1.0,45.0
18031,260658,1,5,9,5,40,1,1,1,26,0,low,0.2,39.0
18032,260659,1,2,9,0,35,2,1,1,26,0,low,0.5,18.0
18033,260660,1,3,9,1,55,1,1,1,26,0,low,0.3333333333333333,25.0
18034,260661,1,2,9,5,45,2,1,1,26,0,low,0.5,11.0
18035,260662,1,1,9,0,55,2,1,1,26,1,high,1.0,50.0
18036,260664,1,1,9,0,55,2,1,1,26,0,high,1.0,11.0
18037,260665,1,1,9,0,40,1,1,1,26,0,high,1.0,15.0
18038,260666,1,2,9,0,50,1,1,1,26,0,low,0.5,23.0
18039,260667,1,2,9,5,45,1,1,1,26,0,low,0.5,14.0
18040,260668,1,2,9,4,55,2,1,1,26,0,low,0.5,21.0
18041,260669,1,1,9,0,55,4,1,2,26,0,high,1.0,9.0
18042,260670,1,1,9,2,25,3,1,1,26,1,high,1.0,15.0
18043,260671,2,3,9,5,55,3,1,2,26,1,high,0.6666666666666666,52.0
18044,260672,1,2,9,0,55,2,1,1,26,1,low,0.5,13.0
18045,260673,1,2,9,0,40,3,1,1,26,0,low,0.5,14.0
18046,260674,1,2,10,5,55,1,1,1,26,0,low,0.5,34.0
18047,260675,2,3,9,5,55,1,1,1,26,0,high,0.6666666666666666,3.0
18048,260676,1,1,10,0,55,2,1,1,26,1,high,1.0,6.0
18049,260677,1,3,10,0,55,2,1,8,26,1,low,0.3333333333333333,8.0
18050,260678,1,4,10,5,55,1,1,1,26,0,low,0.25,5.0
18051,260679,1,2,10,2,35,2,1,1,26,0,low,0.5,53.0
18052,260680,1,3,10,1,70,2,1,1,26,0,low,0.3333333333333333,13.0
18053,260681,1,3,10,5,35,1,1,1,26,0,low,0.3333333333333333,53.0
18054,260682,1,1,10,0,35,3,1,2,26,1,high,1.0,47.0
18055,260684,3,4,10,1,70,2,1,1,26,0,high,0.75,2.0
18056,260685,1,3,10,5,55,1,1,1,26,0,low,0.3333333333333333,11.0
18057,260687,1,5,9,2,55,1,1,1,26,0,low,0.2,14.0
18058,260688,1,2,10,5,45,1,1,2,26,1,low,0.5,13.0
18059,260689,1,3,9,2,40,2,2,2,26,0,low,0.3333333333333333,19.0
18060,260690,1,1,10,0,30,3,1,1,26,1,high,1.0,19.0
18061,260691,1,2,8,0,70,1,1,1,26,0,low,0.5,13.0
18062,260692,1,1,8,0,55,3,5,2,26,0,high,1.0,80.0
18063,260693,1,2,8,0,40,1,1,1,26,0,low,0.5,20.0
18064,260694,1,1,9,0,55,1,1,1,26,1,high,1.0,38.0
18065,260695,1,8,9,5,25,1,1,1,26,0,low,0.125,12.0
18066,260696,1,3,10,2,50,1,1,1,26,0,low,0.3333333333333333,23.0
18067,260697,1,1,10,0,45,1,1,1,26,1,high,1.0,15.0
18068,260698,1,3,10,1,70,1,1,1,26,0,low,0.3333333333333333,10.0
18069,260699,1,3,10,0,35,3,1,1,26,1,low,0.3333333333333333,27.0
18070,260700,2,5,10,5,55,1,1,1,26,0,low,0.4,12.0
18071,260701,1,1,10,0,55,2,1,1,26,1,high,1.0,26.0
18072,260703,1,5,5,1,30,1,1,1,26,0,low,0.2,30.0
18073,260704,1,2,10,0,55,2,1,1,26,1,low,0.5,7.0
18074,260705,1,1,10,0,55,2,1,1,26,1,high,1.0,19.0
18075,260706,1,1,6,0,45,1,1,8,26,0,high,1.0,45.0
18076,260707,1,2,10,4,55,3,1,1,26,0,low,0.5,57.0
18077,260708,1,1,7,0,30,1,1,1,26,0,high,1.0,15.0
18078,260709,1,3,10,5,55,4,2,2,26,0,low,0.3333333333333333,15.0
18079,260710,1,1,8,0,55,2,1,1,26,1,high,1.0,45.0
18080,260711,1,2,10,2,55,1,1,9,26,0,low,0.5,8.0
18081,260712,1,2,11,2,35,3,1,1,26,1,low,0.5,7.0
18082,260713,2,2,9,0,55,2,1,1,26,2,high,1.0,229.0
18083,260714,2,2,11,0,55,5,1,1,26,0,high,1.0,12.0
18084,260715,1,3,9,1,55,2,1,1,26,1,low,0.3333333333333333,15.0
18085,260716,1,3,11,0,45,2,1,1,26,1,low,0.3333333333333333,0.0
18086,260717,1,3,10,5,55,1,1,1,26,0,low,0.3333333333333333,23.0
18087,260718,1,1,10,0,25,1,2,2,26,0,high,1.0,25.0
18088,260719,1,2,10,5,55,2,1,2,26,0,low,0.5,6.0
18089,260720,1,1,10,0,25,1,1,1,26,0,high,1.0,27.0
18090,260721,1,2,10,0,70,2,1,1,26,1,low,0.5,32.0
18091,260722,1,3,10,5,55,1,1,1,26,0,low,0.3333333333333333,33.0
18092,260723,1,3,10,4,55,1,1,1,26,0,low,0.3333333333333333,18.0
18093,260724,1,1,10,0,50,1,1,1,26,0,high,1.0,10.0
18094,260725,1,2,10,2,45,1,1,2,26,0,low,0.5,10.0
18095,260726,1,3,10,2,55,3,1,1,26,0,low,0.3333333333333333,51.0
18096,260727,1,2,10,1,55,2,1,1,26,0,low,0.5,8.0
18097,260728,1,1,10,0,45,3,1,1,26,0,high,1.0,14.0
18098,260729,1,1,11,0,55,2,1,1,26,0,high,1.0,12.0
18099,260730,1,1,11,0,40,1,1,1,26,1,high,1.0,7.0
18100,260732,1,2,6,0,55,2,1,1,26,1,low,0.5,26.0
18101,260733,1,4,8,4,45,1,1,1,26,0,low,0.25,19.0
18102,260734,1,5,8,5,55,1,1,1,26,1,low,0.2,24.0
18103,260735,1,4,8,8,55,1,1,1,26,0,low,0.25,20.0
18104,260736,1,1,9,0,55,2,2,2,26,0,high,1.0,25.0
18105,260737,1,2,9,4,40,1,1,1,26,0,low,0.5,12.0
18106,260739,1,2,9,0,35,2,1,9,26,1,low,0.5,25.0
18107,260740,2,5,9,4,55,1,1,1,26,0,low,0.4,24.0
18108,260741,1,1,10,0,30,2,1,1,26,0,high,1.0,16.0
18109,260742,1,2,10,0,25,3,1,1,26,1,low,0.5,15.0
18110,260743,1,2,10,8,45,3,2,2,26,0,low,0.5,38.0
18111,260744,1,4,10,7,55,1,2,2,26,0,low,0.25,48.0
18112,260745,1,1,10,0,55,1,1,1,26,0,high,1.0,12.0
18113,260746,1,2,10,0,55,2,1,1,26,0,low,0.5,49.0
18114,260747,1,2,10,0,45,3,2,2,26,0,low,0.5,22.0
18115,260749,1,4,10,0,35,3,1,2,26,0,low,0.25,97.0
18116,260750,1,1,10,0,55,2,1,8,26,1,high,1.0,63.0
18117,260751,1,2,10,0,25,3,1,1,26,1,low,0.5,11.0
18118,260752,1,3,10,4,55,1,1,1,26,0,low,0.3333333333333333,46.0
18119,260753,2,4,11,5,55,1,1,1,26,0,low,0.5,11.0
18120,260754,2,5,11,4,55,1,1,1,26,0,low,0.4,14.0
18121,260755,1,1,11,0,55,2,1,1,26,1,high,1.0,49.0
18122,260756,1,4,11,5,40,1,1,1,26,0,low,0.25,14.0
18123,260757,1,2,11,0,55,1,1,2,26,0,low,0.5,20.0
18124,260758,1,2,11,1,40,3,1,1,26,1,low,0.5,20.0
18125,260759,1,1,11,0,45,1,1,2,26,0,high,1.0,12.0
18126,260760,1,1,11,0,55,3,1,1,26,1,high,1.0,22.0
18127,260761,2,3,11,2,55,1,1,2,26,0,high,0.6666666666666666,10.0
18128,260762,1,1,11,0,45,1,1,2,26,0,high,1.0,23.0
18129,260763,1,1,11,0,55,2,1,1,26,1,high,1.0,20.0
18130,260764,1,3,11,0,45,3,1,1,26,0,low,0.3333333333333333,20.0
18131,260766,1,1,11,0,55,5,1,1,26,0,high,1.0,50.0
18132,260767,1,1,9,0,55,1,1,1,26,1,high,1.0,20.0
18133,260768,1,3,9,5,55,1,1,1,26,0,low,0.3333333333333333,162.0
18134,260769,1,2,9,2,55,1,1,2,26,0,low,0.5,30.0
18135,260770,1,2,10,1,70,3,1,1,26,0,low,0.5,61.0
18136,260771,2,3,10,0,55,1,1,2,26,0,high,0.6666666666666666,8.0
18137,260772,1,2,10,5,45,1,1,1,26,1,low,0.5,2.0
18138,260773,1,2,11,0,40,1,1,1,26,1,low,0.5,11.0
18139,260774,1,3,11,5,55,3,1,1,26,0,low,0.3333333333333333,3.0
18140,260775,1,1,11,0,55,2,1,1,26,1,high,1.0,15.0
18141,260776,1,2,11,5,55,1,1,1,26,0,low,0.5,15.0
18142,260778,1,3,11,5,45,1,1,1,26,0,low,0.3333333333333333,90.0
18143,260779,1,3,11,1,55,3,1,1,26,1,low,0.3333333333333333,10.0
18144,260780,1,1,11,0,55,2,4,3,26,0,high,1.0,10.0
18145,260781,1,7,12,0,70,2,3,4,26,0,low,0.14285714285714285,2.0
18146,260782,1,2,12,5,55,1,1,2,26,0,low,0.5,15.0
18147,260783,1,2,6,0,40,1,1,1,26,0,low,0.5,18.0
18148,260784,1,1,7,0,45,3,1,1,26,0,high,1.0,15.0
18149,260785,1,2,7,1,70,3,1,1,26,0,low,0.5,20.0
18150,260786,1,2,7,0,30,5,1,1,26,0,low,0.5,11.0
18151,260787,1,5,8,4,55,1,1,1,26,0,low,0.2,35.0
18152,260788,1,2,8,0,30,3,2,2,26,0,low,0.5,47.0
18153,260789,1,2,5,0,55,1,1,1,26,2,low,0.5,50.0
18154,260790,1,2,8,1,50,1,1,1,26,1,low,0.5,25.0
18155,260791,1,3,8,0,55,1,1,1,26,0,low,0.3333333333333333,3.0
18156,260793,1,5,8,2,40,1,1,1,26,1,low,0.2,8.0
18157,260794,1,3,7,4,40,1,1,1,26,0,low,0.3333333333333333,7.0
18158,260795,1,1,9,0,25,3,1,1,26,1,high,1.0,7.0
18159,260796,1,2,10,0,45,3,2,2,26,1,low,0.5,12.0
18160,260797,1,1,9,0,55,1,1,1,26,0,high,1.0,7.0
18161,260798,1,1,9,0,55,2,2,2,26,1,high,1.0,32.0
18162,260799,1,4,9,0,50,3,1,1,26,1,low,0.25,52.0
18163,260800,1,2,9,0,45,3,1,1,26,1,low,0.5,9.0
18164,260801,1,3,10,0,30,2,1,1,26,0,low,0.3333333333333333,45.0
18165,260802,1,1,10,0,70,1,1,1,26,0,high,1.0,10.0
18166,260804,1,5,10,2,55,1,1,1,26,0,low,0.2,30.0
18167,260805,1,3,11,2,55,3,1,1,26,1,low,0.3333333333333333,0.0
18168,260806,1,1,10,0,55,1,1,1,26,1,high,1.0,23.0
18169,260807,1,1,11,0,55,1,1,1,26,0,high,1.0,8.0
18170,260808,2,3,10,2,55,2,2,2,26,0,high,0.6666666666666666,5.0
18171,260809,1,2,11,5,55,1,1,1,26,0,low,0.5,3.0
18172,260810,1,2,11,2,55,2,1,2,26,0,low,0.5,11.0
18173,260811,1,4,10,0,50,2,2,2,26,0,low,0.25,29.0
18174,260812,1,4,11,2,55,1,4,3,26,0,low,0.25,52.0
18175,260813,1,2,11,0,55,2,1,2,26,1,low,0.5,5.0
18176,260814,1,3,11,2,35,1,2,2,26,0,low,0.3333333333333333,6.0
18177,260815,1,1,11,0,55,2,1,1,26,1,high,1.0,22.0
18178,260816,1,1,11,0,55,2,1,1,26,0,high,1.0,15.0
18179,260817,1,1,12,0,55,2,1,1,26,1,high,1.0,5.0
18180,260818,1,2,11,0,45,3,2,2,26,1,low,0.5,53.0
18181,260819,1,2,12,4,45,1,2,2,26,0,low,0.5,30.0
18182,260820,1,1,11,0,55,3,1,1,26,0,high,1.0,14.0
18183,260821,1,1,11,0,55,1,6,4,26,0,high,1.0,20.0
18184,260822,1,3,12,0,55,3,1,1,26,0,low,0.3333333333333333,33.0
18185,260823,1,5,12,4,55,1,3,4,26,0,low,0.2,40.0
18186,260824,1,2,12,0,40,3,1,1,26,1,low,0.5,15.0
18187,260825,1,3,12,0,55,3,2,4,26,1,low,0.3333333333333333,2.0
18188,260826,1,3,6,2,55,1,1,1,26,0,low,0.3333333333333333,1.0
18189,260827,1,2,7,99,45,3,9,1,26,0,low,0.5,5.0
18190,260828,1,2,7,5,55,1,1,1,26,0,low,0.5,36.0
18191,260829,1,1,9,0,55,5,1,1,26,0,high,1.0,39.0
18192,260830,1,2,9,0,25,1,1,1,26,0,low,0.5,3.0
18193,260831,4,5,9,7,25,3,1,1,26,1,high,0.8,11.0
18194,260832,1,2,10,5,55,1,1,1,26,0,low,0.5,40.0
18195,260833,1,1,11,0,55,1,1,1,26,0,high,1.0,11.0
18196,260834,2,7,11,0,35,1,1,1,26,0,low,0.2857142857142857,11.0
18197,260835,1,1,9,0,55,4,1,1,26,1,high,1.0,20.0
18198,260836,1,2,9,0,55,2,1,1,26,1,low,0.5,37.0
18199,260837,1,4,9,0,45,2,1,1,26,1,low,0.25,10.0
18200,260838,1,2,9,1,40,1,1,1,26,0,low,0.5,12.0
18201,260839,1,1,9,0,55,2,1,1,26,1,high,1.0,14.0
18202,260840,1,4,8,7,30,3,1,1,26,0,low,0.25,38.0
18203,260841,1,1,9,0,55,2,1,1,26,1,high,1.0,35.0
18204,260842,1,1,9,0,55,2,1,1,26,0,high,1.0,48.0
18205,260843,1,5,9,5,45,1,1,1,26,0,low,0.2,43.0
18206,260844,1,4,10,5,55,1,1,1,26,0,low,0.25,0.0
18207,260845,1,2,10,5,55,1,1,2,26,0,low,0.5,7.0
18208,260846,1,7,10,5,55,1,1,1,26,0,low,0.14285714285714285,43.0
18209,260847,1,2,10,8,45,2,2,2,26,1,low,0.5,13.0
18210,260848,1,3,10,5,45,3,1,1,26,0,low,0.3333333333333333,33.0
18211,260849,1,2,11,0,35,1,1,1,26,0,low,0.5,25.0
18212,260850,1,3,11,2,55,5,2,2,26,0,low,0.3333333333333333,7.0
18213,260851,1,4,10,0,55,2,1,1,26,1,low,0.25,45.0
18214,260852,1,5,10,5,35,1,1,1,26,0,low,0.2,51.0
18215,260853,1,1,10,0,30,1,1,1,26,0,high,1.0,56.0
18216,260854,1,2,10,0,55,3,1,1,26,1,low,0.5,0.0
18217,260855,1,1,11,0,45,1,1,1,26,0,high,1.0,7.0
18218,260856,2,3,11,5,45,1,1,1,26,1,high,0.6666666666666666,31.0
18219,260857,1,1,11,0,55,2,1,1,26,1,high,1.0,4.0
18220,260858,1,2,11,2,55,1,1,1,26,0,low,0.5,12.0
18221,260859,1,1,11,0,45,2,1,1,26,0,high,1.0,14.0
18222,260860,1,3,11,9,70,2,4,3,26,0,low,0.3333333333333333,23.0
18223,260861,1,3,11,5,30,1,2,2,26,0,low,0.3333333333333333,12.0
18224,260862,1,6,11,2,70,2,1,1,26,1,low,0.16666666666666666,12.0
18225,260863,1,1,11,0,70,1,1,1,26,0,high,1.0,50.0
18226,260864,1,2,11,0,50,2,2,2,26,0,low,0.5,44.0
18227,260865,3,5,11,2,45,1,1,1,26,1,high,0.6,0.0
18228,260866,2,2,11,0,55,2,1,1,26,1,high,1.0,25.0
18229,260867,1,4,11,2,55,2,1,1,26,0,low,0.25,3.0
18230,260868,1,3,11,5,55,5,1,1,26,0,low,0.3333333333333333,39.0
18231,260869,1,1,11,0,70,1,1,1,26,0,high,1.0,45.0
18232,260870,1,2,11,4,45,1,1,4,26,0,low,0.5,3.0
18233,260871,1,1,11,0,35,1,1,1,26,0,high,1.0,12.0
18234,260872,1,2,11,4,55,1,4,3,26,0,low,0.5,10.0
18235,260873,1,3,11,8,55,2,2,3,26,0,low,0.3333333333333333,2.0
18236,260874,1,2,11,4,55,4,4,4,26,0,low,0.5,15.0
18237,260875,1,1,11,0,55,2,1,2,26,1,high,1.0,24.0
18238,260876,1,2,11,4,55,1,1,1,26,0,low,0.5,36.0
18239,260877,1,5,11,4,55,4,4,3,26,0,low,0.2,26.0
18240,260878,1,1,11,0,40,2,1,2,26,1,high,1.0,18.0
18241,260879,1,3,11,1,40,3,1,1,26,0,low,0.3333333333333333,46.0
18242,260880,1,3,12,0,50,2,2,2,26,1,low,0.3333333333333333,57.0
18243,260881,1,3,12,0,50,1,1,1,26,1,low,0.3333333333333333,4.0
18244,260882,1,2,12,2,55,1,1,4,26,0,low,0.5,5.0
18245,260883,1,1,12,0,70,2,4,4,26,0,high,1.0,13.0
18246,260884,1,1,12,0,35,2,1,3,26,0,high,1.0,14.0
18247,260885,3,8,12,4,55,2,4,3,26,0,low,0.375,18.0
18248,260886,1,2,12,5,55,1,1,1,26,0,low,0.5,12.0
18249,260887,1,2,12,0,70,2,1,1,26,0,low,0.5,25.0
18250,260888,1,2,12,0,30,3,1,2,26,1,low,0.5,10.0
18251,260889,1,2,12,0,40,3,1,1,26,1,low,0.5,10.0
18252,260890,1,2,12,0,55,3,4,4,26,0,low,0.5,14.0
18253,260891,1,1,12,0,55,3,1,3,26,1,high,1.0,21.0
18254,260892,2,3,12,0,55,1,1,1,26,1,high,0.6666666666666666,66.0
18255,260893,1,3,12,0,35,3,1,2,26,0,low,0.3333333333333333,9.0
18256,260895,1,3,12,0,30,3,2,2,26,0,low,0.3333333333333333,4.0
18257,260896,1,1,12,0,70,2,1,4,26,0,high,1.0,27.0
18258,260897,3,5,12,4,50,3,1,2,26,1,high,0.6,6.0
18259,260898,1,2,12,5,55,1,1,1,26,0,low,0.5,52.0
18260,260899,1,3,12,2,55,3,1,1,26,1,low,0.3333333333333333,10.0
18261,260900,1,1,12,0,70,2,4,3,26,1,high,1.0,13.0
18262,260901,1,1,12,0,40,1,1,1,26,0,high,1.0,5.0
18263,260902,1,2,12,0,45,3,1,1,26,1,low,0.5,6.0
18264,260903,1,1,12,0,45,2,4,4,26,1,high,1.0,7.0
18265,260904,1,4,12,0,70,2,2,2,26,1,low,0.25,58.0
18266,260905,1,2,12,3,70,1,1,1,26,0,low,0.5,41.0
18267,260906,1,3,12,5,55,2,1,1,26,0,low,0.3333333333333333,21.0
18268,260907,1,3,12,2,55,2,1,2,26,0,low,0.3333333333333333,2.0
18269,260908,1,2,12,4,55,1,1,3,26,1,low,0.5,7.0
18270,260909,1,3,12,0,50,2,6,1,26,0,low,0.3333333333333333,15.0
18271,260910,1,3,6,4,55,2,1,1,26,2,low,0.3333333333333333,9.0
18272,260911,1,5,6,4,45,3,2,2,26,0,low,0.2,58.0
18273,260912,1,9,1,5,45,3,1,2,26,0,low,0.1111111111111111,11.0
18274,260913,1,2,8,5,35,1,1,1,26,0,low,0.5,27.0
18275,260914,1,2,3,0,70,1,1,2,26,0,low,0.5,20.0
18276,260915,1,3,10,5,55,1,2,2,26,0,low,0.3333333333333333,46.0
18277,260916,1,1,9,0,55,1,1,1,26,1,high,1.0,37.0
18278,260917,1,2,10,0,55,2,1,1,26,0,low,0.5,4.0
18279,260918,1,1,10,0,55,2,1,1,26,0,high,1.0,6.0
18280,260919,1,2,11,0,50,1,1,1,26,0,low,0.5,14.0
18281,260920,1,1,11,0,55,3,1,1,26,1,high,1.0,21.0
18282,260921,1,4,11,0,55,1,4,3,26,0,low,0.25,6.0
18283,260922,1,5,11,5,55,1,2,2,26,0,low,0.2,8.0
18284,260923,1,2,11,0,45,2,1,9,26,1,low,0.5,11.0
18285,260924,1,5,12,3,70,2,4,3,26,0,low,0.2,35.0
18286,260925,1,2,11,4,70,2,1,1,26,0,low,0.5,7.0
18287,260926,1,3,11,5,45,1,1,2,26,0,low,0.3333333333333333,54.0
18288,260927,1,4,12,4,50,4,1,4,26,0,low,0.25,2.0
18289,260928,1,3,11,0,99,2,1,1,26,0,low,0.3333333333333333,30.0
18290,260929,1,2,12,0,55,1,4,4,26,0,low,0.5,13.0
18291,260930,1,1,12,0,55,1,1,3,26,0,high,1.0,55.0
18292,260931,1,5,12,8,45,2,1,2,26,0,low,0.2,16.0
18293,260932,1,4,12,8,55,2,1,2,26,1,low,0.25,6.0
18294,260933,1,4,12,4,55,2,4,3,26,0,low,0.25,11.0
18295,260934,1,2,12,0,25,3,1,1,26,1,low,0.5,34.0
18296,260935,1,1,12,0,55,2,1,2,26,1,high,1.0,57.0
18297,260936,1,5,12,4,70,1,1,3,26,0,low,0.2,52.0
18298,260937,1,1,12,0,55,3,1,2,26,1,high,1.0,14.0
18299,260938,1,3,12,0,55,1,3,3,26,0,low,0.3333333333333333,50.0
18300,260939,1,3,12,5,45,1,1,1,26,0,low,0.3333333333333333,35.0
18301,260940,1,1,12,0,70,3,1,1,26,0,high,1.0,15.0