,ST_CASE,FATALS,PERSONS,MONTH,MAN_COLL,SP_LIMIT,LGT_COND,WEATHER,SUR_COND,STATE,DRUNK_DR,rate,rate_numerical,arrival_time
18676,270307,1,2,9,5,55,1,1,9,27,0,low,0.5,17.0
18677,270308,1,2,9,0,30,1,1,1,27,0,low,0.5,24.0
18678,270309,1,4,9,1,55,1,1,1,27,0,low,0.25,21.0
18679,270310,1,2,9,5,45,5,1,1,27,0,low,0.5,40.0
18680,270311,1,3,9,5,30,1,1,1,27,0,low,0.3333333333333333,43.0
18681,270312,1,1,9,0,55,1,1,1,27,0,high,1.0,34.0
18682,270313,1,4,9,5,55,1,1,1,27,0,low,0.25,22.0
18683,270314,1,1,9,0,35,4,2,2,27,0,high,1.0,0.0
18684,270315,1,2,9,2,55,1,1,1,27,0,low,0.5,10.0
18685,270316,1,2,9,5,65,3,1,1,27,0,low,0.5,3.0
18686,270317,1,2,9,7,55,2,1,1,27,1,low,0.5,5.0
18687,270318,1,1,9,0,55,4,1,1,27,1,high,1.0,19.0
18688,270319,1,1,9,0,55,1,1,1,27,0,high,1.0,52.0
18689,270320,1,2,9,5,55,4,1,1,27,0,low,0.5,32.0
18690,270321,1,4,9,5,45,1,1,1,27,0,low,0.25,10.0
18691,270322,1,1,9,0,55,1,1,1,27,1,high,1.0,43.0
18692,270323,2,3,9,0,55,2,1,1,27,0,high,0.6666666666666666,20.0
18693,270324,1,1,9,0,70,2,1,1,27,1,high,1.0,13.0
18694,270325,1,1,9,0,55,1,1,1,27,0,high,1.0,26.0
18695,270326,1,1,9,0,55,2,1,1,27,1,high,1.0,16.0
18696,270327,1,2,12,8,50,2,1,1,27,1,low,0.5,8.0
18697,270328,1,2,12,5,65,1,4,3,27,0,low,0.5,17.0
18698,270329,1,2,12,9,70,2,4,4,27,0,low,0.5,25.0
18699,270330,1,3,12,5,65,3,1,2,27,0,low,0.3333333333333333,38.0
18700,270331,1,2,12,5,65,2,1,1,27,0,low,0.5,16.0
18701,270332,1,2,12,0,65,1,1,4,27,0,low,0.5,32.0
18702,270333,1,2,12,2,55,1,1,2,27,0,low,0.5,23.0
18703,270334,1,3,12,0,70,1,4,3,27,0,low,0.3333333333333333,13.0
18704,270335,1,2,12,2,55,1,4,4,27,0,low,0.5,39.0
18705,270336,1,1,12,0,70,4,1,4,27,0,high,1.0,62.0
18706,270337,2,3,12,5,50,1,4,3,27,0,high,0.6666666666666666,12.0
18707,270338,1,6,12,0,30,2,1,1,27,0,low,0.16666666666666666,50.0
18708,270339,1,1,12,0,60,2,1,8,27,1,high,1.0,20.0
18709,270340,1,4,12,5,55,5,1,1,27,0,low,0.25,8.0
18710,270341,1,1,11,0,55,9,1,1,27,0,high,1.0,22.0
18711,270342,1,2,11,0,55,2,1,1,27,1,low,0.5,38.0
18712,270343,1,1,11,0,55,2,1,1,27,0,high,1.0,22.0
18713,270344,1,1,7,0,50,2,1,1,27,1,high,1.0,8.0
18714,270345,1,1,7,0,30,1,1,1,27,0,high,1.0,3.0
18715,270346,1,2,8,2,55,1,1,1,27,0,low,0.5,9.0
18716,270347,1,2,9,0,45,1,1,1,27,0,low,0.5,17.0
18717,270349,1,1,10,0,55,1,2,2,27,0,high,1.0,30.0
18718,270350,1,1,11,0,55,2,1,1,27,1,high,1.0,16.0
18719,270351,1,1,11,0,55,1,1,1,27,0,high,1.0,28.0
18720,270352,1,1,11,0,30,3,1,1,27,1,high,1.0,7.0
18721,270353,1,2,11,4,55,4,1,1,27,0,low,0.5,10.0
18722,270354,1,1,11,0,55,2,1,1,27,1,high,1.0,36.0
18723,270355,1,1,11,0,45,3,1,1,27,0,high,1.0,27.0
18724,270356,1,2,11,1,55,2,1,1,27,1,low,0.5,35.0
18725,270357,1,1,11,0,55,2,4,2,27,1,high,1.0,20.0
18726,270358,1,1,12,0,55,1,4,4,27,0,high,1.0,20.0
18727,270359,1,1,11,0,55,4,2,2,27,0,high,1.0,12.0
18728,270360,1,1,11,0,55,1,1,9,27,0,high,1.0,3.0
18729,270361,1,3,11,0,60,2,1,1,27,1,low,0.3333333333333333,3.0
18730,270362,1,2,12,0,55,2,1,1,27,1,low,0.5,15.0
18731,270363,1,2,12,0,30,3,1,2,27,0,low,0.5,8.0
18732,270364,1,2,12,5,55,3,1,4,27,0,low,0.5,4.0
18733,270365,1,2,12,2,55,1,1,4,27,0,low,0.5,19.0
18734,270366,1,4,12,5,30,3,1,3,27,0,low,0.25,22.0
18735,270367,1,1,12,0,30,3,1,3,27,0,high,1.0,11.0
18736,270368,1,1,12,0,60,3,1,1,27,1,high,1.0,5.0
18737,270369,1,3,12,0,55,2,1,1,27,0,low,0.3333333333333333,42.0
18738,270370,1,2,12,5,55,3,1,1,27,0,low,0.5,8.0
18739,270371,2,2,12,2,55,2,5,2,27,0,high,1.0,30.0
18740,270372,1,5,12,5,55,1,1,4,27,0,low,0.2,40.0
18741,270373,1,3,12,0,55,1,5,4,27,0,low,0.3333333333333333,5.0
18742,270374,1,2,12,1,55,1,4,4,27,0,low,0.5,3.0
18743,270375,1,3,12,5,65,1,1,4,27,0,low,0.3333333333333333,53.0
18744,270376,1,3,12,4,60,1,1,4,27,0,low,0.3333333333333333,12.0
18745,270377,1,2,12,0,70,1,3,4,27,0,low,0.5,43.0
18746,270378,2,2,12,0,70,2,4,2,27,1,high,1.0,25.0
18747,270379,1,1,12,0,65,2,4,4,27,0,high,1.0,26.0
18748,270380,1,6,12,4,60,2,4,3,27,0,low,0.16666666666666666,18.0
18749,270381,1,4,12,0,40,2,1,4,27,0,low,0.25,18.0
18750,270382,1,4,12,5,65,3,4,3,27,1,low,0.25,8.0
18751,270383,1,1,12,0,55,2,1,1,27,1,high,1.0,18.0
18752,270384,1,2,12,5,65,1,5,1,27,0,low,0.5,6.0
18753,270385,1,3,11,0,5,1,1,1,27,0,low,0.3333333333333333,7.0
18754,270386,1,4,10,4,60,1,2,2,27,0,low,0.25,27.0
18755,270387,1,2,12,5,60,1,4,4,27,1,low,0.5,20.0
18756,270388,1,1,12,0,15,2,1,4,27,1,high,1.0,36.0
18757,270389,1,3,11,5,55,2,1,1,27,1,low,0.3333333333333333,14.0
18758,270390,1,2,10,4,55,1,1,1,27,0,low,0.5,20.0
18759,270391,1,1,11,0,55,2,1,1,27,0,high,1.0,25.0
18760,270392,1,19,11,5,55,1,1,1,27,0,low,0.05263157894736842,0.0
18761,270393,2,3,11,5,55,1,1,1,27,0,high,0.6666666666666666,8.0
18762,270394,1,1,10,0,45,1,1,1,27,0,high,1.0,21.0
18763,270395,1,4,8,2,55,1,2,2,27,1,low,0.25,22.0
18764,270396,1,1,5,0,60,1,1,1,27,0,high,1.0,24.0
18765,270397,1,5,10,8,60,2,2,2,27,0,low,0.2,14.0
18766,270398,1,1,9,0,70,2,1,1,27,1,high,1.0,52.0
18767,270399,1,4,12,5,55,2,9,2,27,0,low,0.25,0.0
18768,270401,1,2,10,5,40,1,1,1,27,0,low,0.5,33.0
18769,270402,1,3,3,5,65,1,1,1,27,0,low,0.3333333333333333,31.0
18770,270403,1,3,10,1,55,2,1,1,27,1,low,0.3333333333333333,10.0
18771,270404,1,3,11,8,55,1,1,1,27,0,low,0.3333333333333333,24.0
18772,270405,2,8,10,2,45,1,1,1,27,0,low,0.25,55.0
18773,270406,2,2,10,2,55,2,1,1,27,1,high,1.0,30.0
18774,270407,1,2,10,0,55,2,1,1,27,0,low,0.5,16.0
18775,270408,1,3,11,4,55,1,1,1,27,0,low,0.3333333333333333,5.0
18776,270409,1,2,11,2,55,5,1,1,27,0,low,0.5,30.0
18777,270410,1,1,10,0,55,2,1,1,27,1,high,1.0,30.0
18778,270412,1,3,11,5,55,3,1,1,27,0,low,0.3333333333333333,3.0
18779,270413,1,2,12,0,55,2,1,1,27,1,low,0.5,19.0
18780,270414,1,1,11,0,30,3,1,1,27,0,high,1.0,55.0
18781,270415,1,2,11,0,55,1,1,1,27,0,low,0.5,8.0
18782,270416,1,5,11,0,30,3,1,1,27,0,low,0.2,10.0
18783,270417,1,2,12,5,50,3,4,3,27,1,low,0.5,0.0
18784,270418,1,2,3,5,45,1,2,2,27,0,low,0.5,30.0
18785,270419,1,4,8,2,70,2,1,1,27,1,low,0.25,7.0
18786,270420,1,2,8,5,50,1,1,1,27,0,low,0.5,5.0
18787,270421,1,2,5,0,55,3,1,1,27,2,low,0.5,3.0
18788,270422,2,6,4,4,60,1,1,1,27,0,low,0.3333333333333333,0.0
18789,270423,1,1,3,0,30,3,1,1,27,1,high,1.0,16.0
18790,270424,1,3,4,1,30,3,1,1,27,0,low,0.3333333333333333,26.0
18791,270425,1,1,4,0,50,1,1,1,27,1,high,1.0,7.0
18792,270426,1,3,4,0,55,2,1,1,27,1,low,0.3333333333333333,29.0
18793,270427,1,3,4,5,30,1,1,1,27,1,low,0.3333333333333333,4.0
18794,270428,1,3,1,5,55,1,1,1,27,0,low,0.3333333333333333,7.0
18795,270430,1,4,1,0,65,2,1,1,27,2,low,0.25,12.0
18796,270431,1,1,1,0,55,1,1,4,27,1,high,1.0,37.0
18797,270432,2,4,3,2,55,3,1,1,27,1,low,0.5,29.0
18798,270433,1,1,3,0,35,3,1,4,27,1,high,1.0,44.0
18799,270434,1,2,3,2,55,1,1,1,27,0,low,0.5,58.0
18800,270435,1,4,11,5,55,1,4,3,27,0,low,0.25,45.0
18801,270436,1,2,10,0,50,2,1,1,27,0,low,0.5,7.0
18802,270437,1,3,11,0,40,3,1,1,27,2,low,0.3333333333333333,4.0
18803,270438,1,2,11,5,55,1,5,1,27,0,low,0.5,1.0
18804,270439,1,4,10,8,55,4,5,2,27,0,low,0.25,3.0
18805,270440,1,3,9,5,35,1,1,1,27,0,low,0.3333333333333333,25.0
18806,270441,1,3,11,3,60,3,8,4,27,0,low,0.3333333333333333,34.0
18807,270442,1,1,11,0,55,1,1,8,27,0,high,1.0,7.0
18808,270443,1,2,11,0,50,2,1,1,27,2,low,0.5,0.0
18809,270444,1,1,11,0,55,2,1,1,27,0,high,1.0,11.0
18810,270445,12,158,8,0,45,1,1,1,27,4,low,0.0759493670886076,13.0
18811,270446,1,2,3,2,55,2,1,1,27,2,low,0.5,5.0
18812,270447,1,2,3,2,55,1,1,1,27,0,low,0.5,8.0
18813,270448,1,1,4,0,55,2,6,1,27,1,high,1.0,40.0
18814,270449,1,2,4,8,55,1,1,1,27,1,low,0.5,13.0
18815,270450,1,1,4,0,55,1,4,3,27,0,high,1.0,12.0
18816,270451,1,1,4,0,55,1,1,1,27,0,high,1.0,6.0
18817,270452,1,3,4,5,45,5,1,1,27,0,low,0.3333333333333333,8.0
18818,270453,1,4,3,5,30,3,2,2,27,0,low,0.25,45.0
18819,270454,1,3,4,0,55,3,1,1,27,1,low,0.3333333333333333,8.0
18820,270455,1,3,4,5,55,9,1,1,27,0,low,0.3333333333333333,125.0
18821,270456,1,3,4,0,50,3,1,1,27,1,low,0.3333333333333333,17.0
18822,270457,1,2,4,2,55,1,1,1,27,0,low,0.5,4.0
18823,270458,1,2,4,5,55,1,1,1,27,1,low,0.5,20.0
18824,270459,1,2,4,5,65,1,1,1,27,0,low,0.5,29.0
18825,270460,1,3,8,3,50,1,1,1,27,0,low,0.3333333333333333,7.0
18826,270461,1,5,9,1,55,1,1,1,27,0,low,0.2,25.0
18827,270462,1,3,6,5,60,1,1,1,27,0,low,0.3333333333333333,7.0
18828,270464,1,2,7,5,30,1,1,1,27,0,low,0.5,30.0
18829,270465,1,1,9,0,65,2,1,1,27,0,high,1.0,40.0
18830,270466,1,1,7,0,55,1,1,1,27,0,high,1.0,5.0
18831,270467,1,3,8,5,35,3,1,1,27,1,low,0.3333333333333333,18.0
18832,270468,1,1,9,0,55,1,1,1,27,0,high,1.0,62.0
18833,270470,1,4,10,5,65,1,1,2,27,0,low,0.25,1.0
18834,270471,1,2,11,5,40,1,1,9,27,0,low,0.5,9.0
18835,280001,1,2,1,0,70,1,1,1,28,0,low,0.5,2.0
18836,280002,2,4,1,2,45,2,1,1,28,2,low,0.5,12.0
18837,280003,1,2,1,2,70,2,1,1,28,1,low,0.5,10.0
18838,280004,1,2,1,0,45,2,1,1,28,0,low,0.5,7.0
18839,280005,4,4,1,1,55,2,1,1,28,0,high,1.0,6.0
18840,280006,1,1,1,0,45,2,2,2,28,0,high,1.0,38.0
18841,280007,1,1,1,0,45,1,1,1,28,0,high,1.0,17.0
18842,280008,1,1,1,0,55,2,1,1,28,1,high,1.0,30.0
18843,280009,1,2,1,1,65,3,1,1,28,0,low,0.5,20.0
18844,280010,1,3,1,1,35,1,2,2,28,0,low,0.3333333333333333,0.0
18845,280011,1,3,1,5,55,1,1,1,28,0,low,0.3333333333333333,40.0
18846,280012,1,2,1,0,45,1,1,1,28,0,low,0.5,6.0
18847,280013,2,3,1,4,55,2,2,2,28,0,high,0.6666666666666666,20.0
18848,280014,1,2,1,0,55,1,1,1,28,0,low,0.5,39.0
18849,280015,1,2,1,0,30,1,1,1,28,2,low,0.5,19.0
18850,280016,1,4,1,2,45,1,2,2,28,0,low,0.25,5.0
18851,280017,1,1,1,0,55,1,1,1,28,0,high,1.0,50.0
18852,280018,1,2,1,2,45,2,2,2,28,0,low,0.5,10.0
18853,280019,1,3,1,0,40,5,1,2,28,0,low,0.3333333333333333,7.0
18854,280020,1,2,1,0,70,2,1,1,28,0,low,0.5,14.0
18855,280021,1,2,1,2,55,2,1,1,28,0,low,0.5,15.0
18856,280022,2,2,1,0,55,2,1,1,28,2,high,1.0,21.0
18857,280023,1,3,1,2,55,2,2,2,28,2,low,0.3333333333333333,8.0
18858,280024,1,1,1,0,55,1,1,1,28,1,high,1.0,40.0
18859,280025,1,4,1,0,55,2,1,1,28,0,low,0.25,47.0
18860,280026,1,3,1,3,65,2,2,2,28,0,low,0.3333333333333333,34.0
18861,280027,2,4,1,4,55,1,1,1,28,0,low,0.5,12.0
18862,280028,1,3,1,2,45,3,1,1,28,0,low,0.3333333333333333,8.0
18863,280029,1,2,1,0,55,2,1,1,28,0,low,0.5,23.0
18864,280030,1,1,1,0,55,2,1,1,28,1,high,1.0,0.0
18865,280031,1,2,1,0,55,2,2,2,28,0,low,0.5,2.0
18866,280032,1,3,1,1,55,1,1,1,28,0,low,0.3333333333333333,45.0
18867,280033,1,1,1,0,55,1,1,1,28,0,high,1.0,35.0
18868,280034,1,2,1,0,50,2,1,1,28,0,low,0.5,3.0
18869,280035,1,2,1,1,55,2,1,1,28,2,low,0.5,4.0
18870,280036,1,1,1,0,45,1,2,2,28,0,high,1.0,12.0
18871,280037,1,1,1,0,30,2,2,2,28,0,high,1.0,11.0
18872,280038,1,3,1,3,55,1,1,1,28,0,low,0.3333333333333333,12.0
18873,280039,1,1,2,0,55,1,1,1,28,1,high,1.0,35.0
18874,280040,1,1,2,0,55,2,2,2,28,0,high,1.0,8.0
18875,280041,2,2,2,2,55,1,2,2,28,0,high,1.0,8.0
18876,280042,1,1,2,0,70,3,2,2,28,0,high,1.0,34.0
18877,280043,1,2,2,0,30,2,2,2,28,1,low,0.5,45.0
18878,280044,1,2,2,0,55,2,1,1,28,1,low,0.5,11.0
18879,280045,1,2,2,2,45,5,1,1,28,1,low,0.5,0.0
18880,280046,1,1,2,0,45,2,1,1,28,1,high,1.0,58.0
18881,280047,1,2,2,0,45,3,1,1,28,0,low,0.5,5.0
18882,280048,1,2,2,2,45,2,1,1,28,0,low,0.5,21.0
18883,280049,1,1,2,0,55,2,1,1,28,0,high,1.0,36.0
18884,280050,1,4,2,0,65,1,1,1,28,0,low,0.25,27.0
18885,280051,1,3,2,3,55,1,1,1,28,0,low,0.3333333333333333,32.0
18886,280052,1,2,2,0,45,2,1,1,28,1,low,0.5,52.0
18887,280053,1,3,2,2,55,1,1,1,28,0,low,0.3333333333333333,6.0
18888,280054,1,2,2,0,55,1,1,1,28,0,low,0.5,30.0
18889,280055,1,1,2,0,55,1,1,1,28,0,high,1.0,41.0
18890,280056,1,2,2,0,55,2,1,1,28,1,low,0.5,31.0
18891,280057,1,1,2,0,55,2,1,1,28,1,high,1.0,45.0
18892,280058,1,1,2,0,65,2,1,1,28,0,high,1.0,70.0
18893,280059,1,2,2,0,70,2,1,1,28,0,low,0.5,45.0
18894,280060,1,1,2,0,55,1,1,1,28,1,high,1.0,37.0
18895,280061,1,6,2,2,55,2,1,1,28,0,low,0.16666666666666666,9.0
18896,280062,1,1,2,0,45,2,1,1,28,0,high,1.0,118.0
18897,280063,1,1,2,0,70,1,1,1,28,0,high,1.0,35.0
18898,280064,1,1,2,0,45,2,1,1,28,0,high,1.0,30.0
18899,280065,1,7,2,0,70,1,2,2,28,0,low,0.14285714285714285,58.0
18900,280066,1,2,2,1,65,1,1,1,28,0,low,0.5,0.0
18901,280067,1,2,2,4,65,2,1,1,28,0,low,0.5,5.0
18902,280068,1,1,2,0,45,1,1,1,28,0,high,1.0,19.0
18903,280069,1,6,2,4,50,1,1,1,28,0,low,0.16666666666666666,6.0
18904,280070,1,2,2,1,65,2,1,1,28,0,low,0.5,23.0
18905,280071,1,3,2,4,35,3,1,1,28,0,low,0.3333333333333333,4.0
18906,280072,1,3,2,2,55,1,1,1,28,0,low,0.3333333333333333,37.0
18907,280073,1,4,2,0,55,1,1,1,28,0,low,0.25,11.0
18908,280074,1,6,2,2,55,2,1,1,28,0,low,0.16666666666666666,33.0
18909,280075,1,1,2,0,20,2,1,1,28,1,high,1.0,7.0
18910,280076,1,3,2,6,45,1,1,1,28,0,low,0.3333333333333333,30.0
18911,280077,1,1,2,0,65,2,1,1,28,1,high,1.0,40.0
18912,280078,1,2,2,0,45,2,1,1,28,0,low,0.5,43.0
18913,280079,2,2,2,2,70,2,1,1,28,0,high,1.0,37.0
18914,280080,1,1,2,0,55,2,1,1,28,0,high,1.0,51.0
18915,280081,1,3,2,2,45,1,2,2,28,0,low,0.3333333333333333,12.0
18916,280082,1,1,2,0,55,1,2,2,28,1,high,1.0,27.0
18917,280083,1,2,2,1,55,2,1,1,28,1,low,0.5,12.0
18918,280084,1,2,2,0,55,1,1,1,28,0,low,0.5,6.0
18919,280085,1,4,2,2,60,3,1,1,28,0,low,0.25,5.0
18920,280086,1,1,2,0,45,1,1,1,28,0,high,1.0,18.0
18921,280087,1,1,2,0,45,4,1,1,28,0,high,1.0,3.0
18922,280088,1,1,2,0,55,1,1,1,28,0,high,1.0,14.0
18923,280089,1,2,2,5,55,1,1,1,28,0,low,0.5,7.0
18924,280090,1,2,2,5,45,1,1,1,28,0,low,0.5,14.0
18925,280091,1,1,2,0,55,2,1,1,28,0,high,1.0,40.0
18926,280092,1,5,2,0,50,1,1,1,28,0,low,0.2,8.0
18927,280093,1,3,2,0,35,1,1,1,28,0,low,0.3333333333333333,6.0
18928,280094,1,1,3,0,55,1,2,2,28,0,high,1.0,17.0
18929,280095,1,1,3,0,55,2,1,1,28,0,high,1.0,10.0
18930,280096,1,1,3,0,45,1,2,2,28,0,high,1.0,50.0
18931,280097,2,2,3,2,45,1,2,2,28,0,high,1.0,15.0
18932,280098,1,4,3,2,55,1,1,1,28,0,low,0.25,14.0
18933,280099,2,2,3,2,55,1,1,1,28,0,high,1.0,21.0
18934,280100,1,4,3,8,55,1,1,1,28,0,low,0.25,21.0
18935,280101,1,1,3,0,55,1,1,1,28,0,high,1.0,18.0
18936,280102,1,3,3,3,55,1,1,1,28,0,low,0.3333333333333333,15.0
18937,280103,1,3,3,3,55,2,1,1,28,0,low,0.3333333333333333,16.0
18938,280104,1,1,3,0,0,1,1,1,28,0,high,1.0,30.0
18939,280105,2,3,3,4,45,2,1,1,28,0,high,0.6666666666666666,2.0
18940,280106,1,5,3,0,55,1,1,1,28,0,low,0.2,8.0
18941,280107,1,1,3,0,65,1,1,1,28,0,high,1.0,23.0
18942,280108,1,2,3,8,70,1,1,1,28,0,low,0.5,40.0
18943,280109,1,3,3,2,35,1,1,1,28,0,low,0.3333333333333333,8.0
18944,280110,1,1,3,0,70,2,1,1,28,0,high,1.0,30.0
18945,280111,1,3,3,2,55,2,1,1,28,1,low,0.3333333333333333,35.0
18946,280112,1,2,3,3,45,1,1,1,28,1,low,0.5,5.0
18947,280113,1,1,3,0,55,1,2,2,28,0,high,1.0,54.0
18948,280114,1,3,3,2,45,1,2,2,28,0,low,0.3333333333333333,55.0
18949,280115,1,3,3,4,25,1,1,1,28,0,low,0.3333333333333333,20.0
18950,280116,1,2,3,2,55,2,2,2,28,0,low,0.5,7.0
18951,280117,1,2,3,0,55,2,1,1,28,2,low,0.5,10.0
18952,280118,1,2,3,0,45,1,1,1,28,0,low,0.5,24.0
18953,280119,1,2,3,0,45,1,1,1,28,0,low,0.5,30.0
18954,280120,1,7,3,1,65,1,1,1,28,0,low,0.14285714285714285,43.0
18955,280121,1,3,3,2,40,2,1,1,28,0,low,0.3333333333333333,15.0
18956,280122,1,4,3,4,45,1,1,1,28,0,low,0.25,8.0
18957,280123,1,1,3,0,45,2,1,1,28,0,high,1.0,30.0
18958,280124,1,2,3,1,65,1,1,1,28,0,low,0.5,30.0
18959,280125,1,2,3,3,50,1,1,1,28,0,low,0.5,43.0
18960,280126,1,4,3,0,45,1,1,1,28,0,low,0.25,32.0
18961,280127,1,3,3,0,35,1,1,1,28,0,low,0.3333333333333333,83.0
18962,280128,1,1,3,0,50,1,1,1,28,0,high,1.0,22.0
18963,280129,1,6,3,0,65,4,1,1,28,0,low,0.16666666666666666,49.0
18964,280130,1,2,3,0,55,2,1,1,28,0,low,0.5,49.0
18965,280131,1,3,3,0,55,2,1,1,28,0,low,0.3333333333333333,10.0
18966,280132,1,1,3,0,65,2,1,1,28,0,high,1.0,14.0
18967,280133,1,2,3,0,55,2,1,1,28,1,low,0.5,16.0
18968,280134,1,2,3,3,50,1,1,1,28,0,low,0.5,15.0
18969,280135,1,1,3,0,65,1,1,1,28,0,high,1.0,19.0
18970,280136,1,1,3,0,55,1,1,1,28,0,high,1.0,25.0
18971,280137,1,1,3,0,55,2,1,1,28,0,high,1.0,58.0
18972,280138,1,1,3,0,55,1,1,1,28,0,high,1.0,61.0
18973,280139,1,2,3,0,70,2,1,1,28,0,low,0.5,45.0
18974,280140,1,1,3,0,65,2,1,1,28,0,high,1.0,23.0
18975,280141,1,2,3,2,65,2,2,2,28,1,low,0.5,26.0
18976,280142,1,7,3,2,70,2,1,1,28,0,low,0.14285714285714285,49.0
18977,280143,1,1,3,0,70,2,1,1,28,0,high,1.0,34.0
18978,280144,2,4,3,5,45,1,1,1,28,0,low,0.5,15.0
18979,280145,1,1,3,0,45,1,1,1,28,0,high,1.0,35.0
18980,280146,1,3,3,1,50,1,1,1,28,0,low,0.3333333333333333,63.0
18981,280147,1,2,3,2,55,1,1,1,28,0,low,0.5,4.0
18982,280148,1,3,3,0,45,2,1,1,28,0,low,0.3333333333333333,26.0
18983,280149,1,2,3,2,55,1,1,1,28,0,low,0.5,8.0
18984,280150,1,4,3,2,65,1,1,1,28,0,low,0.25,30.0
18985,280151,1,1,3,0,55,1,2,2,28,0,high,1.0,26.0
18986,280152,1,1,1,0,45,2,1,1,28,0,high,1.0,20.0
18987,280153,1,1,2,0,50,1,1,1,28,0,high,1.0,36.0
18988,280154,1,1,4,0,50,2,2,2,28,0,high,1.0,15.0
18989,280155,1,2,4,0,50,2,2,2,28,2,low,0.5,20.0
18990,280156,1,1,4,0,35,1,2,2,28,0,high,1.0,37.0
18991,280157,1,2,4,0,35,1,2,2,28,0,low,0.5,26.0
18992,280158,1,3,4,0,55,1,2,2,28,0,low,0.3333333333333333,25.0
18993,280159,4,4,4,0,30,3,1,1,28,0,high,1.0,3.0
18994,280160,1,1,4,0,55,1,1,1,28,0,high,1.0,21.0
18995,280161,1,1,4,0,65,2,1,1,28,0,high,1.0,0.0
18996,280162,1,1,4,0,55,2,1,1,28,0,high,1.0,4.0
18997,280163,1,6,4,3,35,2,1,1,28,0,low,0.16666666666666666,41.0
18998,280164,1,3,4,4,55,1,1,1,28,0,low,0.3333333333333333,4.0
18999,280165,2,2,4,0,70,2,1,1,28,0,high,1.0,19.0
19000,280166,1,3,4,4,55,2,1,1,28,0,low,0.3333333333333333,12.0
19001,280167,1,4,4,1,70,1,1,1,28,1,low,0.25,14.0
19002,280168,1,1,4,0,45,1,1,1,28,0,high,1.0,13.0
19003,280169,1,1,4,0,65,1,1,1,28,0,high,1.0,1.0
19004,280170,1,3,4,0,70,1,1,1,28,0,low,0.3333333333333333,9.0
19005,280171,2,6,4,2,35,1,2,2,28,0,low,0.3333333333333333,14.0
19006,280172,1,2,4,0,25,2,1,1,28,0,low,0.5,13.0
19007,280173,1,2,4,0,55,1,1,1,28,0,low,0.5,6.0
19008,280174,3,7,4,2,65,2,1,1,28,0,low,0.42857142857142855,41.0
19009,280175,1,1,4,0,35,2,1,1,28,0,high,1.0,924.0
19010,280176,1,1,1,0,50,2,1,1,28,1,high,1.0,21.0
19011,280177,1,1,2,0,45,2,2,2,28,0,high,1.0,27.0
19012,280178,1,1,4,0,55,2,1,1,28,0,high,1.0,20.0
19013,280179,1,1,4,0,55,1,2,2,28,0,high,1.0,19.0
19014,280180,1,2,4,0,55,3,1,1,28,0,low,0.5,12.0
19015,280181,1,3,4,0,55,2,2,2,28,0,low,0.3333333333333333,8.0
19016,280182,1,2,4,1,40,3,2,2,28,0,low,0.5,43.0
19017,280183,1,2,4,0,35,2,1,1,28,0,low,0.5,5.0
19018,280184,1,4,4,3,60,1,1,1,28,0,low,0.25,50.0
19019,280185,2,5,4,4,45,3,1,1,28,0,low,0.4,9.0
19020,280186,1,1,4,0,70,2,1,1,28,1,high,1.0,8.0
19021,280187,1,1,4,0,55,1,1,1,28,0,high,1.0,9.0
19022,280188,2,5,4,3,55,1,1,1,28,0,low,0.4,7.0
19023,280189,1,2,4,0,35,1,1,1,28,0,low,0.5,0.0
19024,280190,1,1,2,0,55,3,1,1,28,0,high,1.0,10.0
19025,280191,1,3,3,4,45,1,1,1,28,0,low,0.3333333333333333,6.0
19026,280192,1,1,4,0,55,2,1,1,28,1,high,1.0,8.0
19027,280193,1,3,4,0,35,2,1,1,28,0,low,0.3333333333333333,34.0
19028,280194,1,1,4,0,55,3,1,1,28,1,high,1.0,7.0
19029,280195,2,3,4,0,55,1,1,1,28,0,high,0.6666666666666666,25.0
19030,280196,1,2,4,0,60,3,1,1,28,0,low,0.5,29.0
19031,280197,1,2,4,1,70,2,1,1,28,0,low,0.5,4.0
19032,280198,1,2,4,0,55,1,1,1,28,0,low,0.5,34.0
19033,280199,1,3,4,1,70,2,1,1,28,0,low,0.3333333333333333,16.0
19034,280200,1,2,4,0,45,2,2,2,28,0,low,0.5,10.0
19035,280201,1,3,4,1,55,1,1,1,28,0,low,0.3333333333333333,16.0
19036,280202,1,3,4,0,45,2,1,1,28,0,low,0.3333333333333333,38.0
19037,280203,1,1,4,0,30,1,1,1,28,0,high,1.0,15.0
19038,280204,1,1,4,0,55,1,1,1,28,0,high,1.0,30.0
19039,280205,1,1,4,0,55,5,1,1,28,0,high,1.0,41.0
19040,280206,1,2,1,2,55,1,1,1,28,0,low,0.5,55.0
19041,280207,1,1,1,0,30,2,1,1,28,0,high,1.0,15.0
19042,280208,1,1,1,0,50,2,1,1,28,0,high,1.0,42.0