,ST_CASE,FATALS,PERSONS,MONTH,MAN_COLL,SP_LIMIT,LGT_COND,WEATHER,SUR_COND,STATE,DRUNK_DR,rate,rate_numerical,arrival_time
19043,280209,1,1,2,0,55,1,1,1,28,1,high,1.0,20.0
19044,280210,1,1,2,0,25,1,1,1,28,0,high,1.0,12.0
19045,280211,1,4,2,4,55,1,1,1,28,0,low,0.25,52.0
19046,280212,1,2,3,0,35,3,1,1,28,0,low,0.5,13.0
19047,280213,1,1,3,0,45,1,1,1,28,0,high,1.0,59.0
19048,280214,1,2,3,8,70,1,1,1,28,0,low,0.5,8.0
19049,280215,1,2,3,0,30,5,1,1,28,0,low,0.5,9.0
19050,280216,1,1,4,0,70,1,2,2,28,0,high,1.0,55.0
19051,280217,1,3,4,3,55,1,1,1,28,0,low,0.3333333333333333,26.0
19052,280218,1,1,4,0,55,1,1,1,28,0,high,1.0,17.0
19053,280219,1,1,4,0,35,1,1,1,28,0,high,1.0,9.0
19054,280220,1,1,4,0,55,2,1,1,28,0,high,1.0,15.0
19055,280221,1,2,4,1,60,1,1,1,28,0,low,0.5,6.0
19056,280222,1,4,4,4,55,2,1,1,28,0,low,0.25,17.0
19057,280223,1,1,4,0,30,1,1,1,28,0,high,1.0,29.0
19058,280224,1,1,4,0,60,1,1,1,28,1,high,1.0,11.0
19059,280225,1,2,4,0,55,1,1,1,28,0,low,0.5,9.0
19060,280226,1,1,4,0,45,1,1,1,28,0,high,1.0,54.0
19061,280227,1,1,4,0,40,1,1,1,28,0,high,1.0,57.0
19062,280228,1,1,4,0,70,3,1,1,28,1,high,1.0,8.0
19063,280229,5,11,4,0,70,3,1,1,28,0,low,0.45454545454545453,0.0
19064,280230,1,1,5,0,55,1,1,1,28,0,high,1.0,0.0
19065,280231,1,3,5,1,55,2,1,1,28,0,low,0.3333333333333333,34.0
19066,280232,1,2,5,2,70,1,1,1,28,0,low,0.5,51.0
19067,280233,1,2,5,0,55,1,1,1,28,0,low,0.5,15.0
19068,280234,1,1,5,0,55,1,1,1,28,0,high,1.0,7.0
19069,280235,1,1,5,0,35,3,1,1,28,1,high,1.0,1.0
19070,280236,1,1,5,0,35,2,1,1,28,0,high,1.0,18.0
19071,280237,1,1,5,0,55,2,1,1,28,0,high,1.0,10.0
19072,280238,1,1,5,0,45,1,1,1,28,0,high,1.0,13.0
19073,280239,1,3,5,0,50,1,1,1,28,0,low,0.3333333333333333,11.0
19074,280240,1,3,5,0,55,1,2,2,28,0,low,0.3333333333333333,19.0
19075,280241,1,1,5,0,55,2,1,1,28,0,high,1.0,7.0
19076,280242,1,1,5,0,55,1,1,1,28,0,high,1.0,21.0
19077,280243,1,2,5,0,45,1,1,1,28,0,low,0.5,30.0
19078,280244,1,1,5,0,55,1,1,1,28,0,high,1.0,10.0
19079,280245,1,1,5,0,55,2,1,1,28,0,high,1.0,25.0
19080,280246,1,3,5,2,65,2,1,1,28,0,low,0.3333333333333333,27.0
19081,280247,1,4,5,5,65,1,1,1,28,1,low,0.25,8.0
19082,280248,1,1,5,0,55,2,1,1,28,0,high,1.0,0.0
19083,280249,1,1,5,0,35,1,1,1,28,0,high,1.0,3.0
19084,280250,1,2,5,0,45,2,1,1,28,0,low,0.5,33.0
19085,280251,1,2,5,1,65,2,1,1,28,0,low,0.5,16.0
19086,280252,1,2,5,0,30,2,1,1,28,0,low,0.5,4.0
19087,280253,1,5,5,5,45,3,2,2,28,0,low,0.2,26.0
19088,280254,1,2,5,4,55,1,1,1,28,0,low,0.5,12.0
19089,280255,1,2,5,2,55,1,1,1,28,0,low,0.5,45.0
19090,280256,1,1,5,0,30,2,1,1,28,0,high,1.0,15.0
19091,280257,1,1,5,0,30,1,1,1,28,0,high,1.0,45.0
19092,280258,1,1,5,0,50,1,1,1,28,0,high,1.0,45.0
19093,280259,1,2,5,2,55,1,1,1,28,0,low,0.5,29.0
19094,280260,1,1,5,0,45,2,1,1,28,0,high,1.0,9.0
19095,280261,1,1,5,0,45,1,1,1,28,0,high,1.0,33.0
19096,280262,1,1,5,0,65,3,1,1,28,0,high,1.0,9.0
19097,280263,2,3,5,0,65,2,1,1,28,0,high,0.6666666666666666,50.0
19098,280264,1,5,5,1,65,2,1,1,28,0,low,0.2,45.0
19099,280265,1,4,5,0,55,1,1,1,28,0,low,0.25,58.0
19100,280266,2,2,5,0,55,2,1,1,28,0,high,1.0,25.0
19101,280267,1,3,5,2,55,1,1,1,28,0,low,0.3333333333333333,46.0
19102,280268,1,1,5,0,45,1,1,1,28,0,high,1.0,15.0
19103,280269,1,3,5,1,65,1,1,1,28,0,low,0.3333333333333333,10.0
19104,280270,1,1,5,0,45,2,1,1,28,0,high,1.0,17.0
19105,280271,1,4,5,0,55,2,1,1,28,0,low,0.25,33.0
19106,280272,1,1,5,0,55,2,1,1,28,0,high,1.0,50.0
19107,280273,1,2,5,0,25,1,1,1,28,0,low,0.5,10.0
19108,280274,1,4,5,0,55,3,1,1,28,0,low,0.25,14.0
19109,280275,1,2,5,1,55,1,1,1,28,0,low,0.5,6.0
19110,280276,1,1,5,0,55,1,1,1,28,0,high,1.0,21.0
19111,280277,1,1,5,0,55,2,1,1,28,0,high,1.0,10.0
19112,280278,1,1,5,0,35,1,1,1,28,0,high,1.0,10.0
19113,280279,1,2,5,0,70,1,1,1,28,0,low,0.5,4.0
19114,280280,1,2,5,0,30,2,1,1,28,0,low,0.5,27.0
19115,280281,1,2,5,1,50,1,2,2,28,0,low,0.5,56.0
19116,280282,1,1,5,0,55,1,1,1,28,0,high,1.0,3.0
19117,280283,1,2,5,4,45,2,1,1,28,0,low,0.5,8.0
19118,280284,1,2,5,0,25,1,1,1,28,0,low,0.5,38.0
19119,280285,1,3,3,1,55,2,1,1,28,0,low,0.3333333333333333,13.0
19120,280286,1,4,4,3,25,1,1,1,28,0,low,0.25,8.0
19121,280287,1,2,4,4,45,1,1,1,28,0,low,0.5,15.0
19122,280288,2,2,5,0,55,2,2,2,28,2,high,1.0,4.0
19123,280289,1,1,5,0,55,2,2,2,28,0,high,1.0,25.0
19124,280290,1,1,5,0,40,2,1,1,28,1,high,1.0,4.0
19125,280291,1,5,5,1,50,1,1,1,28,0,low,0.2,6.0
19126,280292,1,2,5,4,45,1,1,1,28,0,low,0.5,7.0
19127,280293,2,5,5,0,70,2,1,1,28,0,low,0.4,14.0
19128,280294,1,2,5,2,40,1,1,1,28,0,low,0.5,25.0
19129,280295,1,7,5,0,70,2,1,1,28,0,low,0.14285714285714285,4.0
19130,280296,1,3,5,4,55,1,1,1,28,0,low,0.3333333333333333,24.0
19131,280297,1,1,5,0,55,2,1,1,28,0,high,1.0,10.0
19132,280298,1,2,3,2,55,1,1,1,28,0,low,0.5,11.0
19133,280299,1,1,6,0,55,2,1,1,28,0,high,1.0,7.0
19134,280300,1,5,6,8,45,2,1,1,28,0,low,0.2,45.0
19135,280301,1,1,6,0,65,2,1,1,28,0,high,1.0,13.0
19136,280302,1,2,6,2,35,1,1,1,28,0,low,0.5,36.0
19137,280303,1,1,6,0,35,1,1,1,28,0,high,1.0,5.0
19138,280304,2,3,6,4,45,1,1,1,28,1,high,0.6666666666666666,41.0
19139,280305,1,4,6,0,70,1,1,1,28,0,low,0.25,55.0
19140,280306,1,1,6,0,50,2,1,1,28,0,high,1.0,28.0
19141,280307,1,2,6,5,45,1,1,1,28,0,low,0.5,35.0
19142,280308,1,1,6,0,30,1,1,1,28,0,high,1.0,5.0
19143,280309,1,2,6,4,65,1,1,1,28,0,low,0.5,44.0
19144,280310,1,1,6,0,55,1,1,1,28,0,high,1.0,11.0
19145,280311,1,1,6,0,55,2,1,1,28,0,high,1.0,25.0
19146,280312,1,1,6,0,30,3,1,1,28,0,high,1.0,53.0
19147,280313,1,1,6,0,55,2,1,1,28,0,high,1.0,4.0
19148,280314,3,3,6,2,55,2,1,2,28,0,high,1.0,8.0
19149,280315,1,1,6,0,50,1,1,1,28,0,high,1.0,36.0
19150,280316,1,1,6,0,55,2,1,1,28,0,high,1.0,8.0
19151,280317,1,1,6,0,55,1,1,1,28,0,high,1.0,10.0
19152,280318,1,1,6,0,55,1,1,1,28,0,high,1.0,4.0
19153,280319,2,3,6,3,55,3,1,1,28,0,high,0.6666666666666666,88.0
19154,280320,1,2,6,2,55,1,1,1,28,0,low,0.5,55.0
19155,280321,1,1,6,0,55,1,1,1,28,0,high,1.0,57.0
19156,280322,1,3,6,1,60,1,1,1,28,0,low,0.3333333333333333,23.0
19157,280323,1,2,6,0,45,1,1,1,28,0,low,0.5,58.0
19158,280324,1,1,6,0,40,2,1,1,28,1,high,1.0,50.0
19159,280325,1,2,6,1,65,1,1,1,28,0,low,0.5,32.0
19160,280326,1,2,6,0,55,1,1,1,28,0,low,0.5,45.0
19161,280327,2,3,6,1,60,1,1,1,28,0,high,0.6666666666666666,2.0
19162,280328,1,1,6,0,35,1,1,1,28,0,high,1.0,11.0
19163,280329,1,2,6,0,0,2,1,1,28,0,low,0.5,26.0
19164,280330,1,5,6,3,55,2,1,1,28,0,low,0.2,17.0
19165,280331,1,1,6,0,50,3,1,1,28,1,high,1.0,44.0
19166,280332,1,2,5,2,55,1,1,1,28,0,low,0.5,42.0
19167,280333,1,2,5,4,55,1,2,2,28,0,low,0.5,23.0
19168,280334,1,2,6,0,55,1,1,1,28,0,low,0.5,17.0
19169,280335,1,1,5,0,40,2,1,1,28,0,high,1.0,22.0
19170,280336,1,2,5,0,40,2,1,1,28,0,low,0.5,9.0
19171,280337,1,1,6,0,65,1,1,1,28,0,high,1.0,14.0
19172,280338,2,5,6,1,70,1,1,1,28,0,low,0.4,12.0
19173,280339,1,2,6,0,55,3,1,1,28,0,low,0.5,41.0
19174,280340,1,4,6,3,45,1,1,1,28,0,low,0.25,7.0
19175,280341,1,1,6,0,45,2,1,1,28,0,high,1.0,15.0
19176,280342,2,2,6,2,70,2,1,1,28,0,high,1.0,17.0
19177,280343,2,3,6,0,70,1,1,1,28,0,high,0.6666666666666666,7.0
19178,280344,1,2,6,2,55,2,1,1,28,0,low,0.5,6.0
19179,280345,2,3,6,0,65,2,1,1,28,1,high,0.6666666666666666,15.0
19180,280346,1,1,6,0,65,1,1,1,28,0,high,1.0,10.0
19181,280347,2,4,6,2,55,1,1,1,28,0,low,0.5,35.0
19182,280348,1,1,6,0,55,1,1,1,28,0,high,1.0,35.0
19183,280349,1,2,6,0,60,1,1,1,28,0,low,0.5,22.0
19184,280350,1,1,6,0,70,1,2,2,28,0,high,1.0,26.0
19185,280351,1,2,6,0,50,2,1,1,28,2,low,0.5,58.0
19186,280352,1,3,6,3,45,1,1,1,28,0,low,0.3333333333333333,11.0
19187,280353,1,1,6,0,50,2,1,1,28,0,high,1.0,23.0
19188,280354,1,1,6,0,35,1,1,1,28,0,high,1.0,44.0
19189,280355,1,1,6,0,35,1,1,1,28,0,high,1.0,59.0
19190,280356,1,1,6,0,45,2,1,1,28,0,high,1.0,23.0
19191,280357,1,1,6,0,45,2,1,1,28,1,high,1.0,26.0
19192,280358,1,4,6,2,45,1,1,1,28,0,low,0.25,3.0
19193,280359,1,2,6,1,70,4,1,1,28,0,low,0.5,11.0
19194,280360,1,1,6,0,55,2,1,1,28,1,high,1.0,47.0
19195,280361,1,2,3,0,55,1,1,1,28,0,low,0.5,52.0
19196,280362,1,1,6,0,65,2,1,1,28,0,high,1.0,3.0
19197,280363,1,2,6,0,70,2,1,1,28,0,low,0.5,38.0
19198,280364,1,1,6,0,55,2,1,1,28,0,high,1.0,20.0
19199,280365,2,5,6,4,50,1,1,1,28,0,low,0.4,36.0
19200,280366,1,1,6,0,50,1,1,1,28,0,high,1.0,45.0
19201,280367,1,3,6,0,45,1,1,1,28,0,low,0.3333333333333333,59.0
19202,280368,1,2,6,3,55,1,1,1,28,0,low,0.5,13.0
19203,280369,1,2,6,2,50,1,1,1,28,0,low,0.5,6.0
19204,280370,1,2,6,0,60,2,1,1,28,0,low,0.5,8.0
19205,280371,1,1,6,0,45,1,1,1,28,0,high,1.0,25.0
19206,280372,1,2,6,0,45,2,1,1,28,0,low,0.5,57.0
19207,280373,1,4,6,3,55,1,1,1,28,0,low,0.25,11.0
19208,280374,1,5,6,2,55,1,2,2,28,0,low,0.2,14.0
19209,280375,1,3,6,4,55,1,1,1,28,0,low,0.3333333333333333,3.0
19210,280376,1,2,6,2,45,2,2,2,28,0,low,0.5,2.0
19211,280377,1,3,6,0,35,2,1,1,28,0,low,0.3333333333333333,0.0
19212,280378,1,2,7,0,10,1,1,1,28,0,low,0.5,20.0
19213,280379,1,1,7,0,55,1,1,1,28,0,high,1.0,30.0
19214,280380,1,4,7,0,70,1,2,2,28,0,low,0.25,21.0
19215,280381,1,1,7,0,20,2,1,1,28,0,high,1.0,19.0
19216,280382,1,1,7,0,45,2,2,2,28,0,high,1.0,40.0
19217,280383,3,4,7,0,25,2,1,1,28,0,high,0.75,30.0
19218,280384,1,2,7,0,40,3,1,1,28,0,low,0.5,13.0
19219,280385,1,2,7,3,55,1,1,1,28,0,low,0.5,15.0
19220,280386,1,2,7,0,70,1,1,1,28,0,low,0.5,17.0
19221,280387,1,1,7,0,55,2,1,1,28,0,high,1.0,9.0
19222,280388,1,1,7,0,45,2,1,1,28,0,high,1.0,91.0
19223,280389,1,1,7,0,45,1,1,1,28,0,high,1.0,35.0
19224,280390,1,3,7,2,55,1,2,2,28,0,low,0.3333333333333333,33.0
19225,280391,1,5,7,0,70,1,1,1,28,0,low,0.2,9.0
19226,280392,1,1,7,0,50,1,1,1,28,0,high,1.0,45.0
19227,280393,1,2,7,5,55,1,1,1,28,0,low,0.5,14.0
19228,280394,1,1,7,0,70,1,2,2,28,0,high,1.0,11.0
19229,280395,1,1,7,0,45,1,1,1,28,0,high,1.0,24.0
19230,280396,1,1,7,0,55,2,1,1,28,0,high,1.0,7.0
19231,280397,3,4,7,2,55,1,2,2,28,0,high,0.75,40.0
19232,280398,2,3,7,0,60,3,2,2,28,0,high,0.6666666666666666,30.0
19233,280399,1,1,7,0,55,2,1,1,28,0,high,1.0,24.0
19234,280400,1,1,7,0,40,2,1,1,28,0,high,1.0,16.0
19235,280401,1,2,7,0,70,2,1,1,28,0,low,0.5,25.0
19236,280402,1,1,7,0,55,1,1,1,28,0,high,1.0,9.0
19237,280403,1,3,7,2,55,1,1,1,28,0,low,0.3333333333333333,0.0
19238,280404,1,3,7,0,55,2,1,1,28,0,low,0.3333333333333333,0.0
19239,280405,1,1,7,0,55,1,1,1,28,0,high,1.0,12.0
19240,280406,1,2,7,0,50,3,1,1,28,0,low,0.5,17.0
19241,280407,2,3,7,2,70,2,1,1,28,1,high,0.6666666666666666,23.0
19242,280408,1,3,7,0,55,2,1,1,28,1,low,0.3333333333333333,26.0
19243,280409,1,2,7,2,45,1,1,1,28,0,low,0.5,10.0
19244,280410,1,3,7,1,65,1,1,1,28,0,low,0.3333333333333333,6.0
19245,280411,1,2,7,0,55,1,1,1,28,0,low,0.5,11.0
19246,280412,1,4,7,2,55,1,1,1,28,0,low,0.25,49.0
19247,280413,1,1,7,0,35,2,1,1,28,0,high,1.0,3.0
19248,280414,1,1,7,0,55,1,1,1,28,0,high,1.0,4.0
19249,280415,1,1,4,0,35,2,1,1,28,0,high,1.0,53.0
19250,280416,1,7,6,0,65,1,1,1,28,0,low,0.14285714285714285,40.0
19251,280417,1,3,6,0,40,1,2,2,28,1,low,0.3333333333333333,26.0
19252,280418,1,3,6,0,55,1,1,1,28,0,low,0.3333333333333333,35.0
19253,280419,1,1,7,0,0,1,1,1,28,0,high,1.0,58.0
19254,280420,1,8,7,2,45,1,2,2,28,0,low,0.125,17.0
19255,280421,1,2,7,0,70,1,2,2,28,0,low,0.5,7.0
19256,280422,1,1,7,0,40,1,1,1,28,0,high,1.0,0.0
19257,280423,1,1,2,0,35,1,1,1,28,0,high,1.0,34.0
19258,280424,1,1,4,0,45,1,1,1,28,0,high,1.0,22.0
19259,280425,1,4,7,0,65,1,1,1,28,0,low,0.25,49.0
19260,280426,1,2,7,0,50,3,1,1,28,1,low,0.5,57.0
19261,280427,1,6,7,2,70,1,1,1,28,0,low,0.16666666666666666,34.0
19262,280428,1,1,7,0,35,3,2,2,28,0,high,1.0,49.0
19263,280429,1,4,7,0,70,2,1,1,28,0,low,0.25,7.0
19264,280430,1,2,7,0,45,1,1,1,28,0,low,0.5,46.0
19265,280431,1,1,7,0,55,2,1,1,28,1,high,1.0,30.0
19266,280432,1,2,7,1,70,1,1,1,28,0,low,0.5,18.0
19267,280433,1,4,7,1,65,1,1,1,28,0,low,0.25,5.0
19268,280434,1,2,7,3,65,4,1,1,28,0,low,0.5,55.0
19269,280435,1,3,7,4,45,5,1,1,28,0,low,0.3333333333333333,21.0
19270,280436,1,1,7,0,45,1,1,1,28,0,high,1.0,11.0
19271,280437,1,4,7,0,70,1,1,1,28,0,low,0.25,15.0
19272,280438,1,2,7,4,55,1,1,1,28,1,low,0.5,30.0
19273,280439,1,2,7,1,45,1,1,1,28,0,low,0.5,30.0
19274,280440,1,1,5,0,35,1,1,1,28,0,high,1.0,6.0
19275,280441,1,1,5,0,45,1,2,2,28,0,high,1.0,5.0
19276,280442,1,1,5,0,55,1,1,1,28,0,high,1.0,54.0
19277,280443,1,2,5,0,20,1,1,1,28,2,low,0.5,27.0
19278,280444,1,1,5,0,55,2,1,1,28,1,high,1.0,31.0
19279,280445,1,1,5,0,70,2,1,1,28,0,high,1.0,48.0
19280,280446,1,2,5,2,0,3,1,1,28,0,low,0.5,0.0
19281,280447,1,2,5,3,45,1,1,1,28,0,low,0.5,35.0
19282,280448,1,2,8,0,70,1,1,2,28,0,low,0.5,41.0
19283,280449,1,1,8,0,55,1,1,1,28,0,high,1.0,8.0
19284,280450,1,2,8,2,55,1,1,1,28,0,low,0.5,3.0
19285,280451,1,2,8,0,55,2,1,1,28,0,low,0.5,50.0
19286,280452,4,4,8,0,55,1,1,1,28,0,high,1.0,38.0
19287,280453,1,2,8,1,65,2,1,1,28,0,low,0.5,20.0
19288,280454,1,1,8,0,65,2,1,1,28,1,high,1.0,40.0
19289,280455,1,1,8,0,45,2,1,1,28,0,high,1.0,50.0
19290,280456,1,1,8,0,50,1,1,1,28,0,high,1.0,4.0
19291,280457,1,1,8,0,55,2,1,1,28,1,high,1.0,11.0
19292,280458,1,1,8,0,45,2,1,1,28,0,high,1.0,0.0
19293,280459,1,1,8,0,40,2,1,1,28,0,high,1.0,45.0
19294,280460,1,3,8,0,35,4,1,1,28,1,low,0.3333333333333333,40.0
19295,280461,1,1,8,0,70,1,1,1,28,0,high,1.0,30.0
19296,280462,1,3,8,0,70,1,1,1,28,0,low,0.3333333333333333,58.0
19297,280463,2,2,1,0,50,1,1,1,28,0,high,1.0,4.0
19298,280464,1,1,7,0,50,1,1,1,28,0,high,1.0,40.0
19299,280465,1,1,8,0,45,2,2,2,28,0,high,1.0,32.0
19300,280466,1,1,8,0,60,2,1,1,28,0,high,1.0,9.0
19301,280467,1,2,8,1,50,1,1,1,28,0,low,0.5,30.0
19302,280468,1,1,8,0,70,1,1,1,28,0,high,1.0,7.0
19303,280469,1,1,8,0,35,2,1,1,28,0,high,1.0,11.0
19304,280470,1,2,8,0,45,2,1,1,28,1,low,0.5,8.0
19305,280471,2,5,8,4,35,2,1,1,28,1,low,0.4,30.0
19306,280472,1,1,8,0,70,1,1,1,28,0,high,1.0,12.0
19307,280473,1,1,8,0,35,1,1,1,28,0,high,1.0,26.0
19308,280474,1,1,8,0,40,1,1,1,28,0,high,1.0,55.0
19309,280475,1,2,8,5,35,1,1,1,28,0,low,0.5,48.0
19310,280476,1,1,8,0,55,3,1,1,28,1,high,1.0,7.0
19311,280477,1,2,8,4,45,1,1,1,28,0,low,0.5,5.0
19312,280478,3,4,8,4,65,2,1,1,28,0,high,0.75,20.0
19313,280479,1,1,8,0,65,1,1,1,28,0,high,1.0,3.0
19314,280480,1,2,8,2,55,1,1,1,28,0,low,0.5,10.0
19315,280481,1,1,8,0,50,1,1,1,28,0,high,1.0,29.0
19316,280482,1,1,8,0,55,1,1,1,28,0,high,1.0,6.0
19317,280483,1,1,8,0,65,2,1,1,28,0,high,1.0,16.0
19318,280484,1,1,8,0,65,1,1,1,28,0,high,1.0,18.0
19319,280485,1,2,8,0,65,2,1,1,28,0,low,0.5,8.0
19320,280486,2,2,8,0,45,2,1,1,28,0,high,1.0,30.0
19321,280487,1,1,8,0,55,1,1,1,28,0,high,1.0,41.0
19322,280488,1,2,8,0,25,1,1,1,28,0,low,0.5,12.0
19323,280489,1,1,8,0,55,2,1,1,28,0,high,1.0,25.0
19324,280490,1,1,8,0,65,1,1,1,28,0,high,1.0,34.0
19325,280491,1,4,8,2,70,1,1,1,28,0,low,0.25,8.0
19326,280492,1,1,8,0,65,1,1,1,28,0,high,1.0,10.0
19327,280493,1,1,8,0,55,1,1,1,28,0,high,1.0,5.0
19328,280494,1,1,8,0,55,2,1,1,28,0,high,1.0,10.0
19329,280495,1,4,8,1,70,3,1,1,28,0,low,0.25,2.0
19330,280496,1,3,8,3,55,1,1,1,28,0,low,0.3333333333333333,8.0
19331,280497,1,1,8,0,35,3,1,1,28,0,high,1.0,7.0
19332,280498,1,2,8,0,65,1,1,1,28,0,low,0.5,34.0
19333,280499,1,6,8,2,55,1,2,2,28,0,low,0.16666666666666666,25.0
19334,280500,1,1,8,0,40,2,1,1,28,0,high,1.0,30.0
19335,280501,1,1,8,0,65,2,1,1,28,0,high,1.0,23.0
19336,280502,1,3,8,4,55,1,1,1,28,0,low,0.3333333333333333,3.0
19337,280503,1,2,8,3,45,1,1,1,28,0,low,0.5,32.0
19338,280504,1,1,8,0,55,2,1,1,28,0,high,1.0,8.0
19339,280505,2,3,8,0,55,2,1,1,28,0,high,0.6666666666666666,9.0
19340,280506,1,3,8,1,55,2,1,1,28,1,low,0.3333333333333333,37.0
19341,280507,1,1,8,0,65,1,1,1,28,0,high,1.0,24.0
19342,280508,1,3,8,0,55,2,1,1,28,0,low,0.3333333333333333,30.0
19343,280509,1,2,8,0,55,4,1,1,28,0,low,0.5,32.0
19344,280510,1,1,9,0,70,1,1,1,28,0,high,1.0,15.0
19345,280511,1,1,9,0,70,1,1,1,28,0,high,1.0,6.0
19346,280512,1,2,9,0,40,1,2,2,28,0,low,0.5,15.0
19347,280513,1,4,9,2,55,1,2,2,28,0,low,0.25,25.0
19348,280514,1,1,9,0,55,2,1,1,28,0,high,1.0,0.0
19349,280515,1,1,9,0,45,1,1,1,28,0,high,1.0,35.0
19350,280516,1,3,9,1,45,3,1,1,28,0,low,0.3333333333333333,8.0
19351,280517,2,2,9,0,55,1,1,1,28,0,high,1.0,25.0
19352,280518,1,1,9,0,45,2,1,1,28,0,high,1.0,39.0
19353,280519,2,2,9,2,55,2,2,2,28,2,high,1.0,26.0
19354,280520,1,2,9,4,65,1,1,1,28,0,low,0.5,35.0
19355,280521,3,4,9,4,65,2,1,1,28,0,high,0.75,31.0
19356,280522,1,1,9,0,55,1,1,1,28,0,high,1.0,9.0
19357,280523,1,2,9,0,55,1,1,1,28,0,low,0.5,18.0
19358,280524,2,3,9,4,65,1,1,1,28,1,high,0.6666666666666666,22.0
19359,280525,1,1,9,0,70,1,1,1,28,0,high,1.0,38.0
19360,280526,1,2,9,0,45,2,2,2,28,0,low,0.5,8.0
19361,280527,1,2,9,0,40,1,1,1,28,0,low,0.5,4.0
19362,280528,1,1,9,0,35,1,2,2,28,0,high,1.0,12.0
19363,280529,1,2,9,0,55,2,1,1,28,0,low,0.5,41.0
19364,280530,1,2,9,0,45,3,1,1,28,0,low,0.5,8.0
19365,280531,1,1,9,0,45,2,1,1,28,0,high,1.0,30.0
19366,280532,1,6,9,2,55,1,2,2,28,0,low,0.16666666666666666,40.0
19367,280533,1,3,9,0,55,1,1,1,28,0,low,0.3333333333333333,35.0
19368,280534,1,3,9,4,35,1,1,1,28,0,low,0.3333333333333333,35.0
19369,280535,1,6,9,3,55,3,1,1,28,0,low,0.16666666666666666,47.0
19370,280536,1,2,9,0,30,2,1,1,28,1,low,0.5,7.0
19371,280537,1,4,9,1,30,2,1,1,28,0,low,0.25,12.0
19372,280538,1,1,6,0,25,1,1,1,28,0,high,1.0,32.0
19373,280539,1,4,6,2,70,1,2,2,28,0,low,0.25,16.0
19374,280540,1,6,6,3,55,3,1,1,28,0,low,0.16666666666666666,37.0
19375,280541,1,2,7,0,40,2,2,2,28,0,low,0.5,5.0
19376,280542,1,1,7,0,25,3,1,1,28,0,high,1.0,31.0
19377,280543,1,1,7,0,45,1,1,1,28,0,high,1.0,38.0
19378,280544,1,1,8,0,45,2,1,1,28,0,high,1.0,13.0
19379,280545,1,1,8,0,35,1,1,1,28,0,high,1.0,21.0
19380,280546,1,1,8,0,45,1,1,1,28,0,high,1.0,9.0
19381,280547,1,1,9,0,50,2,1,1,28,0,high,1.0,44.0
19382,280548,1,1,9,0,45,3,1,1,28,0,high,1.0,13.0
19383,280549,2,6,9,1,70,2,1,1,28,0,low,0.3333333333333333,18.0
19384,280550,1,3,9,5,45,1,1,1,28,0,low,0.3333333333333333,15.0
19385,280551,1,3,9,4,65,1,1,1,28,0,low,0.3333333333333333,20.0
19386,280552,1,2,9,1,70,2,1,1,28,0,low,0.5,52.0
19387,280553,1,2,9,2,45,2,1,1,28,0,low,0.5,95.0
19388,280554,1,3,9,1,70,1,1,1,28,0,low,0.3333333333333333,50.0
19389,280555,2,4,9,3,70,5,1,1,28,0,low,0.5,9.0
19390,280556,1,1,9,0,0,1,1,1,28,0,high,1.0,25.0
19391,280557,1,3,9,1,70,2,1,1,28,0,low,0.3333333333333333,20.0
19392,280558,1,1,9,0,55,1,1,1,28,1,high,1.0,21.0
19393,280559,1,1,9,0,55,2,1,1,28,0,high,1.0,15.0
19394,280560,1,4,9,1,70,4,1,1,28,0,low,0.25,8.0
19395,280561,1,3,9,0,30,1,1,1,28,0,low,0.3333333333333333,7.0
19396,280562,1,2,9,2,55,1,1,1,28,1,low,0.5,16.0
19397,280563,1,2,9,0,40,1,1,1,28,0,low,0.5,7.0
19398,280564,1,2,9,0,45,2,1,1,28,0,low,0.5,30.0
19399,280565,1,2,9,2,55,3,1,2,28,0,low,0.5,36.0
19400,280566,1,2,9,3,40,1,1,1,28,0,low,0.5,5.0
19401,280567,1,2,9,0,45,2,1,1,28,0,low,0.5,7.0
19402,280568,1,2,9,5,45,1,2,2,28,0,low,0.5,15.0
19403,280569,2,3,9,2,55,2,1,1,28,0,high,0.6666666666666666,18.0
19404,280570,1,1,9,0,45,2,1,1,28,1,high,1.0,19.0
19405,280571,1,1,9,0,55,1,1,1,28,0,high,1.0,32.0
19406,280572,1,1,9,0,55,2,1,1,28,0,high,1.0,38.0
19407,280573,1,2,9,0,55,2,1,1,28,1,low,0.5,5.0
19408,280574,1,2,9,3,55,1,1,1,28,0,low,0.5,8.0
19409,280575,1,1,9,0,70,1,1,1,28,0,high,1.0,54.0
19410,280576,2,3,9,2,55,1,1,1,28,0,high,0.6666666666666666,364.0
19411,280577,1,1,6,0,35,2,2,2,28,0,high,1.0,22.0
19412,280578,1,1,10,0,55,1,1,1,28,0,high,1.0,19.0
19413,280579,1,4,10,0,45,1,1,1,28,0,low,0.25,47.0
19414,280580,1,4,10,4,55,1,1,1,28,0,low,0.25,10.0
19415,280581,1,1,10,0,55,1,1,1,28,0,high,1.0,30.0
19416,280582,1,2,10,3,35,1,1,1,28,0,low,0.5,14.0
19417,280583,2,4,10,2,55,1,1,1,28,0,low,0.5,45.0
19418,280584,1,3,10,1,55,2,1,1,28,0,low,0.3333333333333333,28.0
19419,280585,1,1,10,0,55,2,1,1,28,0,high,1.0,16.0