,ST_CASE,FATALS,PERSONS,MONTH,MAN_COLL,SP_LIMIT,LGT_COND,WEATHER,SUR_COND,STATE,DRUNK_DR,rate,rate_numerical,arrival_time
19420,280586,1,3,10,2,55,1,1,1,28,0,low,0.3333333333333333,14.0
19421,280587,1,1,10,0,45,1,1,1,28,1,high,1.0,9.0
19422,280588,1,2,10,0,55,1,1,1,28,0,low,0.5,6.0
19423,280589,1,1,10,0,65,1,1,1,28,0,high,1.0,5.0
19424,280590,1,1,10,0,55,2,2,2,28,0,high,1.0,24.0
19425,280591,1,1,10,0,45,2,1,1,28,0,high,1.0,0.0
19426,280592,1,3,10,2,55,1,1,1,28,0,low,0.3333333333333333,19.0
19427,280593,1,2,10,4,40,3,1,1,28,0,low,0.5,30.0
19428,280594,1,1,10,0,55,1,1,1,28,0,high,1.0,35.0
19429,280595,1,3,10,0,55,2,1,1,28,0,low,0.3333333333333333,13.0
19430,280596,4,5,10,2,55,2,1,1,28,1,high,0.8,24.0
19431,280597,1,1,10,0,55,1,1,1,28,0,high,1.0,6.0
19432,280598,1,2,10,0,70,2,1,1,28,0,low,0.5,40.0
19433,280599,1,4,10,2,70,2,1,1,28,0,low,0.25,2.0
19434,280600,1,3,10,1,65,1,1,1,28,0,low,0.3333333333333333,48.0
19435,280601,1,2,10,0,55,1,1,1,28,0,low,0.5,51.0
19436,280602,1,4,10,6,70,2,2,2,28,0,low,0.25,65.0
19437,280603,1,4,10,1,55,1,1,1,28,0,low,0.25,39.0
19438,280604,1,2,10,1,45,2,1,1,28,0,low,0.5,14.0
19439,280605,1,2,10,1,70,1,1,1,28,0,low,0.5,16.0
19440,280606,1,2,10,3,55,4,1,1,28,0,low,0.5,18.0
19441,280607,1,2,10,0,55,1,1,1,28,0,low,0.5,40.0
19442,280608,1,2,10,4,55,1,1,1,28,0,low,0.5,17.0
19443,280609,1,1,10,0,55,2,1,1,28,0,high,1.0,10.0
19444,280610,1,2,10,0,45,1,1,1,28,0,low,0.5,4.0
19445,280611,1,1,10,0,65,2,1,1,28,0,high,1.0,6.0
19446,280612,1,2,10,0,55,2,1,1,28,0,low,0.5,55.0
19447,280613,1,2,10,4,35,1,1,1,28,0,low,0.5,16.0
19448,280614,1,1,10,0,65,2,1,1,28,0,high,1.0,46.0
19449,280615,1,3,10,3,40,2,1,1,28,0,low,0.3333333333333333,7.0
19450,280616,1,4,10,2,55,1,2,2,28,0,low,0.25,10.0
19451,280617,1,3,10,4,55,1,1,1,28,0,low,0.3333333333333333,9.0
19452,280618,1,1,10,0,55,2,2,2,28,1,high,1.0,30.0
19453,280619,1,2,10,0,45,1,1,1,28,0,low,0.5,33.0
19454,280620,1,1,10,0,45,2,1,1,28,0,high,1.0,61.0
19455,280621,1,5,10,2,55,1,1,1,28,0,low,0.2,35.0
19456,280622,1,3,10,0,55,2,1,1,28,0,low,0.3333333333333333,7.0
19457,280623,1,3,10,6,45,1,1,1,28,0,low,0.3333333333333333,5.0
19458,280624,1,3,10,2,45,3,1,1,28,0,low,0.3333333333333333,8.0
19459,280625,1,2,10,1,30,2,1,1,28,0,low,0.5,14.0
19460,280626,1,2,10,1,65,2,1,1,28,0,low,0.5,10.0
19461,280627,1,1,10,0,35,1,1,1,28,0,high,1.0,12.0
19462,280628,1,1,10,0,55,1,2,2,28,0,high,1.0,48.0
19463,280629,1,2,10,2,45,1,2,2,28,0,low,0.5,7.0
19464,280630,1,1,10,0,70,2,1,1,28,0,high,1.0,4.0
19465,280631,1,2,10,1,65,1,1,1,28,0,low,0.5,50.0
19466,280632,1,4,10,4,55,2,1,1,28,0,low,0.25,9.0
19467,280633,1,1,10,0,45,2,2,2,28,0,high,1.0,12.0
19468,280634,1,3,10,2,55,3,2,2,28,1,low,0.3333333333333333,20.0
19469,280635,1,2,10,2,55,2,1,1,28,0,low,0.5,6.0
19470,280636,1,5,10,0,70,1,1,1,28,0,low,0.2,13.0
19471,280637,1,1,10,0,55,1,1,1,28,0,high,1.0,12.0
19472,280638,1,3,10,0,45,2,1,1,28,0,low,0.3333333333333333,17.0
19473,280639,1,1,10,0,55,1,1,1,28,1,high,1.0,7.0
19474,280640,1,2,10,2,35,1,1,1,28,0,low,0.5,6.0
19475,280641,1,1,10,0,55,2,1,1,28,0,high,1.0,26.0
19476,280642,1,2,10,2,55,1,1,1,28,0,low,0.5,5.0
19477,280643,1,2,10,2,40,1,1,1,28,0,low,0.5,54.0
19478,280644,1,1,10,0,70,1,1,1,28,0,high,1.0,12.0
19479,280645,1,1,10,0,70,2,1,1,28,0,high,1.0,5.0
19480,280646,1,2,2,0,55,1,1,1,28,0,low,0.5,20.0
19481,280647,1,5,5,2,45,1,1,1,28,0,low,0.2,169.0
19482,280648,1,3,6,1,70,1,1,1,28,0,low,0.3333333333333333,4.0
19483,280649,1,1,6,0,0,1,9,9,28,0,high,1.0,18.0
19484,280650,1,4,6,0,55,1,1,1,28,0,low,0.25,4.0
19485,280651,1,1,6,0,45,2,1,1,28,0,high,1.0,58.0
19486,280652,1,3,6,0,65,5,1,1,28,0,low,0.3333333333333333,33.0
19487,280653,1,2,6,1,65,3,1,1,28,0,low,0.5,55.0
19488,280654,1,3,8,0,55,1,2,2,28,0,low,0.3333333333333333,8.0
19489,280655,1,1,10,0,65,2,1,1,28,0,high,1.0,8.0
19490,280656,1,2,10,0,0,1,1,1,28,0,low,0.5,8.0
19491,280657,1,1,10,0,60,3,1,1,28,1,high,1.0,44.0
19492,280658,1,1,11,0,25,1,1,1,28,0,high,1.0,11.0
19493,280659,1,2,11,2,60,1,1,1,28,0,low,0.5,50.0
19494,280660,2,3,11,2,35,1,1,1,28,0,high,0.6666666666666666,12.0
19495,280661,1,5,11,4,30,2,1,1,28,0,low,0.2,11.0
19496,280662,1,3,11,0,55,1,1,1,28,0,low,0.3333333333333333,15.0
19497,280663,1,7,11,5,30,1,1,1,28,0,low,0.14285714285714285,37.0
19498,280664,2,2,11,2,55,1,1,1,28,0,high,1.0,45.0
19499,280665,2,4,11,4,55,1,1,1,28,0,low,0.5,54.0
19500,280666,1,1,11,0,45,2,1,1,28,0,high,1.0,40.0
19501,280667,1,1,11,0,55,2,1,1,28,0,high,1.0,16.0
19502,280668,1,1,11,0,40,3,1,1,28,1,high,1.0,40.0
19503,280669,1,2,11,0,20,1,1,1,28,0,low,0.5,24.0
19504,280670,1,2,7,2,50,1,1,1,28,0,low,0.5,8.0
19505,280671,1,1,11,0,70,1,1,1,28,0,high,1.0,25.0
19506,280672,1,3,11,4,65,1,1,1,28,0,low,0.3333333333333333,5.0
19507,280673,2,4,11,2,60,3,1,1,28,0,low,0.5,10.0
19508,280674,1,3,11,0,70,2,1,1,28,0,low,0.3333333333333333,17.0
19509,280675,1,3,11,1,45,1,1,1,28,0,low,0.3333333333333333,13.0
19510,280676,1,1,11,0,45,2,1,1,28,0,high,1.0,10.0
19511,280677,1,2,11,0,35,3,1,1,28,0,low,0.5,4.0
19512,280678,1,2,11,0,45,3,1,1,28,0,low,0.5,4.0
19513,280679,1,2,11,0,30,2,1,1,28,0,low,0.5,5.0
19514,280680,1,3,11,1,40,1,1,1,28,0,low,0.3333333333333333,24.0
19515,280681,1,2,11,2,45,1,1,1,28,0,low,0.5,97.0
19516,280682,1,1,11,0,45,3,1,1,28,0,high,1.0,28.0
19517,280683,1,2,11,0,55,2,1,1,28,0,low,0.5,15.0
19518,280684,1,4,11,2,55,1,1,1,28,0,low,0.25,7.0
19519,280685,1,2,11,0,65,1,1,1,28,0,low,0.5,20.0
19520,280686,1,1,11,0,55,2,1,1,28,1,high,1.0,13.0
19521,280687,1,1,11,0,70,2,1,1,28,0,high,1.0,41.0
19522,280688,1,1,11,0,45,3,1,1,28,0,high,1.0,49.0
19523,280689,1,4,11,2,70,1,1,1,28,0,low,0.25,92.0
19524,280690,1,4,11,1,35,1,1,1,28,0,low,0.25,48.0
19525,280691,1,1,11,0,35,2,1,1,28,1,high,1.0,37.0
19526,280692,1,2,11,2,55,1,1,1,28,0,low,0.5,17.0
19527,280693,1,4,11,4,65,1,1,1,28,0,low,0.25,17.0
19528,280694,1,2,11,0,70,1,1,1,28,0,low,0.5,37.0
19529,280695,1,3,11,0,60,2,1,1,28,0,low,0.3333333333333333,8.0
19530,280696,1,4,11,3,55,2,2,2,28,0,low,0.25,0.0
19531,280697,1,1,11,0,40,2,1,1,28,0,high,1.0,4.0
19532,280698,1,1,11,0,35,1,2,2,28,0,high,1.0,5.0
19533,280699,1,1,11,0,35,1,1,1,28,0,high,1.0,41.0
19534,280700,1,3,11,3,35,3,1,1,28,0,low,0.3333333333333333,95.0
19535,280701,1,1,11,0,45,3,1,2,28,0,high,1.0,5.0
19536,280702,1,3,11,3,60,2,2,2,28,0,low,0.3333333333333333,13.0
19537,280703,1,3,11,0,55,2,1,1,28,0,low,0.3333333333333333,37.0
19538,280704,1,2,11,0,65,2,2,2,28,0,low,0.5,7.0
19539,280705,1,2,11,0,35,2,2,2,28,0,low,0.5,3.0
19540,280706,1,1,11,0,30,1,1,1,28,0,high,1.0,6.0
19541,280707,1,1,11,0,65,2,1,1,28,0,high,1.0,3.0
19542,280708,2,2,11,0,55,1,1,1,28,0,high,1.0,7.0
19543,280709,1,2,11,4,65,2,1,1,28,0,low,0.5,30.0
19544,280710,1,2,11,2,55,2,1,1,28,0,low,0.5,8.0
19545,280711,1,1,12,0,70,1,1,1,28,0,high,1.0,30.0
19546,280712,1,2,12,2,40,2,1,1,28,0,low,0.5,10.0
19547,280713,1,2,12,0,40,3,1,1,28,0,low,0.5,5.0
19548,280714,1,1,12,0,45,1,1,1,28,0,high,1.0,15.0
19549,280715,1,2,12,0,65,2,1,1,28,0,low,0.5,8.0
19550,280716,1,1,12,0,45,1,1,1,28,0,high,1.0,17.0
19551,280717,2,2,12,2,55,1,1,1,28,0,high,1.0,12.0
19552,280718,2,7,12,4,55,1,1,1,28,0,low,0.2857142857142857,36.0
19553,280719,1,1,12,0,65,1,1,1,28,0,high,1.0,5.0
19554,280720,1,1,12,0,55,1,1,1,28,0,high,1.0,10.0
19555,280721,1,1,12,0,70,1,1,1,28,0,high,1.0,4.0
19556,280722,1,1,12,0,70,3,1,1,28,0,high,1.0,8.0
19557,280723,1,1,12,0,55,2,1,1,28,0,high,1.0,9.0
19558,280724,1,8,12,4,50,1,1,1,28,0,low,0.125,3.0
19559,280725,1,2,12,0,45,2,1,1,28,0,low,0.5,47.0
19560,280726,1,3,12,1,70,1,1,1,28,0,low,0.3333333333333333,30.0
19561,280727,1,4,12,3,65,2,1,1,28,0,low,0.25,21.0
19562,280728,1,1,12,0,70,2,1,1,28,0,high,1.0,50.0
19563,280729,1,1,12,0,30,2,2,2,28,0,high,1.0,20.0
19564,280730,1,2,12,0,55,1,2,2,28,0,low,0.5,7.0
19565,280731,1,2,12,3,55,1,1,1,28,0,low,0.5,18.0
19566,280732,1,1,12,0,55,1,1,1,28,0,high,1.0,17.0
19567,280733,1,1,12,0,35,2,1,1,28,0,high,1.0,4.0
19568,280734,1,2,12,0,35,2,1,1,28,0,low,0.5,18.0
19569,280735,1,3,12,5,60,2,1,1,28,0,low,0.3333333333333333,6.0
19570,280736,1,3,12,4,55,1,1,1,28,0,low,0.3333333333333333,4.0
19571,280737,1,1,12,0,50,2,1,1,28,0,high,1.0,88.0
19572,280738,1,2,12,2,45,1,2,2,28,0,low,0.5,22.0
19573,280739,1,2,12,0,70,1,1,1,28,0,low,0.5,15.0
19574,280740,1,2,11,0,55,2,1,1,28,1,low,0.5,55.0
19575,280741,1,1,12,0,40,1,1,1,28,0,high,1.0,18.0
19576,280742,1,1,12,0,55,2,1,1,28,0,high,1.0,0.0
19577,280743,1,3,12,0,65,1,1,1,28,0,low,0.3333333333333333,14.0
19578,280744,1,3,12,2,55,1,1,1,28,0,low,0.3333333333333333,12.0
19579,280745,2,3,12,2,70,1,1,1,28,0,high,0.6666666666666666,2.0
19580,280746,1,1,12,0,55,1,1,1,28,0,high,1.0,5.0
19581,280747,1,3,12,2,0,1,1,1,28,0,low,0.3333333333333333,5.0
19582,280748,1,2,12,1,45,1,1,1,28,0,low,0.5,34.0
19583,280749,1,1,12,0,55,2,1,1,28,0,high,1.0,12.0
19584,280750,1,1,12,0,55,1,2,2,28,0,high,1.0,27.0
19585,280751,1,2,12,0,65,2,2,2,28,0,low,0.5,13.0
19586,280752,1,2,12,4,30,1,1,1,28,0,low,0.5,10.0
19587,280753,1,1,12,0,70,1,1,1,28,0,high,1.0,30.0
19588,280754,1,1,12,0,40,1,1,1,28,0,high,1.0,13.0
19589,280755,1,4,12,3,65,1,1,1,28,0,low,0.25,4.0
19590,280756,1,1,12,0,35,1,1,1,28,0,high,1.0,8.0
19591,280757,1,1,12,0,45,2,2,2,28,0,high,1.0,35.0
19592,280758,1,1,12,0,35,1,2,2,28,0,high,1.0,19.0
19593,280759,1,1,12,0,45,2,1,1,28,0,high,1.0,21.0
19594,280760,1,1,12,0,35,1,1,1,28,0,high,1.0,14.0
19595,280761,1,3,12,2,65,1,1,1,28,0,low,0.3333333333333333,14.0
19596,280762,1,2,1,0,0,2,1,1,28,0,low,0.5,11.0
19597,280763,1,2,7,0,50,2,1,1,28,0,low,0.5,8.0
19598,280764,1,4,8,2,45,1,1,1,28,0,low,0.25,4.0
19599,280765,1,2,12,0,65,2,1,1,28,0,low,0.5,0.0
19600,280766,3,3,10,0,65,2,1,1,28,0,high,1.0,5.0
19601,280767,1,2,12,0,70,1,1,1,28,0,low,0.5,10.0
19602,280768,1,2,12,4,55,1,1,1,28,0,low,0.5,48.0
19603,280769,1,2,6,0,50,2,1,1,28,0,low,0.5,25.0
19604,280770,1,1,10,0,40,1,2,2,28,0,high,1.0,14.0
19605,280771,1,4,11,5,55,1,2,2,28,0,low,0.25,5.0
19606,280772,1,3,11,0,55,1,1,1,28,0,low,0.3333333333333333,15.0
19607,280773,1,1,12,0,45,2,1,1,28,0,high,1.0,11.0
19608,280774,1,2,9,0,45,9,1,1,28,0,low,0.5,8.0
19609,280775,1,2,12,0,55,1,1,1,28,0,low,0.5,5.0
19610,280776,1,2,10,2,55,1,2,2,28,0,low,0.5,5.0
19611,280777,1,1,11,0,45,1,1,1,28,0,high,1.0,12.0
19612,280778,1,1,12,0,45,2,1,1,28,0,high,1.0,33.0
19613,280779,1,2,12,0,50,2,1,1,28,0,low,0.5,10.0
19614,280780,1,3,12,5,45,2,2,2,28,1,low,0.3333333333333333,15.0
19615,280781,1,2,12,0,40,4,1,1,28,0,low,0.5,6.0
19616,280782,1,1,11,0,55,1,1,1,28,0,high,1.0,3.0
19617,280783,1,3,12,2,55,2,1,1,28,0,low,0.3333333333333333,25.0
19618,280784,1,2,12,0,70,2,2,2,28,0,low,0.5,13.0
19619,280785,1,1,10,0,45,2,2,2,28,1,high,1.0,17.0
19620,280786,1,1,12,0,45,1,1,1,28,0,high,1.0,5.0
19621,280787,1,1,12,0,35,1,1,1,28,0,high,1.0,24.0
19622,280788,1,3,12,2,35,2,1,1,28,0,low,0.3333333333333333,50.0
19623,280789,1,2,12,3,30,3,1,1,28,0,low,0.5,2.0
19624,280790,1,2,12,2,70,1,1,1,28,0,low,0.5,35.0
19625,280791,1,2,12,4,55,1,1,1,28,0,low,0.5,14.0
19626,280792,1,1,10,0,50,2,1,1,28,0,high,1.0,8.0
19627,280793,1,3,8,2,55,1,1,1,28,0,low,0.3333333333333333,11.0
19628,280794,1,2,9,0,50,1,1,1,28,0,low,0.5,87.0
19629,280795,1,1,10,0,45,1,1,1,28,0,high,1.0,3.0
19630,280796,1,3,10,0,45,1,1,1,28,0,low,0.3333333333333333,8.0
19631,280797,1,1,12,0,50,2,1,1,28,1,high,1.0,13.0
19632,280798,1,3,12,0,25,1,1,1,28,0,low,0.3333333333333333,123.0
19633,280799,1,4,8,4,55,1,1,1,28,0,low,0.25,25.0
19634,280800,1,2,9,0,65,1,1,1,28,0,low,0.5,11.0
19635,280801,1,1,8,0,40,1,1,1,28,0,high,1.0,22.0
19636,280802,1,1,11,0,55,2,1,1,28,1,high,1.0,13.0
19637,280803,1,1,12,0,45,1,1,1,28,0,high,1.0,8.0
19638,280804,1,5,8,5,30,1,1,1,28,0,low,0.2,28.0
19639,290001,2,3,1,0,70,1,1,1,29,0,high,0.6666666666666666,17.0
19640,290002,1,1,1,0,55,2,1,1,29,0,high,1.0,11.0
19641,290003,1,1,1,0,55,2,1,1,29,0,high,1.0,34.0
19642,290004,2,3,1,1,60,1,1,1,29,0,high,0.6666666666666666,3.0
19643,290005,1,2,1,2,65,1,1,2,29,0,low,0.5,42.0
19644,290006,2,2,1,2,60,1,5,2,29,0,high,1.0,8.0
19645,290007,1,3,1,0,55,2,1,2,29,3,low,0.3333333333333333,7.0
19646,290008,1,1,1,0,35,2,2,2,29,1,high,1.0,22.0
19647,290009,1,1,1,0,55,2,1,1,29,1,high,1.0,20.0
19648,290010,1,5,1,2,55,3,1,1,29,1,low,0.2,7.0
19649,290011,1,4,1,2,55,1,1,1,29,0,low,0.25,18.0
19650,290012,1,1,1,0,70,1,1,1,29,0,high,1.0,6.0
19651,290013,3,4,1,2,60,1,1,1,29,0,high,0.75,6.0
19652,290014,1,3,1,0,30,3,1,1,29,1,low,0.3333333333333333,38.0
19653,290015,1,2,1,2,60,2,1,1,29,0,low,0.5,9.0
19654,290016,1,1,1,0,55,1,1,1,29,0,high,1.0,15.0
19655,290017,1,2,1,0,55,3,1,2,29,2,low,0.5,11.0
19656,290018,1,2,1,0,65,2,2,2,29,0,low,0.5,40.0
19657,290019,1,3,1,4,55,1,3,3,29,0,low,0.3333333333333333,24.0
19658,290020,1,1,1,0,70,2,3,4,29,0,high,1.0,9.0
19659,290021,1,1,1,0,55,2,3,4,29,1,high,1.0,5.0
19660,290022,1,1,1,0,55,2,2,2,29,1,high,1.0,82.0
19661,290023,1,3,1,0,70,1,1,2,29,0,low,0.3333333333333333,33.0
19662,290025,1,5,1,4,45,2,1,2,29,0,low,0.2,9.0
19663,290026,1,2,1,2,60,2,1,1,29,0,low,0.5,2.0
19664,290027,1,2,1,2,60,2,1,1,29,0,low,0.5,14.0
19665,290028,1,4,1,3,60,1,1,1,29,0,low,0.25,4.0
19666,290029,1,2,1,0,30,3,1,1,29,0,low,0.5,5.0
19667,290030,1,2,1,0,35,3,1,2,29,0,low,0.5,45.0
19668,290031,1,2,1,0,30,2,1,1,29,2,low,0.5,33.0
19669,290032,1,4,1,2,55,2,4,3,29,0,low,0.25,20.0
19670,290033,1,2,1,0,25,3,3,2,29,1,low,0.5,11.0
19671,290034,1,3,1,2,60,2,1,1,29,0,low,0.3333333333333333,10.0
19672,290035,1,2,1,2,60,1,1,1,29,0,low,0.5,11.0
19673,290036,1,3,1,0,45,2,1,4,29,0,low,0.3333333333333333,25.0
19674,290037,1,2,1,2,45,1,1,1,29,0,low,0.5,2.0
19675,290038,1,2,1,2,55,1,1,1,29,0,low,0.5,7.0
19676,290039,1,2,1,5,55,1,1,1,29,0,low,0.5,10.0
19677,290040,1,2,1,0,25,3,1,1,29,0,low,0.5,7.0
19678,290041,1,3,1,6,25,2,1,1,29,1,low,0.3333333333333333,17.0
19679,290042,1,1,1,0,60,1,1,1,29,0,high,1.0,93.0
19680,290043,1,1,1,0,55,2,1,1,29,1,high,1.0,13.0
19681,290044,1,3,1,0,55,2,1,1,29,2,low,0.3333333333333333,6.0
19682,290045,1,3,1,2,60,2,1,1,29,0,low,0.3333333333333333,6.0
19683,290046,1,1,1,0,35,3,1,1,29,1,high,1.0,32.0
19684,290047,1,3,1,2,60,2,1,1,29,1,low,0.3333333333333333,52.0
19685,290048,2,2,1,0,60,2,1,1,29,1,high,1.0,2.0
19686,290049,1,3,1,1,55,3,1,1,29,1,low,0.3333333333333333,20.0
19687,290050,2,2,1,2,55,2,1,1,29,0,high,1.0,14.0
19688,290051,1,2,1,0,65,1,4,3,29,0,low,0.5,4.0
19689,290052,1,1,1,0,55,1,4,3,29,0,high,1.0,8.0
19690,290053,1,1,1,0,25,3,4,3,29,0,high,1.0,10.0
19691,290054,1,1,1,0,70,2,4,4,29,1,high,1.0,24.0
19692,290055,1,5,1,5,55,2,4,3,29,0,low,0.2,17.0
19693,290056,1,3,1,0,70,2,1,4,29,0,low,0.3333333333333333,16.0
19694,290057,1,2,1,0,55,1,1,4,29,0,low,0.5,5.0
19695,290058,1,2,1,2,60,1,4,3,29,0,low,0.5,9.0
19696,290059,2,4,2,2,60,2,1,1,29,0,low,0.5,18.0
19697,290060,1,2,2,0,55,2,1,1,29,2,low,0.5,3.0
19698,290061,1,1,2,0,55,2,1,1,29,1,high,1.0,7.0
19699,290062,1,2,2,0,35,3,1,1,29,2,low,0.5,8.0
19700,290063,1,2,2,5,60,1,1,1,29,0,low,0.5,21.0
19701,290064,1,1,2,0,60,2,1,1,29,0,high,1.0,10.0
19702,290065,1,1,2,0,35,2,1,1,29,1,high,1.0,13.0
19703,290066,1,1,2,0,60,2,1,1,29,1,high,1.0,7.0
19704,290067,1,1,2,0,55,1,1,1,29,1,high,1.0,25.0
19705,290068,1,2,2,5,60,2,1,3,29,1,low,0.5,6.0
19706,290069,1,5,2,1,65,1,1,1,29,0,low,0.2,32.0
19707,290070,1,2,2,0,25,3,1,1,29,1,low,0.5,7.0
19708,290071,1,2,2,0,55,2,1,1,29,2,low,0.5,5.0
19709,290072,1,3,2,0,20,3,1,1,29,3,low,0.3333333333333333,26.0
19710,290073,1,1,2,0,55,1,4,3,29,0,high,1.0,2.0
19711,290074,1,2,2,4,60,2,4,3,29,0,low,0.5,42.0
19712,290075,1,2,2,0,65,1,1,1,29,0,low,0.5,7.0
19713,290076,1,1,2,0,35,1,1,1,29,1,high,1.0,6.0
19714,290077,1,1,2,0,60,1,4,3,29,0,high,1.0,32.0
19715,290078,1,1,2,0,55,2,1,1,29,1,high,1.0,37.0
19716,290079,1,3,2,0,55,1,1,3,29,0,low,0.3333333333333333,16.0
19717,290080,1,2,2,2,60,1,1,1,29,0,low,0.5,34.0
19718,290081,1,2,2,0,60,2,1,2,29,0,low,0.5,10.0
19719,290082,1,1,2,0,55,1,1,1,29,0,high,1.0,18.0
19720,290083,1,1,2,0,55,2,1,1,29,0,high,1.0,14.0
19721,290084,1,1,2,0,55,2,1,1,29,0,high,1.0,53.0
19722,290085,1,1,1,0,35,2,1,1,29,1,high,1.0,14.0
19723,290086,1,3,2,2,40,1,1,1,29,0,low,0.3333333333333333,3.0
19724,290087,1,2,2,0,55,2,1,1,29,2,low,0.5,12.0
19725,290088,1,1,2,0,55,1,1,1,29,0,high,1.0,2.0
19726,290089,1,2,2,5,60,1,1,1,29,0,low,0.5,4.0
19727,290090,1,9,2,1,55,1,1,1,29,0,low,0.1111111111111111,8.0
19728,290091,1,2,2,2,55,2,1,1,29,1,low,0.5,19.0
19729,290092,2,5,2,2,55,1,2,2,29,0,low,0.4,14.0
19730,290093,1,5,2,0,65,1,1,1,29,0,low,0.2,1.0
19731,290094,1,1,2,0,55,1,1,1,29,0,high,1.0,5.0
19732,290095,1,3,2,5,70,1,1,2,29,0,low,0.3333333333333333,2.0
19733,290096,1,1,2,0,50,1,1,5,29,0,high,1.0,54.0
19734,290097,1,2,2,0,70,1,1,1,29,0,low,0.5,36.0
19735,290098,1,4,3,0,65,2,4,4,29,0,low,0.25,4.0
19736,290099,1,1,3,0,55,2,1,1,29,0,high,1.0,29.0
19737,290100,1,1,1,0,65,2,1,4,29,0,high,1.0,27.0
19738,290101,1,4,1,1,45,1,1,1,29,1,low,0.25,47.0
19739,290102,1,1,2,0,40,1,1,1,29,0,high,1.0,42.0
19740,290103,1,3,2,0,40,1,1,1,29,0,low,0.3333333333333333,9.0
19741,290104,1,1,2,0,55,2,1,1,29,1,high,1.0,10.0
19742,290105,1,3,2,5,60,3,1,1,29,0,low,0.3333333333333333,6.0
19743,290106,1,1,2,0,60,1,1,1,29,0,high,1.0,11.0
19744,290107,1,4,3,1,65,1,1,1,29,0,low,0.25,9.0
19745,290108,1,8,3,0,70,2,4,4,29,0,low,0.125,15.0
19746,290109,1,1,3,0,55,2,1,1,29,1,high,1.0,8.0
19747,290110,1,1,3,0,55,2,1,1,29,0,high,1.0,13.0
19748,290111,1,1,3,0,50,1,1,1,29,0,high,1.0,13.0
19749,290112,1,1,3,0,65,2,1,1,29,1,high,1.0,17.0
19750,290113,1,2,2,0,65,2,1,1,29,1,low,0.5,23.0
19751,290114,1,2,2,0,55,2,1,1,29,1,low,0.5,22.0
19752,290115,1,2,2,2,60,2,1,1,29,0,low,0.5,14.0
19753,290116,1,1,3,0,55,2,1,1,29,1,high,1.0,9.0
19754,290117,1,1,3,0,70,1,1,1,29,0,high,1.0,24.0
19755,290118,2,3,3,4,55,1,1,1,29,0,high,0.6666666666666666,15.0
19756,290119,1,2,3,0,35,1,1,1,29,0,low,0.5,663.0
19757,290120,1,1,3,0,55,1,1,1,29,0,high,1.0,3.0
19758,290121,1,3,3,0,70,3,1,1,29,1,low,0.3333333333333333,31.0
19759,290122,1,1,3,0,55,1,1,1,29,0,high,1.0,11.0
19760,290123,1,1,3,0,30,2,1,1,29,1,high,1.0,12.0
19761,290124,1,1,3,0,55,2,1,1,29,1,high,1.0,2.0
19762,290125,1,4,3,0,60,3,1,1,29,4,low,0.25,15.0
19763,290126,1,2,3,0,25,1,1,1,29,0,low,0.5,11.0
19764,290127,1,5,3,2,60,2,1,1,29,0,low,0.2,12.0
19765,290128,2,2,3,0,70,2,1,2,29,0,high,1.0,6.0
19766,290129,1,1,3,0,55,2,1,1,29,1,high,1.0,20.0
19767,290130,1,3,3,1,60,1,1,1,29,0,low,0.3333333333333333,5.0
19768,290131,1,1,3,0,60,1,1,1,29,0,high,1.0,1.0
19769,290132,1,2,3,0,65,1,1,1,29,0,low,0.5,38.0
19770,290133,1,2,3,0,55,2,1,1,29,0,low,0.5,6.0
19771,290134,1,1,3,0,35,2,1,1,29,1,high,1.0,0.0
19772,290135,1,3,3,2,35,1,1,1,29,0,low,0.3333333333333333,21.0
19773,290136,1,2,2,0,65,2,1,1,29,1,low,0.5,18.0
19774,290137,1,1,2,0,40,3,1,1,29,1,high,1.0,13.0
19775,290138,1,1,2,0,35,3,1,1,29,1,high,1.0,14.0
19776,290139,1,5,3,2,60,2,1,1,29,1,low,0.2,4.0
19777,290140,2,2,3,0,55,1,1,1,29,0,high,1.0,14.0
19778,290141,1,9,3,0,70,2,1,1,29,0,low,0.1111111111111111,5.0
19779,290142,1,3,3,2,60,1,1,1,29,0,low,0.3333333333333333,20.0
19780,290143,1,3,3,5,55,1,1,1,29,0,low,0.3333333333333333,10.0
19781,290144,1,3,3,3,65,1,1,1,29,1,low,0.3333333333333333,5.0
19782,290145,1,1,3,0,70,2,1,1,29,0,high,1.0,6.0
19783,290146,1,2,3,0,55,2,1,1,29,2,low,0.5,5.0
19784,290147,1,1,3,0,70,2,1,1,29,0,high,1.0,10.0
19785,290148,1,2,3,0,55,2,1,1,29,0,low,0.5,14.0
19786,290149,2,5,3,5,55,2,1,1,29,0,low,0.4,16.0
19787,290150,1,2,3,0,55,2,1,1,29,0,low,0.5,33.0
19788,290151,1,3,3,0,55,1,1,1,29,0,low,0.3333333333333333,3.0
19789,290152,1,2,2,0,45,3,1,1,29,0,low,0.5,23.0
19790,290153,1,2,2,0,25,3,1,4,29,0,low,0.5,13.0