,ST_CASE,FATALS,PERSONS,MONTH,MAN_COLL,SP_LIMIT,LGT_COND,WEATHER,SUR_COND,STATE,DRUNK_DR,rate,rate_numerical,arrival_time
19791,290154,1,2,3,0,25,1,1,1,29,0,low,0.5,14.0
19792,290155,1,2,3,4,55,2,2,2,29,0,low,0.5,10.0
19793,290156,2,2,3,0,25,3,1,1,29,2,high,1.0,11.0
19794,290157,1,2,3,1,45,1,1,1,29,0,low,0.5,21.0
19795,290158,1,2,3,0,70,2,1,1,29,1,low,0.5,7.0
19796,290159,1,4,3,0,70,2,1,1,29,0,low,0.25,21.0
19797,290160,1,3,3,11,70,1,2,2,29,0,low,0.3333333333333333,18.0
19798,290161,1,2,3,4,25,1,1,1,29,0,low,0.5,5.0
19799,290162,1,2,3,11,55,2,1,1,29,1,low,0.5,24.0
19800,290163,1,1,3,0,55,2,1,1,29,0,high,1.0,26.0
19801,290164,1,10,3,4,65,2,2,2,29,0,low,0.1,22.0
19802,290165,1,2,3,4,70,2,1,1,29,0,low,0.5,17.0
19803,290166,1,1,3,0,70,2,1,1,29,0,high,1.0,5.0
19804,290167,1,2,3,0,50,1,1,2,29,1,low,0.5,1.0
19805,290168,1,1,3,0,30,3,1,1,29,1,high,1.0,5.0
19806,290169,1,1,3,0,55,2,1,1,29,0,high,1.0,15.0
19807,290170,1,1,2,0,55,1,1,2,29,0,high,1.0,8.0
19808,290171,1,1,2,0,25,3,1,1,29,1,high,1.0,6.0
19809,290172,1,2,3,1,35,1,1,1,29,0,low,0.5,8.0
19810,290173,2,2,3,0,30,3,1,1,29,1,high,1.0,3.0
19811,290174,1,1,3,0,55,2,2,2,29,1,high,1.0,21.0
19812,290175,1,1,3,0,55,1,1,1,29,0,high,1.0,19.0
19813,290176,1,1,3,0,55,1,1,1,29,0,high,1.0,7.0
19814,290177,1,2,3,0,70,2,2,2,29,1,low,0.5,7.0
19815,290178,1,3,3,5,30,3,1,1,29,2,low,0.3333333333333333,4.0
19816,290179,1,2,3,1,60,1,1,1,29,0,low,0.5,19.0
19817,290180,1,1,3,0,55,1,1,1,29,1,high,1.0,21.0
19818,290181,1,2,3,0,50,1,1,1,29,2,low,0.5,30.0
19819,290182,2,2,3,0,60,2,9,9,29,2,high,1.0,16.0
19820,290183,1,4,3,2,60,1,1,1,29,1,low,0.25,6.0
19821,290184,1,3,3,5,65,1,2,2,29,0,low,0.3333333333333333,4.0
19822,290185,1,1,3,0,55,1,1,1,29,0,high,1.0,5.0
19823,290186,1,3,3,0,45,2,2,2,29,0,low,0.3333333333333333,12.0
19824,290187,1,3,3,5,30,1,1,1,29,0,low,0.3333333333333333,8.0
19825,290188,1,4,3,4,55,2,1,1,29,0,low,0.25,2.0
19826,290189,1,8,3,0,50,2,1,2,29,2,low,0.125,10.0
19827,290190,1,2,3,0,55,1,1,1,29,0,low,0.5,9.0
19828,290191,1,9,1,5,25,1,1,1,29,0,low,0.1111111111111111,10.0
19829,290192,1,3,2,0,50,1,1,1,29,0,low,0.3333333333333333,66.0
19830,290193,1,3,2,4,30,1,1,2,29,0,low,0.3333333333333333,4.0
19831,290194,1,2,3,0,40,3,1,1,29,1,low,0.5,9.0
19832,290195,1,2,3,4,60,1,1,1,29,0,low,0.5,8.0
19833,290196,1,2,3,2,25,2,1,1,29,2,low,0.5,17.0
19834,290197,1,3,4,4,40,1,1,1,29,1,low,0.3333333333333333,11.0
19835,290198,1,2,4,0,55,2,1,1,29,0,low,0.5,9.0
19836,290199,1,1,4,0,35,1,1,1,29,1,high,1.0,3.0
19837,290200,1,4,4,2,55,1,1,1,29,1,low,0.25,10.0
19838,290201,1,3,4,5,55,2,1,1,29,0,low,0.3333333333333333,6.0
19839,290202,1,4,4,4,60,1,1,1,29,0,low,0.25,5.0
19840,290203,1,1,4,0,55,1,1,1,29,0,high,1.0,6.0
19841,290204,1,1,4,0,55,1,1,1,29,0,high,1.0,12.0
19842,290205,1,2,4,0,70,2,1,1,29,0,low,0.5,10.0
19843,290206,1,2,4,0,45,3,1,1,29,0,low,0.5,24.0
19844,290207,1,4,4,2,55,2,1,1,29,1,low,0.25,2.0
19845,290208,1,2,3,4,40,1,1,1,29,0,low,0.5,20.0
19846,290209,1,2,3,1,65,1,1,1,29,0,low,0.5,10.0
19847,290210,1,3,4,4,60,1,1,1,29,0,low,0.3333333333333333,4.0
19848,290211,1,1,4,0,70,3,1,1,29,1,high,1.0,10.0
19849,290212,1,2,4,0,55,2,1,1,29,0,low,0.5,8.0
19850,290213,2,5,4,0,60,2,1,1,29,5,low,0.4,112.0
19851,290214,1,1,4,0,45,1,1,1,29,0,high,1.0,3.0
19852,290215,1,4,4,0,60,2,1,1,29,1,low,0.25,18.0
19853,290216,1,1,4,0,55,3,1,1,29,1,high,1.0,15.0
19854,290217,1,2,4,2,45,2,1,1,29,1,low,0.5,49.0
19855,290218,1,2,4,0,60,1,1,1,29,0,low,0.5,10.0
19856,290219,1,3,4,2,65,1,1,1,29,0,low,0.3333333333333333,15.0
19857,290220,1,2,4,2,45,1,1,1,29,0,low,0.5,10.0
19858,290221,1,2,4,0,55,1,1,1,29,1,low,0.5,12.0
19859,290222,1,3,3,1,70,1,1,1,29,0,low,0.3333333333333333,7.0
19860,290223,1,2,2,4,35,3,1,1,29,1,low,0.5,11.0
19861,290224,1,6,3,4,40,3,1,1,29,0,low,0.16666666666666666,2.0
19862,290225,1,3,3,4,40,2,1,1,29,0,low,0.3333333333333333,33.0
19863,290226,1,2,4,4,30,3,1,1,29,0,low,0.5,20.0
19864,290227,1,3,4,1,60,2,1,1,29,2,low,0.3333333333333333,7.0
19865,290228,1,1,4,0,55,2,2,2,29,1,high,1.0,5.0
19866,290229,1,2,4,0,35,1,1,1,29,2,low,0.5,8.0
19867,290230,1,4,4,2,70,2,1,1,29,1,low,0.25,5.0
19868,290231,1,4,4,2,55,2,1,1,29,2,low,0.25,10.0
19869,290232,1,2,4,4,50,1,1,1,29,0,low,0.5,8.0
19870,290233,1,2,4,4,55,1,1,1,29,0,low,0.5,13.0
19871,290234,1,4,3,0,25,1,1,1,29,0,low,0.25,9.0
19872,290235,1,1,4,0,60,2,1,1,29,1,high,1.0,9.0
19873,290236,1,2,4,0,55,2,1,1,29,2,low,0.5,25.0
19874,290237,1,1,4,0,40,2,1,1,29,1,high,1.0,8.0
19875,290238,1,2,4,4,40,2,1,2,29,1,low,0.5,4.0
19876,290239,1,1,4,0,55,2,1,1,29,1,high,1.0,11.0
19877,290240,1,2,4,0,70,1,1,1,29,0,low,0.5,9.0
19878,290241,1,2,4,0,55,2,5,2,29,1,low,0.5,5.0
19879,290242,1,1,4,0,35,1,1,1,29,0,high,1.0,5.0
19880,290243,1,1,4,0,55,1,1,1,29,1,high,1.0,8.0
19881,290244,1,2,4,0,55,1,1,1,29,1,low,0.5,11.0
19882,290245,1,1,4,0,50,2,1,1,29,1,high,1.0,3.0
19883,290246,1,1,4,0,65,2,1,1,29,1,high,1.0,8.0
19884,290247,1,1,4,0,55,1,1,1,29,0,high,1.0,4.0
19885,290248,1,2,4,0,60,1,1,1,29,1,low,0.5,19.0
19886,290249,1,4,4,2,55,1,1,1,29,1,low,0.25,5.0
19887,290250,1,3,4,2,35,1,1,1,29,0,low,0.3333333333333333,21.0
19888,290251,1,2,4,1,55,3,1,1,29,1,low,0.5,12.0
19889,290252,1,1,4,0,35,3,1,1,29,0,high,1.0,7.0
19890,290253,1,3,5,2,45,1,1,1,29,0,low,0.3333333333333333,3.0
19891,290254,1,2,5,0,35,1,1,1,29,0,low,0.5,9.0
19892,290255,1,2,5,0,55,2,1,1,29,1,low,0.5,13.0
19893,290256,1,2,5,0,55,2,2,2,29,0,low,0.5,2.0
19894,290257,2,4,5,2,60,3,2,2,29,1,low,0.5,1.0
19895,290258,3,4,5,2,70,1,2,2,29,0,high,0.75,4.0
19896,290259,1,1,5,0,55,1,1,1,29,1,high,1.0,4.0
19897,290260,1,3,5,2,35,3,5,1,29,2,low,0.3333333333333333,15.0
19898,290261,1,1,5,0,65,1,1,1,29,1,high,1.0,9.0
19899,290262,1,1,5,0,55,1,1,1,29,0,high,1.0,10.0
19900,290263,1,3,5,11,35,1,1,1,29,0,low,0.3333333333333333,9.0
19901,290264,2,4,5,4,35,3,1,1,29,0,low,0.5,3.0
19902,290265,3,3,4,0,25,1,1,1,29,0,high,1.0,5.0
19903,290266,1,3,4,0,35,1,1,1,29,1,low,0.3333333333333333,8.0
19904,290267,1,1,4,0,45,3,1,1,29,0,high,1.0,27.0
19905,290268,1,4,4,1,30,2,1,1,29,1,low,0.25,4.0
19906,290269,1,2,4,2,45,1,2,2,29,0,low,0.5,6.0
19907,290270,1,4,5,4,55,1,1,1,29,0,low,0.25,13.0
19908,290271,1,2,5,0,70,1,2,2,29,0,low,0.5,3.0
19909,290272,1,2,5,2,40,3,2,2,29,1,low,0.5,4.0
19910,290273,1,3,5,4,55,2,1,1,29,1,low,0.3333333333333333,27.0
19911,290274,1,1,5,0,70,3,1,1,29,0,high,1.0,7.0
19912,290275,1,1,5,0,55,3,1,1,29,1,high,1.0,6.0
19913,290276,1,4,5,2,55,1,1,2,29,0,low,0.25,8.0
19914,290277,1,3,4,4,60,1,1,1,29,0,low,0.3333333333333333,9.0
19915,290278,1,2,5,4,65,1,2,2,29,0,low,0.5,39.0
19916,290279,2,4,5,4,35,1,1,1,29,0,low,0.5,6.0
19917,290280,1,3,5,4,55,2,2,6,29,0,low,0.3333333333333333,4.0
19918,290281,1,2,5,4,45,1,1,1,29,0,low,0.5,7.0
19919,290282,1,2,5,1,70,1,1,2,29,0,low,0.5,9.0
19920,290284,1,3,5,2,55,1,2,2,29,0,low,0.3333333333333333,6.0
19921,290285,1,1,5,0,35,1,1,1,29,0,high,1.0,5.0
19922,290286,1,1,5,0,55,2,5,1,29,1,high,1.0,14.0
19923,290287,1,2,5,0,70,2,1,1,29,1,low,0.5,10.0
19924,290288,1,4,5,7,65,1,1,1,29,0,low,0.25,7.0
19925,290289,2,2,5,0,55,2,1,1,29,2,high,1.0,5.0
19926,290290,1,1,5,0,40,2,1,1,29,1,high,1.0,5.0
19927,290291,1,2,5,0,65,1,1,1,29,1,low,0.5,6.0
19928,290292,1,2,5,0,25,1,1,1,29,0,low,0.5,6.0
19929,290293,1,3,4,2,55,3,1,1,29,0,low,0.3333333333333333,11.0
19930,290294,1,1,4,0,55,1,1,1,29,0,high,1.0,6.0
19931,290295,1,6,5,2,60,1,1,1,29,0,low,0.16666666666666666,46.0
19932,290296,1,2,5,0,70,1,1,1,29,0,low,0.5,4.0
19933,290297,1,2,5,2,30,1,1,1,29,1,low,0.5,7.0
19934,290298,1,3,5,4,60,2,1,1,29,0,low,0.3333333333333333,7.0
19935,290299,1,1,5,0,65,1,1,1,29,0,high,1.0,5.0
19936,290300,1,1,5,0,55,2,1,1,29,1,high,1.0,59.0
19937,290301,1,3,5,0,55,2,1,1,29,0,low,0.3333333333333333,6.0
19938,290302,2,6,5,1,60,1,1,1,29,2,low,0.3333333333333333,6.0
19939,290303,1,2,5,0,55,2,1,1,29,2,low,0.5,16.0
19940,290304,1,3,5,3,55,2,1,1,29,1,low,0.3333333333333333,22.0
19941,290305,1,1,5,0,55,2,1,1,29,0,high,1.0,10.0
19942,290306,1,2,5,0,60,2,1,1,29,0,low,0.5,5.0
19943,290307,1,1,5,0,55,2,1,1,29,0,high,1.0,5.0
19944,290308,1,1,5,0,70,2,1,1,29,1,high,1.0,4.0
19945,290309,1,1,5,0,65,1,1,1,29,0,high,1.0,10.0
19946,290310,1,5,4,1,55,3,1,1,29,0,low,0.2,7.0
19947,290311,1,4,4,1,60,1,1,1,29,0,low,0.25,7.0
19948,290312,1,1,5,0,45,1,1,1,29,0,high,1.0,5.0
19949,290313,1,4,5,2,55,1,1,1,29,0,low,0.25,33.0
19950,290314,1,1,5,4,25,2,1,1,29,0,high,1.0,5.0
19951,290315,3,8,5,9,35,1,1,1,29,0,low,0.375,8.0
19952,290316,1,2,5,0,65,1,1,1,29,0,low,0.5,57.0
19953,290317,2,3,5,2,55,2,1,1,29,1,high,0.6666666666666666,89.0
19954,290318,1,1,5,0,45,2,1,1,29,1,high,1.0,7.0
19955,290319,1,3,5,4,55,1,1,1,29,0,low,0.3333333333333333,9.0
19956,290320,1,5,5,4,50,1,1,1,29,3,low,0.2,28.0
19957,290321,1,2,5,0,70,1,1,1,29,0,low,0.5,5.0
19958,290322,1,1,5,0,40,3,1,1,29,1,high,1.0,16.0
19959,290323,1,4,5,0,55,2,1,1,29,0,low,0.25,4.0
19960,290324,1,2,5,4,55,1,1,2,29,0,low,0.5,7.0
19961,290325,1,3,5,0,60,1,1,1,29,0,low,0.3333333333333333,5.0
19962,290326,1,2,5,0,40,3,1,1,29,1,low,0.5,8.0
19963,290327,1,2,5,0,55,1,1,1,29,0,low,0.5,4.0
19964,290328,1,2,5,0,55,2,1,1,29,0,low,0.5,10.0
19965,290329,1,1,5,0,70,1,1,1,29,0,high,1.0,11.0
19966,290330,1,1,5,0,55,2,1,1,29,1,high,1.0,6.0
19967,290331,1,1,5,0,45,2,5,1,29,1,high,1.0,14.0
19968,290332,1,3,5,0,55,2,1,1,29,3,low,0.3333333333333333,10.0
19969,290333,1,1,5,0,45,1,1,1,29,0,high,1.0,2.0
19970,290334,1,2,5,1,55,2,1,1,29,2,low,0.5,8.0
19971,290335,3,3,5,0,55,2,1,1,29,0,high,1.0,5.0
19972,290336,2,5,5,4,65,1,1,1,29,0,low,0.4,9.0
19973,290337,1,5,5,0,55,2,1,1,29,1,low,0.2,1.0
19974,290338,1,4,5,4,60,1,1,1,29,0,low,0.25,7.0
19975,290339,1,2,5,0,70,1,1,1,29,0,low,0.5,10.0
19976,290340,1,1,5,0,45,2,1,1,29,0,high,1.0,46.0
19977,290341,1,2,5,5,55,1,1,1,29,0,low,0.5,13.0
19978,290342,1,2,5,4,60,1,1,1,29,0,low,0.5,5.0
19979,290343,1,3,5,5,55,1,2,2,29,0,low,0.3333333333333333,3.0
19980,290344,2,2,5,0,25,1,1,1,29,2,high,1.0,133.0
19981,290345,1,1,5,0,45,2,1,1,29,0,high,1.0,5.0
19982,290346,1,2,6,0,35,1,1,1,29,0,low,0.5,3.0
19983,290347,1,2,6,2,55,1,1,1,29,0,low,0.5,6.0
19984,290348,1,2,6,4,55,1,1,1,29,0,low,0.5,9.0
19985,290349,1,1,6,0,60,1,1,1,29,1,high,1.0,1.0
19986,290350,1,2,6,0,55,1,1,1,29,0,low,0.5,19.0
19987,290351,1,2,3,2,30,3,1,1,29,0,low,0.5,20.0
19988,290352,1,1,4,0,55,1,1,1,29,0,high,1.0,16.0
19989,290353,1,2,4,4,25,1,1,1,29,0,low,0.5,11.0
19990,290354,1,2,5,0,40,3,1,1,29,0,low,0.5,6.0
19991,290355,1,4,6,0,60,2,1,1,29,1,low,0.25,21.0
19992,290356,1,4,6,0,55,2,1,1,29,1,low,0.25,8.0
19993,290357,1,2,6,0,55,2,1,1,29,1,low,0.5,6.0
19994,290358,1,2,6,11,70,2,1,1,29,1,low,0.5,4.0
19995,290359,1,2,6,0,55,1,1,1,29,0,low,0.5,12.0
19996,290360,1,1,6,0,60,3,1,1,29,1,high,1.0,56.0
19997,290361,1,2,6,4,65,2,1,1,29,0,low,0.5,16.0
19998,290362,1,1,6,0,55,2,1,1,29,1,high,1.0,9.0
19999,290363,1,1,6,0,55,1,1,1,29,1,high,1.0,10.0
20000,290364,1,3,5,5,55,1,1,2,29,0,low,0.3333333333333333,16.0
20001,290365,1,1,6,0,60,1,1,1,29,0,high,1.0,12.0
20002,290366,1,1,6,0,55,1,1,1,29,1,high,1.0,1.0
20003,290367,1,1,6,0,55,1,1,1,29,1,high,1.0,44.0
20004,290368,1,4,6,0,35,3,1,1,29,2,low,0.25,4.0
20005,290369,1,2,6,4,50,1,1,1,29,0,low,0.5,5.0
20006,290370,1,2,6,0,40,1,1,1,29,0,low,0.5,5.0
20007,290371,1,1,6,0,70,1,1,1,29,0,high,1.0,16.0
20008,290372,1,1,6,0,55,9,9,9,29,0,high,1.0,19.0
20009,290373,2,7,6,2,55,1,1,1,29,0,low,0.2857142857142857,9.0
20010,290374,1,5,6,11,60,1,1,1,29,0,low,0.2,5.0
20011,290375,1,3,6,0,35,2,1,1,29,2,low,0.3333333333333333,2.0
20012,290376,2,2,6,0,55,1,1,1,29,0,high,1.0,6.0
20013,290377,2,3,6,0,55,1,1,1,29,0,high,0.6666666666666666,5.0
20014,290378,2,4,6,4,70,1,1,1,29,0,low,0.5,2.0
20015,290379,2,4,6,4,60,1,1,1,29,1,low,0.5,30.0
20016,290380,1,4,6,5,65,1,1,1,29,0,low,0.25,14.0
20017,290381,1,3,6,4,45,1,2,2,29,0,low,0.3333333333333333,13.0
20018,290382,1,1,6,0,55,2,1,1,29,1,high,1.0,0.0
20019,290383,2,3,6,5,55,1,1,1,29,0,high,0.6666666666666666,4.0
20020,290384,1,2,6,0,35,2,1,1,29,1,low,0.5,9.0
20021,290385,1,1,6,0,50,1,1,1,29,1,high,1.0,3.0
20022,290386,1,2,6,2,55,2,1,1,29,0,low,0.5,8.0
20023,290387,1,3,6,0,65,2,1,1,29,0,low,0.3333333333333333,15.0
20024,290388,1,1,6,0,55,2,1,1,29,1,high,1.0,17.0
20025,290389,1,1,5,0,35,3,1,1,29,1,high,1.0,6.0
20026,290390,1,1,6,0,55,1,1,1,29,0,high,1.0,11.0
20027,290391,1,1,6,0,55,1,1,1,29,1,high,1.0,12.0
20028,290392,1,4,6,2,60,2,1,1,29,1,low,0.25,17.0
20029,290393,1,2,6,2,45,1,1,1,29,1,low,0.5,1.0
20030,290394,1,1,6,0,55,1,1,1,29,1,high,1.0,0.0
20031,290395,2,4,6,0,45,1,1,1,29,0,low,0.5,6.0
20032,290396,1,3,6,2,60,2,1,1,29,1,low,0.3333333333333333,17.0
20033,290397,1,1,6,0,55,2,1,1,29,1,high,1.0,11.0
20034,290398,1,2,6,0,70,2,1,1,29,2,low,0.5,20.0
20035,290399,1,2,6,0,50,2,1,1,29,1,low,0.5,9.0
20036,290400,3,6,6,4,65,1,1,1,29,0,low,0.5,8.0
20037,290401,1,1,6,0,55,1,1,1,29,1,high,1.0,8.0
20038,290402,1,5,6,2,35,1,2,2,29,1,low,0.2,7.0
20039,290403,1,5,6,0,70,1,1,1,29,0,low,0.2,7.0
20040,290404,1,1,6,0,60,1,1,1,29,0,high,1.0,20.0
20041,290405,1,3,6,2,60,1,2,2,29,0,low,0.3333333333333333,20.0
20042,290406,1,2,6,4,40,1,1,1,29,0,low,0.5,5.0
20043,290407,1,2,6,0,55,2,1,1,29,0,low,0.5,17.0
20044,290408,1,1,6,0,45,1,2,2,29,1,high,1.0,10.0
20045,290409,2,3,6,4,65,1,3,2,29,0,high,0.6666666666666666,10.0
20046,290410,1,6,6,4,70,1,1,1,29,0,low,0.16666666666666666,54.0
20047,290411,1,3,3,0,25,1,1,1,29,1,low,0.3333333333333333,0.0
20048,290412,1,3,6,4,60,1,1,1,29,0,low,0.3333333333333333,5.0
20049,290413,1,6,7,2,60,1,1,1,29,0,low,0.16666666666666666,13.0
20050,290414,1,2,7,0,55,1,1,1,29,0,low,0.5,7.0
20051,290415,1,2,7,0,70,1,1,1,29,0,low,0.5,11.0
20052,290416,1,2,7,0,65,2,1,1,29,1,low,0.5,5.0
20053,290417,1,1,7,0,55,1,1,1,29,0,high,1.0,6.0
20054,290418,1,3,7,0,30,1,1,1,29,1,low,0.3333333333333333,1.0
20055,290419,1,2,7,2,35,1,1,1,29,0,low,0.5,24.0
20056,290420,1,1,7,0,70,1,1,1,29,0,high,1.0,12.0
20057,290421,1,1,7,0,55,1,1,1,29,0,high,1.0,17.0
20058,290422,1,1,7,0,60,2,1,1,29,0,high,1.0,22.0
20059,290423,1,2,5,0,55,3,1,1,29,0,low,0.5,7.0
20060,290424,1,6,1,0,40,3,1,1,29,0,low,0.16666666666666666,1.0
20061,290425,1,5,4,5,35,1,1,1,29,0,low,0.2,1.0
20062,290426,1,3,5,2,40,1,1,1,29,0,low,0.3333333333333333,5.0
20063,290427,1,2,7,4,55,1,1,1,29,1,low,0.5,15.0
20064,290428,1,3,7,2,45,1,1,1,29,1,low,0.3333333333333333,5.0
20065,290429,1,2,7,0,70,1,1,1,29,0,low,0.5,5.0
20066,290430,1,2,7,4,60,1,1,1,29,0,low,0.5,25.0
20067,290431,2,5,7,2,55,1,1,1,29,0,low,0.4,45.0
20068,290432,1,2,7,4,65,1,1,1,29,0,low,0.5,10.0
20069,290433,2,2,7,0,60,2,1,1,29,1,high,1.0,45.0
20070,290434,1,1,7,0,65,2,1,1,29,1,high,1.0,10.0
20071,290435,1,1,7,0,55,1,2,2,29,0,high,1.0,9.0
20072,290436,1,2,7,2,55,1,2,2,29,0,low,0.5,23.0
20073,290437,1,2,7,3,60,1,1,1,29,0,low,0.5,6.0
20074,290438,2,2,7,0,55,2,1,1,29,1,high,1.0,8.0
20075,290439,1,4,7,4,65,1,1,1,29,0,low,0.25,4.0
20076,290440,1,1,7,0,55,2,1,1,29,0,high,1.0,14.0
20077,290441,1,2,7,0,70,1,1,1,29,1,low,0.5,4.0
20078,290442,1,3,7,5,55,1,1,1,29,1,low,0.3333333333333333,10.0
20079,290443,1,2,7,0,35,1,1,1,29,0,low,0.5,7.0
20080,290444,1,1,7,0,0,1,1,1,29,0,high,1.0,7.0
20081,290445,1,2,5,0,35,1,1,1,29,2,low,0.5,9.0
20082,290446,1,1,5,0,40,1,2,2,29,1,high,1.0,8.0
20083,290447,1,6,6,0,30,3,1,1,29,1,low,0.16666666666666666,33.0
20084,290448,1,1,7,0,30,3,1,1,29,1,high,1.0,9.0
20085,290449,1,1,7,0,45,2,1,1,29,1,high,1.0,6.0
20086,290450,1,1,8,0,55,2,1,1,29,1,high,1.0,8.0
20087,290451,1,8,7,4,70,1,1,1,29,0,low,0.125,8.0
20088,290452,1,3,7,0,70,2,1,1,29,0,low,0.3333333333333333,15.0
20089,290453,1,1,7,0,70,1,1,1,29,0,high,1.0,10.0
20090,290454,1,1,7,0,55,1,1,1,29,0,high,1.0,8.0
20091,290455,1,2,6,0,70,1,1,1,29,0,low,0.5,6.0
20092,290456,1,4,7,11,70,1,1,1,29,0,low,0.25,2.0
20093,290457,1,1,7,0,55,1,1,1,29,1,high,1.0,14.0
20094,290458,1,2,7,0,35,1,1,1,29,0,low,0.5,8.0
20095,290460,1,2,7,0,55,2,5,1,29,2,low,0.5,13.0
20096,290461,1,1,7,0,30,1,1,1,29,0,high,1.0,10.0
20097,290462,1,2,7,0,55,1,1,1,29,1,low,0.5,7.0
20098,290463,1,2,7,0,25,3,1,1,29,1,low,0.5,4.0
20099,290464,1,2,7,5,60,1,1,1,29,0,low,0.5,11.0
20100,290465,1,1,7,0,55,1,1,1,29,0,high,1.0,4.0
20101,290466,1,1,7,0,60,2,1,1,29,1,high,1.0,6.0
20102,290467,1,1,7,0,55,1,1,1,29,0,high,1.0,11.0
20103,290468,1,1,7,0,30,3,1,1,29,1,high,1.0,7.0
20104,290469,1,4,7,0,60,1,1,1,29,0,low,0.25,3.0
20105,290470,2,4,7,4,70,1,1,1,29,0,low,0.5,5.0
20106,290471,1,4,5,0,40,3,1,1,29,1,low,0.25,18.0
20107,290472,1,2,6,4,55,1,2,2,29,0,low,0.5,20.0
20108,290473,1,2,6,0,40,3,1,2,29,0,low,0.5,14.0
20109,290474,1,1,6,0,70,1,1,1,29,0,high,1.0,15.0
20110,290475,1,1,6,0,55,2,2,2,29,1,high,1.0,12.0
20111,290476,1,1,7,0,55,1,1,1,29,1,high,1.0,7.0
20112,290477,1,2,7,4,45,1,1,1,29,1,low,0.5,6.0
20113,290478,1,2,7,0,55,2,1,1,29,1,low,0.5,8.0
20114,290479,1,1,7,0,35,3,1,1,29,1,high,1.0,23.0
20115,290480,1,3,7,0,30,1,1,1,29,1,low,0.3333333333333333,20.0
20116,290481,2,4,7,5,40,1,1,1,29,0,low,0.5,13.0
20117,290482,1,2,7,0,99,3,1,1,29,1,low,0.5,10.0
20118,290483,1,1,7,0,60,2,1,2,29,0,high,1.0,8.0
20119,290484,1,5,7,0,60,2,1,1,29,0,low,0.2,2.0
20120,290485,1,2,7,4,35,1,1,1,29,0,low,0.5,12.0
20121,290486,1,1,7,0,45,1,1,1,29,1,high,1.0,9.0
20122,290487,1,3,7,0,45,2,1,1,29,1,low,0.3333333333333333,908.0
20123,290488,1,1,7,0,65,2,1,1,29,1,high,1.0,8.0
20124,290489,1,1,7,0,45,2,1,1,29,1,high,1.0,3.0
20125,290490,1,2,7,0,55,2,1,1,29,0,low,0.5,13.0
20126,290491,2,5,7,0,35,1,1,1,29,0,low,0.4,10.0
20127,290492,1,4,7,2,60,1,1,1,29,1,low,0.25,9.0
20128,290493,1,1,7,0,55,1,1,1,29,1,high,1.0,4.0
20129,290494,1,2,7,2,60,1,1,1,29,0,low,0.5,65.0
20130,290495,1,5,7,4,45,1,1,1,29,0,low,0.2,10.0
20131,290496,1,1,7,0,55,1,1,1,29,0,high,1.0,10.0
20132,290497,1,1,7,0,65,1,1,1,29,1,high,1.0,21.0
20133,290498,1,1,7,0,40,3,1,1,29,1,high,1.0,10.0
20134,290499,1,3,7,4,35,3,1,1,29,2,low,0.3333333333333333,5.0
20135,290500,1,2,7,0,35,2,1,1,29,1,low,0.5,9.0
20136,290501,1,1,7,0,60,2,1,1,29,0,high,1.0,5.0
20137,290502,1,2,7,1,65,1,1,1,29,1,low,0.5,8.0
20138,290503,1,1,7,0,45,1,1,1,29,0,high,1.0,12.0
20139,290504,1,1,7,0,45,2,1,1,29,1,high,1.0,11.0
20140,290505,1,1,7,0,35,1,1,1,29,0,high,1.0,0.0
20141,290506,1,4,7,7,65,1,1,1,29,0,low,0.25,12.0
20142,290507,1,3,7,5,35,1,1,1,29,0,low,0.3333333333333333,20.0
20143,290508,1,3,7,0,55,1,1,1,29,0,low,0.3333333333333333,6.0
20144,290509,1,1,7,0,55,1,1,1,29,1,high,1.0,11.0
20145,290510,2,5,8,4,55,1,1,1,29,1,low,0.4,9.0
20146,290511,1,1,8,0,65,1,1,1,29,0,high,1.0,21.0
20147,290512,1,1,8,0,60,1,1,1,29,0,high,1.0,9.0
20148,290513,1,6,8,0,55,1,1,1,29,0,low,0.16666666666666666,8.0
20149,290514,1,6,8,0,60,2,1,1,29,1,low,0.16666666666666666,5.0
20150,290515,1,1,8,0,55,2,1,1,29,0,high,1.0,1.0
20151,290516,1,1,8,0,60,1,1,1,29,1,high,1.0,7.0
20152,290517,1,3,8,2,60,1,1,1,29,0,low,0.3333333333333333,14.0
20153,290518,1,2,8,0,55,1,1,1,29,1,low,0.5,8.0
20154,290519,1,2,8,4,40,3,1,1,29,1,low,0.5,15.0
20155,290520,1,3,8,4,55,1,1,2,29,0,low,0.3333333333333333,7.0
20156,290521,2,4,8,0,70,2,1,1,29,1,low,0.5,3.0
20157,290522,1,2,8,2,60,2,1,1,29,1,low,0.5,46.0
20158,290523,2,2,8,0,55,2,1,1,29,0,high,1.0,6.0
20159,290524,1,3,8,0,55,2,1,1,29,1,low,0.3333333333333333,6.0
20160,290525,1,2,8,4,55,2,1,1,29,0,low,0.5,7.0
20161,290526,1,3,8,0,70,1,1,1,29,0,low,0.3333333333333333,6.0
20162,290527,1,1,7,0,45,1,5,1,29,0,high,1.0,5.0
20163,290528,1,1,8,0,55,1,1,1,29,1,high,1.0,6.0
20164,290529,1,2,8,0,60,2,1,1,29,1,low,0.5,0.0
20165,290530,1,1,8,0,60,1,1,1,29,0,high,1.0,6.0
20166,290531,1,3,8,2,55,2,1,1,29,1,low,0.3333333333333333,19.0
20167,290532,1,2,8,2,55,2,1,1,29,0,low,0.5,18.0