,ST_CASE,FATALS,PERSONS,MONTH,MAN_COLL,SP_LIMIT,LGT_COND,WEATHER,SUR_COND,STATE,DRUNK_DR,rate,rate_numerical,arrival_time
21680,340205,1,2,1,0,25,3,2,2,34,1,low,0.5,
21681,340206,1,1,1,0,65,1,1,1,34,0,high,1.0,
21682,340207,1,2,3,0,40,1,1,1,34,1,low,0.5,
21683,340208,1,5,3,0,25,3,2,2,34,1,low,0.2,
21684,340209,1,2,2,5,45,1,1,1,34,0,low,0.5,
21685,340210,1,7,6,2,40,1,1,1,34,0,low,0.14285714285714285,
21686,340211,1,2,5,0,35,2,1,1,34,1,low,0.5,
21687,340212,1,1,3,2,25,1,1,1,34,0,high,1.0,
21688,340213,1,1,6,0,50,1,1,1,34,0,high,1.0,
21689,340214,1,1,4,0,25,3,1,1,34,1,high,1.0,
21690,340215,1,2,4,0,65,1,1,1,34,0,low,0.5,
21691,340216,1,3,3,5,25,1,1,1,34,0,low,0.3333333333333333,
21692,340217,1,1,4,0,40,1,1,1,34,0,high,1.0,
21693,340218,1,1,5,0,65,1,1,1,34,0,high,1.0,
21694,340219,1,2,1,5,45,1,1,1,34,0,low,0.5,
21695,340220,1,3,4,2,50,2,1,1,34,0,low,0.3333333333333333,
21696,340221,1,2,3,0,50,2,1,1,34,0,low,0.5,
21697,340222,1,1,7,0,45,1,1,1,34,0,high,1.0,
21698,340223,1,2,7,0,55,1,1,1,34,0,low,0.5,
21699,340224,1,2,3,5,50,1,1,1,34,0,low,0.5,
21700,340225,1,2,2,0,40,2,1,1,34,0,low,0.5,
21701,340226,1,2,3,5,45,3,1,1,34,1,low,0.5,
21702,340227,1,1,6,0,50,2,1,1,34,1,high,1.0,
21703,340228,1,1,5,0,40,5,1,1,34,0,high,1.0,
21704,340229,1,6,6,5,40,2,2,6,34,0,low,0.16666666666666666,
21705,340230,1,1,4,0,40,1,1,1,34,0,high,1.0,
21706,340231,1,2,6,5,50,3,1,1,34,1,low,0.5,
21707,340232,1,4,4,5,25,1,1,1,34,1,low,0.25,
21708,340233,1,4,4,0,20,3,1,2,34,2,low,0.25,
21709,340234,1,2,3,0,35,1,1,1,34,0,low,0.5,
21710,340235,1,2,3,0,45,1,1,1,34,0,low,0.5,
21711,340236,1,2,7,0,65,1,1,1,34,1,low,0.5,
21712,340237,2,28,7,5,65,1,1,1,34,0,low,0.07142857142857142,
21713,340238,1,6,7,5,40,1,1,1,34,1,low,0.16666666666666666,
21714,340239,1,2,5,0,50,3,1,1,34,0,low,0.5,
21715,340240,1,2,7,0,40,1,1,1,34,1,low,0.5,
21716,340241,1,1,7,0,55,3,1,1,34,0,high,1.0,
21717,340242,1,5,7,1,65,2,2,2,34,2,low,0.2,
21718,340243,1,1,6,0,50,1,1,1,34,0,high,1.0,
21719,340244,1,2,5,0,35,2,1,1,34,0,low,0.5,
21720,340245,1,1,6,0,65,2,1,1,34,1,high,1.0,
21721,340246,1,4,7,0,55,2,1,1,34,1,low,0.25,
21722,340247,1,3,7,2,50,2,1,1,34,0,low,0.3333333333333333,
21723,340248,1,2,7,0,50,1,1,1,34,0,low,0.5,
21724,340249,1,2,5,2,25,3,1,1,34,0,low,0.5,
21725,340250,1,2,6,0,55,1,1,1,34,1,low,0.5,
21726,340251,1,3,6,0,65,3,1,1,34,1,low,0.3333333333333333,
21727,340252,1,2,6,5,30,1,1,1,34,0,low,0.5,
21728,340253,2,2,7,0,65,2,1,1,34,2,high,1.0,
21729,340254,1,1,7,0,35,1,1,1,34,0,high,1.0,
21730,340255,1,3,7,5,45,1,1,1,34,0,low,0.3333333333333333,
21731,340256,1,9,2,1,50,1,1,1,34,0,low,0.1111111111111111,
21732,340257,1,1,8,0,65,2,1,1,34,1,high,1.0,
21733,340258,1,4,8,1,65,1,1,1,34,0,low,0.25,
21734,340259,1,2,6,0,50,3,1,1,34,1,low,0.5,
21735,340260,1,1,5,1,65,1,1,1,34,0,high,1.0,
21736,340261,1,2,5,1,65,2,1,1,34,0,low,0.5,
21737,340262,1,1,7,0,65,3,1,1,34,0,high,1.0,
21738,340263,1,2,7,0,35,1,1,1,34,0,low,0.5,
21739,340264,1,1,7,0,65,4,1,1,34,0,high,1.0,
21740,340265,1,4,7,0,40,3,1,1,34,0,low,0.25,
21741,340266,1,3,7,7,55,3,1,1,34,2,low,0.3333333333333333,
21742,340267,1,2,7,5,50,1,1,1,34,1,low,0.5,
21743,340268,1,5,7,1,55,1,1,1,34,0,low,0.2,
21744,340269,1,1,7,0,55,1,1,1,34,0,high,1.0,
21745,340270,1,1,7,0,45,1,1,1,34,0,high,1.0,
21746,340272,1,2,9,0,25,3,1,1,34,1,low,0.5,
21747,340273,1,1,1,0,50,1,1,1,34,0,high,1.0,
21748,340274,1,5,5,7,50,1,1,1,34,0,low,0.2,
21749,340275,1,1,5,0,50,1,2,2,34,1,high,1.0,
21750,340276,1,2,7,1,65,1,1,1,34,0,low,0.5,
21751,340277,1,2,7,2,40,4,1,1,34,1,low,0.5,
21752,340278,1,3,8,5,45,1,1,1,34,0,low,0.3333333333333333,
21753,340279,1,2,3,2,45,1,1,1,34,0,low,0.5,
21754,340280,1,1,3,0,50,1,1,1,34,0,high,1.0,
21755,340281,2,3,1,5,25,1,1,1,34,0,high,0.6666666666666666,
21756,340282,2,9,6,2,55,3,1,1,34,1,low,0.2222222222222222,
21757,340283,1,3,6,2,55,1,1,1,34,0,low,0.3333333333333333,
21758,340284,1,3,7,0,65,2,1,1,34,2,low,0.3333333333333333,
21759,340285,1,1,6,0,65,3,1,1,34,0,high,1.0,
21760,340286,1,1,2,0,45,1,1,4,34,0,high,1.0,
21761,340287,1,3,6,0,65,3,1,1,34,1,low,0.3333333333333333,
21762,340288,1,3,6,0,25,3,1,1,34,1,low,0.3333333333333333,
21763,340289,1,5,6,1,65,5,1,1,34,0,low,0.2,
21764,340290,1,6,8,5,45,1,1,1,34,0,low,0.16666666666666666,
21765,340291,1,3,7,5,40,2,1,1,34,0,low,0.3333333333333333,
21766,340292,1,3,7,5,50,1,1,1,34,0,low,0.3333333333333333,
21767,340293,1,1,6,0,55,1,1,1,34,1,high,1.0,
21768,340294,1,1,7,0,35,1,1,1,34,0,high,1.0,
21769,340295,1,2,7,2,50,1,1,1,34,0,low,0.5,
21770,340296,1,2,2,5,50,3,1,1,34,1,low,0.5,
21771,340297,1,2,7,0,25,2,1,1,34,1,low,0.5,
21772,340298,1,2,10,0,35,1,1,1,34,0,low,0.5,
21773,340299,1,1,10,0,0,1,1,1,34,1,high,1.0,
21774,340300,1,2,4,5,25,1,1,1,34,0,low,0.5,
21775,340301,1,2,3,0,25,3,1,1,34,2,low,0.5,
21776,340302,1,1,3,0,40,2,1,1,34,0,high,1.0,
21777,340303,1,2,4,5,25,5,1,1,34,0,low,0.5,
21778,340304,1,4,3,2,40,1,1,1,34,0,low,0.25,
21779,340305,1,1,3,0,50,1,1,1,34,0,high,1.0,
21780,340306,2,5,2,0,35,2,1,1,34,0,low,0.4,
21781,340307,1,1,5,0,30,1,1,1,34,0,high,1.0,
21782,340308,1,6,5,7,40,1,1,1,34,0,low,0.16666666666666666,
21783,340309,1,3,5,0,45,3,1,1,34,0,low,0.3333333333333333,
21784,340310,1,2,2,0,25,3,1,1,34,1,low,0.5,
21785,340312,1,3,3,5,50,1,1,1,34,0,low,0.3333333333333333,
21786,340313,1,2,3,0,30,2,1,1,34,2,low,0.5,
21787,340314,1,2,1,2,25,1,1,1,34,0,low,0.5,
21788,340315,1,1,5,0,65,1,1,1,34,1,high,1.0,
21789,340316,1,1,4,0,65,1,1,1,34,0,high,1.0,
21790,340317,1,3,4,5,35,1,2,2,34,0,low,0.3333333333333333,
21791,340318,1,4,3,2,65,4,1,1,34,2,low,0.25,
21792,340319,1,3,5,2,45,1,1,1,34,0,low,0.3333333333333333,
21793,340320,1,1,5,0,65,4,1,1,34,1,high,1.0,
21794,340321,1,1,5,0,25,3,1,2,34,1,high,1.0,
21795,340322,1,3,5,5,40,3,1,1,34,1,low,0.3333333333333333,
21796,340323,1,2,5,0,25,3,1,1,34,0,low,0.5,
21797,340324,1,2,7,0,35,5,1,1,34,0,low,0.5,
21798,340325,1,2,7,2,40,1,1,1,34,0,low,0.5,
21799,340326,1,4,7,5,45,1,1,1,34,0,low,0.25,
21800,340327,1,4,7,2,25,1,1,1,34,0,low,0.25,
21801,340328,1,1,7,0,65,3,1,1,34,0,high,1.0,
21802,340329,1,2,7,1,50,5,1,1,34,0,low,0.5,
21803,340330,1,2,7,1,40,4,1,1,34,0,low,0.5,
21804,340331,1,6,7,0,40,2,1,1,34,1,low,0.16666666666666666,
21805,340332,1,3,6,0,55,1,1,1,34,1,low,0.3333333333333333,
21806,340333,1,10,7,1,25,3,1,1,34,1,low,0.1,
21807,340334,1,3,7,0,25,3,1,1,34,1,low,0.3333333333333333,
21808,340335,1,5,7,2,25,1,1,1,34,0,low,0.2,
21809,340336,1,3,6,0,55,3,2,2,34,1,low,0.3333333333333333,
21810,340337,1,2,6,0,55,3,1,1,34,0,low,0.5,
21811,340338,2,2,7,0,50,3,1,1,34,0,high,1.0,
21812,340339,1,1,7,0,45,3,1,1,34,1,high,1.0,
21813,340340,1,1,7,1,25,1,1,1,34,0,high,1.0,
21814,340341,1,2,7,1,40,1,1,1,34,1,low,0.5,
21815,340342,1,1,7,0,65,1,1,1,34,0,high,1.0,
21816,340343,1,1,7,0,55,4,2,2,34,0,high,1.0,
21817,340344,1,1,7,0,50,1,1,1,34,1,high,1.0,
21818,340345,1,2,6,0,55,2,1,1,34,1,low,0.5,
21819,340346,1,1,3,0,40,1,1,1,34,1,high,1.0,
21820,340347,1,1,8,0,55,1,1,1,34,0,high,1.0,
21821,340348,1,2,8,0,65,1,1,1,34,0,low,0.5,
21822,340349,1,4,8,5,35,5,1,1,34,0,low,0.25,
21823,340350,1,1,8,0,25,3,1,1,34,1,high,1.0,
21824,340351,1,2,8,0,50,1,1,1,34,0,low,0.5,
21825,340352,1,2,6,5,25,1,1,1,34,0,low,0.5,
21826,340353,1,2,12,0,25,3,2,2,34,0,low,0.5,
21827,340354,1,1,12,0,35,3,2,2,34,0,high,1.0,
21828,340356,1,1,11,0,35,1,2,2,34,0,high,1.0,
21829,340357,1,2,11,0,30,1,1,1,34,0,low,0.5,
21830,340358,1,1,9,1,40,1,1,1,34,0,high,1.0,
21831,340359,1,3,9,0,50,3,1,1,34,0,low,0.3333333333333333,
21832,340360,1,5,9,5,50,1,1,1,34,0,low,0.2,
21833,340361,1,1,9,0,65,1,1,1,34,0,high,1.0,
21834,340362,1,1,9,0,25,1,1,1,34,0,high,1.0,
21835,340363,1,3,9,0,0,1,1,1,34,0,low,0.3333333333333333,
21836,340364,1,2,9,0,35,3,1,1,34,0,low,0.5,
21837,340365,1,2,9,0,25,3,1,1,34,1,low,0.5,
21838,340366,1,1,9,0,25,3,1,1,34,1,high,1.0,
21839,340367,1,1,9,0,50,2,1,1,34,1,high,1.0,
21840,340368,1,2,6,0,25,1,1,1,34,0,low,0.5,
21841,340369,1,4,9,0,25,1,1,1,34,0,low,0.25,
21842,340370,1,1,9,0,25,1,1,2,34,1,high,1.0,
21843,340371,1,1,9,0,40,2,1,1,34,1,high,1.0,
21844,340372,1,1,9,0,55,3,1,1,34,1,high,1.0,
21845,340373,1,1,9,0,65,3,1,1,34,0,high,1.0,
21846,340374,1,1,9,0,50,2,1,1,34,0,high,1.0,
21847,340375,1,2,9,0,35,4,1,1,34,1,low,0.5,
21848,340376,1,3,9,0,25,3,1,1,34,0,low,0.3333333333333333,
21849,340377,3,7,9,2,50,1,2,2,34,1,low,0.42857142857142855,
21850,340378,1,2,9,5,35,3,1,1,34,0,low,0.5,
21851,340379,1,1,9,0,35,3,1,1,34,1,high,1.0,
21852,340380,1,1,9,0,40,1,1,1,34,0,high,1.0,
21853,340381,2,2,9,0,25,3,1,1,34,2,high,1.0,
21854,340382,1,2,6,5,35,1,1,1,34,0,low,0.5,
21855,340383,1,4,9,0,45,1,1,1,34,0,low,0.25,
21856,340384,1,2,6,2,45,1,1,1,34,0,low,0.5,
21857,340385,1,2,6,5,55,1,1,1,34,1,low,0.5,
21858,340386,1,1,6,0,35,3,1,1,34,1,high,1.0,
21859,340387,1,1,6,0,50,2,1,1,34,1,high,1.0,
21860,340388,1,2,6,0,35,3,1,1,34,0,low,0.5,
21861,340389,2,16,6,2,50,1,1,1,34,0,low,0.125,
21862,340390,1,6,6,5,55,1,1,1,34,0,low,0.16666666666666666,
21863,340391,2,2,8,0,50,1,1,1,34,0,high,1.0,
21864,340392,1,1,8,0,25,3,1,1,34,1,high,1.0,
21865,340393,1,1,8,0,65,3,5,2,34,1,high,1.0,
21866,340394,1,3,8,0,40,2,1,1,34,1,low,0.3333333333333333,
21867,340395,1,5,8,1,50,1,1,1,34,0,low,0.2,
21868,340396,1,8,8,2,50,1,1,1,34,0,low,0.125,
21869,340397,1,5,8,1,50,1,1,1,34,0,low,0.2,
21870,340398,1,1,2,0,25,3,1,1,34,1,high,1.0,
21871,340399,1,1,8,0,50,1,1,1,34,1,high,1.0,
21872,340400,1,2,9,5,35,1,1,1,34,0,low,0.5,
21873,340401,1,3,8,5,55,1,1,1,34,0,low,0.3333333333333333,
21874,340402,1,2,9,0,25,1,1,1,34,0,low,0.5,
21875,340403,1,5,8,0,65,2,1,1,34,0,low,0.2,
21876,340404,1,1,10,0,40,1,1,2,34,0,high,1.0,
21877,340405,1,2,10,0,40,3,5,1,34,0,low,0.5,
21878,340406,1,8,8,1,45,1,1,1,34,0,low,0.125,
21879,340407,1,2,10,0,45,2,1,1,34,0,low,0.5,
21880,340408,2,6,10,2,50,3,2,2,34,1,low,0.3333333333333333,
21881,340409,1,1,10,0,45,1,1,2,34,1,high,1.0,
21882,340410,1,3,11,2,40,3,1,2,34,0,low,0.3333333333333333,
21883,340411,1,2,8,0,45,3,1,1,34,1,low,0.5,
21884,340412,1,1,8,0,50,3,1,2,34,1,high,1.0,
21885,340413,1,2,8,0,30,3,1,1,34,0,low,0.5,
21886,340414,1,1,8,0,25,3,1,1,34,1,high,1.0,
21887,340415,1,2,8,5,35,1,1,1,34,0,low,0.5,
21888,340416,1,2,8,5,25,3,1,1,34,0,low,0.5,
21889,340417,1,2,8,0,35,3,1,1,34,0,low,0.5,
21890,340418,1,2,7,5,40,1,1,1,34,0,low,0.5,
21891,340419,1,2,7,1,50,2,1,1,34,0,low,0.5,
21892,340420,1,2,5,2,45,1,1,1,34,0,low,0.5,
21893,340421,1,1,7,0,25,3,1,1,34,0,high,1.0,
21894,340422,1,1,9,0,65,1,1,1,34,1,high,1.0,
21895,340423,1,2,5,1,45,3,1,1,34,1,low,0.5,
21896,340424,1,3,10,8,25,2,2,2,34,1,low,0.3333333333333333,
21897,340425,1,2,10,0,25,1,1,2,34,0,low,0.5,
21898,340426,1,3,10,5,50,5,1,1,34,2,low,0.3333333333333333,
21899,340427,2,5,10,0,25,2,1,1,34,1,low,0.4,
21900,340428,1,4,10,2,50,4,5,2,34,0,low,0.25,
21901,340429,1,2,10,0,50,3,1,1,34,1,low,0.5,
21902,340430,1,1,11,0,55,2,2,2,34,0,high,1.0,
21903,340431,1,3,10,0,20,3,5,2,34,0,low,0.3333333333333333,
21904,340432,1,4,11,6,99,1,1,1,34,0,low,0.25,
21905,340433,1,5,10,2,50,2,2,2,34,0,low,0.2,
21906,340434,1,6,10,0,50,3,5,2,34,0,low,0.16666666666666666,
21907,340435,1,1,9,0,50,1,1,1,34,1,high,1.0,
21908,340436,1,2,10,0,50,2,1,1,34,1,low,0.5,
21909,340437,1,3,8,5,50,1,2,2,34,0,low,0.3333333333333333,
21910,340438,1,4,10,5,40,1,1,1,34,0,low,0.25,
21911,340440,1,1,10,0,40,3,1,1,34,0,high,1.0,
21912,340441,1,4,10,0,30,1,1,1,34,0,low,0.25,
21913,340442,3,5,8,2,50,4,1,1,34,0,high,0.6,
21914,340443,1,2,7,0,50,1,1,1,34,0,low,0.5,
21915,340444,1,2,10,0,65,3,1,1,34,0,low,0.5,
21916,340445,1,2,10,0,55,3,2,2,34,0,low,0.5,
21917,340446,1,2,10,0,40,1,1,1,34,0,low,0.5,
21918,340447,1,5,10,0,40,3,1,1,34,0,low,0.2,
21919,340448,1,2,10,5,35,1,1,2,34,0,low,0.5,
21920,340449,1,2,10,2,50,3,1,2,34,1,low,0.5,
21921,340450,1,3,10,2,50,4,1,1,34,2,low,0.3333333333333333,
21922,340451,1,2,10,0,25,1,1,1,34,0,low,0.5,
21923,340452,1,3,10,0,25,3,2,2,34,0,low,0.3333333333333333,
21924,340453,1,2,10,2,45,3,1,1,34,1,low,0.5,
21925,340454,1,2,8,0,50,2,2,2,34,0,low,0.5,
21926,340455,1,3,5,0,25,1,1,1,34,1,low,0.3333333333333333,
21927,340456,1,4,8,2,50,1,1,1,34,0,low,0.25,
21928,340457,1,2,6,0,50,2,1,1,34,1,low,0.5,
21929,340458,1,2,7,2,35,1,1,1,34,0,low,0.5,
21930,340459,1,3,9,1,50,1,1,1,34,0,low,0.3333333333333333,
21931,340462,1,2,9,0,25,2,2,2,34,0,low,0.5,
21932,340463,1,2,10,0,50,3,1,1,34,0,low,0.5,
21933,340464,1,2,10,5,50,3,1,1,34,1,low,0.5,
21934,340465,1,1,11,0,45,3,1,1,34,1,high,1.0,
21935,340466,1,2,8,0,40,1,1,1,34,0,low,0.5,
21936,340467,1,3,9,0,25,1,1,1,34,0,low,0.3333333333333333,
21937,340468,1,4,7,5,55,1,1,1,34,1,low,0.25,
21938,340469,1,3,8,0,35,3,1,2,34,1,low,0.3333333333333333,
21939,340470,1,4,10,0,40,2,1,1,34,2,low,0.25,
21940,340471,1,4,11,1,65,2,1,1,34,0,low,0.25,
21941,340472,1,2,10,5,50,1,1,1,34,0,low,0.5,
21942,340473,1,1,8,0,50,1,1,1,34,0,high,1.0,
21943,340474,1,5,1,1,45,3,1,1,34,1,low,0.2,
21944,340475,1,2,8,0,45,5,1,1,34,0,low,0.5,
21945,340476,1,2,6,1,25,1,1,1,34,0,low,0.5,
21946,340477,2,2,9,0,25,1,1,1,34,1,high,1.0,
21947,340478,1,1,10,0,65,1,1,1,34,1,high,1.0,
21948,340479,1,3,10,0,45,3,1,1,34,1,low,0.3333333333333333,
21949,340480,1,2,10,0,35,1,1,1,34,0,low,0.5,
21950,340481,1,2,10,2,50,5,1,1,34,0,low,0.5,
21951,340482,1,1,10,1,55,5,1,2,34,0,high,1.0,
21952,340483,1,2,8,0,50,1,1,1,34,0,low,0.5,
21953,340484,1,3,8,0,55,2,1,1,34,0,low,0.3333333333333333,
21954,340485,1,7,9,1,55,2,1,1,34,0,low,0.14285714285714285,
21955,340486,1,1,9,0,35,1,1,1,34,0,high,1.0,
21956,340487,1,4,9,5,45,2,1,1,34,1,low,0.25,
21957,340488,1,2,8,5,40,3,1,1,34,0,low,0.5,
21958,340489,1,2,10,0,25,1,2,2,34,0,low,0.5,
21959,340490,1,1,11,0,65,3,1,1,34,0,high,1.0,
21960,340491,1,1,11,0,65,1,1,1,34,0,high,1.0,
21961,340492,1,2,11,0,55,2,1,1,34,0,low,0.5,
21962,340493,1,5,11,5,35,1,2,2,34,0,low,0.2,
21963,340494,1,2,3,0,45,3,4,2,34,0,low,0.5,
21964,340495,1,4,11,0,50,1,2,2,34,0,low,0.25,
21965,340496,2,3,12,0,50,3,1,1,34,0,high,0.6666666666666666,
21966,340497,1,3,10,1,65,3,1,1,34,2,low,0.3333333333333333,
21967,340498,1,2,11,2,50,3,1,1,34,1,low,0.5,
21968,340499,1,2,11,0,45,3,1,1,34,0,low,0.5,
21969,340500,1,2,11,1,55,2,1,2,34,0,low,0.5,
21970,340501,1,4,11,7,40,3,1,1,34,0,low,0.25,
21971,340502,1,2,11,5,30,3,1,1,34,1,low,0.5,
21972,340503,1,1,11,0,25,1,1,1,34,0,high,1.0,
21973,340504,1,5,11,0,25,3,1,1,34,1,low,0.2,
21974,340505,1,2,11,0,50,3,1,1,34,1,low,0.5,
21975,340506,1,2,8,0,40,3,1,1,34,0,low,0.5,
21976,340507,1,7,12,2,50,3,1,1,34,1,low,0.14285714285714285,
21977,340508,1,2,12,7,65,2,2,2,34,1,low,0.5,
21978,340509,1,1,12,0,55,3,1,1,34,1,high,1.0,
21979,340510,1,2,12,0,65,3,2,2,34,1,low,0.5,
21980,340511,1,3,12,1,65,2,1,1,34,0,low,0.3333333333333333,
21981,340512,1,2,12,0,25,5,1,1,34,1,low,0.5,
21982,340513,1,3,12,0,35,2,1,2,34,2,low,0.3333333333333333,
21983,340514,1,2,12,0,40,3,2,2,34,0,low,0.5,
21984,340515,1,2,12,0,25,1,1,1,34,0,low,0.5,
21985,340516,1,6,12,0,55,3,3,4,34,0,low,0.16666666666666666,
21986,340517,1,2,12,0,55,3,3,4,34,0,low,0.5,
21987,340518,1,2,12,5,50,1,1,4,34,0,low,0.5,
21988,340519,1,3,12,0,50,3,1,1,34,1,low,0.3333333333333333,
21989,340520,1,1,12,0,45,2,4,3,34,1,high,1.0,
21990,340521,1,1,12,0,50,2,2,2,34,0,high,1.0,
21991,340522,1,3,9,1,40,4,1,2,34,0,low,0.3333333333333333,
21992,340523,1,3,7,1,65,3,1,1,34,1,low,0.3333333333333333,
21993,340524,2,2,9,0,50,2,1,1,34,2,high,1.0,
21994,340525,1,1,9,0,30,1,1,1,34,0,high,1.0,
21995,340526,1,1,10,0,25,2,5,2,34,1,high,1.0,
21996,340527,1,5,10,5,50,1,1,1,34,0,low,0.2,
21997,340528,1,1,11,0,65,1,2,2,34,1,high,1.0,
21998,340529,1,1,12,0,45,3,1,1,34,1,high,1.0,
21999,340530,1,4,12,0,25,3,1,1,34,1,low,0.25,
22000,340531,1,1,10,0,55,3,1,1,34,0,high,1.0,
22001,340532,2,4,11,0,40,3,1,1,34,1,low,0.5,
22002,340533,1,3,11,5,40,1,1,1,34,0,low,0.3333333333333333,
22003,340534,1,3,10,7,55,2,1,1,34,0,low,0.3333333333333333,
22004,340535,1,2,6,0,15,1,1,1,34,0,low,0.5,
22005,340536,1,2,11,0,40,3,2,2,34,1,low,0.5,
22006,340537,1,1,12,0,25,1,1,1,34,0,high,1.0,
22007,340538,1,9,12,8,45,1,1,1,34,1,low,0.1111111111111111,
22008,340539,1,2,12,5,45,3,1,1,34,0,low,0.5,
22009,340540,1,1,12,0,50,3,2,3,34,1,high,1.0,
22010,340541,1,2,11,0,25,1,1,1,34,0,low,0.5,
22011,340542,1,2,7,0,25,3,1,1,34,0,low,0.5,
22012,340543,1,3,7,0,25,1,1,1,34,1,low,0.3333333333333333,
22013,340544,4,10,12,2,55,2,1,1,34,1,low,0.4,
22014,340545,1,7,6,2,25,1,2,2,34,0,low,0.14285714285714285,
22015,340546,2,3,8,1,45,3,1,1,34,0,high,0.6666666666666666,
22016,340547,1,1,8,0,25,3,1,1,34,1,high,1.0,
22017,340548,1,2,2,0,25,1,1,1,34,0,low,0.5,
22018,340549,1,1,2,0,45,3,1,3,34,1,high,1.0,
22019,340550,1,3,3,0,50,1,1,2,34,0,low,0.3333333333333333,
22020,340551,1,2,3,7,25,3,1,1,34,1,low,0.5,
22021,340552,1,2,6,0,35,1,1,1,34,0,low,0.5,
22022,340553,1,5,7,5,35,3,1,1,34,0,low,0.2,
22023,340554,2,2,5,5,45,5,2,2,34,1,high,1.0,
22024,340555,1,1,5,0,45,3,1,1,34,0,high,1.0,
22025,340556,1,3,5,5,40,1,1,1,34,0,low,0.3333333333333333,
22026,340557,1,7,9,1,65,1,1,1,34,1,low,0.14285714285714285,
22027,340558,1,3,6,5,35,1,1,1,34,0,low,0.3333333333333333,
22028,340559,1,4,6,5,50,1,1,1,34,0,low,0.25,
22029,340560,1,2,6,5,40,1,1,1,34,0,low,0.5,
22030,340561,1,1,6,0,55,1,1,1,34,1,high,1.0,
22031,340562,1,1,10,0,55,1,1,1,34,1,high,1.0,
22032,340563,1,5,7,0,25,1,1,1,34,2,low,0.2,
22033,340564,1,2,7,5,35,4,1,1,34,0,low,0.5,
22034,340565,1,1,7,0,55,1,1,2,34,0,high,1.0,
22035,340566,1,2,7,0,25,3,1,1,34,1,low,0.5,
22036,340567,1,2,7,7,50,1,1,1,34,0,low,0.5,
22037,340568,1,1,7,0,25,1,2,2,34,0,high,1.0,
22038,340569,1,2,7,5,45,1,1,1,34,0,low,0.5,
22039,340570,1,2,7,0,25,3,1,1,34,0,low,0.5,
22040,340571,1,2,7,0,25,1,1,1,34,0,low,0.5,
22041,340572,1,3,11,2,40,1,1,1,34,0,low,0.3333333333333333,
22042,340573,1,1,7,0,50,3,1,1,34,1,high,1.0,
22043,340574,1,5,8,11,25,1,1,1,34,0,low,0.2,
22044,340575,1,3,8,5,55,1,1,1,34,1,low,0.3333333333333333,
22045,340576,2,2,11,0,35,3,1,1,34,2,high,1.0,
22046,340577,1,2,8,1,65,1,1,1,34,0,low,0.5,
22047,340578,2,2,8,0,40,1,1,1,34,0,high,1.0,
22048,340579,1,5,8,0,45,1,1,1,34,0,low,0.2,
22049,340580,1,2,8,0,45,2,2,2,34,1,low,0.5,
22050,340581,1,2,8,5,25,3,1,1,34,0,low,0.5,
22051,340582,1,5,8,3,55,1,1,1,34,0,low,0.2,
22052,340583,2,2,8,2,55,1,1,1,34,0,high,1.0,
22053,340584,2,8,8,5,45,3,1,1,34,1,low,0.25,
22054,340585,1,1,8,0,35,2,1,2,34,1,high,1.0,
22055,340586,1,3,8,0,45,1,1,1,34,0,low,0.3333333333333333,
22056,340587,1,2,8,0,25,3,2,2,34,0,low,0.5,
22057,340588,1,6,8,1,45,1,1,1,34,0,low,0.16666666666666666,
22058,340589,1,10,8,1,55,3,1,1,34,0,low,0.1,
22059,340590,1,2,8,0,25,3,1,1,34,0,low,0.5,
22060,340591,1,2,8,0,35,1,1,1,34,0,low,0.5,
22061,340592,1,2,8,5,35,5,2,2,34,1,low,0.5,
22062,340593,1,3,9,5,45,1,1,1,34,1,low,0.3333333333333333,
22063,340594,1,1,9,0,50,3,1,1,34,1,high,1.0,
22064,340595,1,1,9,0,50,3,1,1,34,1,high,1.0,
22065,340596,2,3,9,0,25,3,1,1,34,2,high,0.6666666666666666,
22066,340597,1,1,9,0,50,1,1,1,34,1,high,1.0,
22067,340598,1,2,9,0,35,3,1,1,34,2,low,0.5,
22068,340599,1,3,10,1,50,1,1,1,34,0,low,0.3333333333333333,
22069,340600,1,5,10,5,50,1,1,1,34,0,low,0.2,
22070,340601,1,1,9,0,35,1,1,1,34,0,high,1.0,
22071,340603,1,1,9,0,25,3,1,1,34,1,high,1.0,
22072,340604,1,2,10,0,40,3,1,1,34,2,low,0.5,
22073,340605,1,2,9,0,55,2,1,1,34,1,low,0.5,
22074,340606,1,3,9,1,50,3,1,1,34,1,low,0.3333333333333333,
22075,340607,1,2,9,2,50,1,1,1,34,0,low,0.5,
22076,340608,1,5,10,1,50,2,1,2,34,0,low,0.2,
22077,340609,1,3,10,0,50,1,1,1,34,1,low,0.3333333333333333,
22078,340610,1,1,9,0,45,1,1,1,34,0,high,1.0,
22079,340611,1,3,9,7,55,1,1,1,34,0,low,0.3333333333333333,