,ST_CASE,FATALS,PERSONS,MONTH,MAN_COLL,SP_LIMIT,LGT_COND,WEATHER,SUR_COND,STATE,DRUNK_DR,rate,rate_numerical,arrival_time
22477,350322,1,1,9,0,35,1,1,1,35,0,high,1.0,
22478,350323,1,1,1,0,65,3,1,1,35,0,high,1.0,
22479,350324,1,5,7,0,55,1,1,1,35,2,low,0.2,
22480,350325,1,3,6,5,25,1,1,1,35,0,low,0.3333333333333333,
22481,350326,1,1,5,0,45,5,1,1,35,1,high,1.0,
22482,350327,1,2,8,0,25,1,1,1,35,0,low,0.5,
22483,350328,1,2,8,0,25,1,1,1,35,0,low,0.5,
22484,350329,1,6,1,0,35,1,1,1,35,1,low,0.16666666666666666,
22485,350330,1,2,9,0,45,1,1,1,35,0,low,0.5,
22486,350331,1,6,7,1,60,1,2,2,35,0,low,0.16666666666666666,
22487,350332,1,8,5,4,55,1,1,1,35,0,low,0.125,
22488,350333,1,1,8,0,40,3,1,1,35,0,high,1.0,
22489,350334,1,1,8,0,55,1,1,1,35,0,high,1.0,
22490,350335,1,3,4,0,75,2,3,2,35,0,low,0.3333333333333333,
22491,350336,1,1,9,0,45,1,1,1,35,1,high,1.0,
22492,350337,1,3,7,0,55,1,1,1,35,0,low,0.3333333333333333,
22493,350338,1,1,6,0,25,3,1,1,35,0,high,1.0,
22494,350339,1,2,10,0,45,1,1,1,35,0,low,0.5,
22495,350340,1,3,2,0,45,2,1,1,35,3,low,0.3333333333333333,
22496,350341,1,2,11,5,25,5,1,1,35,0,low,0.5,
22497,350342,1,2,5,0,50,2,1,1,35,1,low,0.5,
22498,350343,1,5,6,0,75,5,1,1,35,0,low,0.2,
22499,350344,1,3,3,0,25,2,1,1,35,2,low,0.3333333333333333,
22500,350345,1,1,7,0,65,1,1,1,35,1,high,1.0,
22501,350346,1,1,3,0,25,1,1,1,35,1,high,1.0,
22502,350347,1,3,9,5,25,2,1,1,35,0,low,0.3333333333333333,
22503,350348,1,8,11,5,35,3,1,1,35,1,low,0.125,
22504,350349,1,1,12,0,75,2,1,1,35,1,high,1.0,
22505,350350,1,3,2,0,75,2,1,1,35,3,low,0.3333333333333333,
22506,350351,1,2,9,0,55,2,1,1,35,1,low,0.5,
22507,350352,1,1,12,0,30,1,1,1,35,0,high,1.0,
22508,350353,1,2,7,0,99,1,1,1,35,2,low,0.5,
22509,350354,1,1,7,0,99,2,1,1,35,1,high,1.0,
22510,350355,1,2,11,0,35,2,1,1,35,2,low,0.5,
22511,350356,1,4,7,4,35,1,1,1,35,0,low,0.25,
22512,350357,1,1,8,0,99,1,1,1,35,0,high,1.0,
22513,350358,5,5,10,0,99,2,1,1,35,1,high,1.0,
22514,350359,1,4,4,0,99,1,1,1,35,1,low,0.25,
22515,350360,2,3,11,0,99,2,1,1,35,1,high,0.6666666666666666,
22516,350361,1,2,5,0,99,1,1,1,35,1,low,0.5,
22517,350362,1,2,2,0,99,1,1,1,35,1,low,0.5,
22518,350363,1,1,3,0,99,1,1,1,35,1,high,1.0,
22519,350364,1,2,7,0,99,1,1,1,35,1,low,0.5,
22520,350365,3,3,11,0,99,1,1,1,35,3,high,1.0,
22521,350366,1,1,10,0,75,2,1,1,35,1,high,1.0,
22522,350367,1,3,9,0,35,1,1,1,35,0,low,0.3333333333333333,
22523,350368,1,4,12,5,50,3,1,1,35,1,low,0.25,
22524,350369,1,1,12,99,99,1,1,1,35,0,high,1.0,
22525,350370,1,5,11,0,55,2,1,1,35,0,low,0.2,
22526,350371,1,1,5,0,35,1,1,1,35,1,high,1.0,
22527,360001,1,1,1,0,99,2,1,1,36,1,high,1.0,
22528,360002,1,1,1,0,55,3,1,1,36,1,high,1.0,
22529,360003,1,1,1,0,30,2,1,1,36,0,high,1.0,
22530,360004,1,1,1,0,35,3,1,1,36,0,high,1.0,
22531,360005,1,2,1,2,55,3,1,1,36,1,low,0.5,
22532,360006,1,1,1,0,55,1,1,2,36,1,high,1.0,
22533,360007,1,1,1,0,55,3,1,1,36,1,high,1.0,
22534,360008,1,1,1,0,45,1,1,2,36,0,high,1.0,
22535,360009,3,4,1,5,99,3,3,4,36,0,high,0.75,
22536,360010,1,1,1,0,40,2,2,2,36,1,high,1.0,
22537,360011,1,1,1,0,55,1,1,2,36,0,high,1.0,
22538,360012,2,2,1,0,40,2,1,2,36,1,high,1.0,
22539,360013,1,2,1,0,65,1,1,2,36,0,low,0.5,
22540,360014,1,2,1,0,55,2,1,1,36,1,low,0.5,
22541,360015,1,1,1,0,65,2,2,2,36,1,high,1.0,
22542,360016,1,5,1,5,55,1,1,2,36,0,low,0.2,
22543,360017,1,1,1,0,55,1,4,3,36,0,high,1.0,
22544,360018,1,5,1,1,55,1,1,2,36,0,low,0.2,
22545,360019,1,1,1,0,55,2,1,3,36,1,high,1.0,
22546,360020,1,1,1,0,55,3,1,1,36,1,high,1.0,
22547,360021,1,1,1,0,55,2,1,1,36,1,high,1.0,
22548,360022,1,2,1,0,65,1,1,1,36,0,low,0.5,
22549,360023,1,2,1,0,99,3,1,1,36,0,low,0.5,
22550,360024,1,5,1,2,45,1,4,2,36,0,low,0.2,
22551,360025,2,6,1,2,55,1,1,2,36,0,low,0.3333333333333333,
22552,360026,1,4,1,3,45,5,1,2,36,0,low,0.25,
22553,360027,1,2,1,5,40,1,1,2,36,0,low,0.5,
22554,360028,1,3,1,0,45,2,4,3,36,0,low,0.3333333333333333,
22555,360029,1,1,1,0,55,1,4,3,36,0,high,1.0,
22556,360030,1,3,2,2,45,2,4,3,36,2,low,0.3333333333333333,
22557,360032,1,1,1,0,40,1,1,1,36,0,high,1.0,
22558,360033,1,1,1,0,55,1,2,2,36,0,high,1.0,
22559,360034,1,2,1,0,65,2,1,1,36,0,low,0.5,
22560,360035,1,2,1,2,65,2,1,1,36,1,low,0.5,
22561,360036,1,1,2,0,45,2,4,3,36,0,high,1.0,
22562,360037,1,4,1,2,65,1,1,1,36,0,low,0.25,
22563,360038,1,1,1,0,55,2,4,3,36,0,high,1.0,
22564,360039,1,2,1,0,99,1,1,1,36,0,low,0.5,
22565,360040,1,1,2,0,55,2,1,3,36,1,high,1.0,
22566,360041,2,4,2,2,55,1,1,1,36,1,low,0.5,
22567,360042,1,1,1,0,30,1,1,1,36,0,high,1.0,
22568,360043,1,6,2,2,45,1,4,3,36,0,low,0.16666666666666666,
22569,360044,1,1,2,0,40,5,1,1,36,0,high,1.0,
22570,360045,1,3,2,5,55,5,4,3,36,0,low,0.3333333333333333,
22571,360046,1,2,1,0,40,2,4,3,36,0,low,0.5,
22572,360047,1,2,2,2,55,1,1,1,36,0,low,0.5,
22573,360048,1,2,2,5,45,1,1,3,36,0,low,0.5,
22574,360049,1,1,1,0,55,2,4,3,36,0,high,1.0,
22575,360050,1,3,2,2,50,1,1,1,36,0,low,0.3333333333333333,
22576,360051,2,6,2,2,55,2,1,1,36,1,low,0.3333333333333333,
22577,360052,1,2,2,0,55,1,1,1,36,0,low,0.5,
22578,360053,1,2,2,0,30,2,1,1,36,0,low,0.5,
22579,360054,1,1,2,0,55,1,1,3,36,0,high,1.0,
22580,360055,3,5,3,5,55,1,4,3,36,0,high,0.6,
22581,360056,2,3,1,0,55,3,1,1,36,0,high,0.6666666666666666,
22582,360057,1,3,2,5,55,1,1,3,36,0,low,0.3333333333333333,
22583,360058,1,4,2,5,55,1,4,3,36,0,low,0.25,
22584,360059,1,1,2,0,55,2,1,3,36,1,high,1.0,
22585,360060,1,3,2,0,55,1,1,1,36,0,low,0.3333333333333333,
22586,360061,1,2,2,5,55,1,1,1,36,0,low,0.5,
22587,360062,1,1,2,0,55,3,1,1,36,1,high,1.0,
22588,360063,1,2,2,5,55,1,1,3,36,0,low,0.5,
22589,360064,1,14,2,2,55,1,4,3,36,0,low,0.07142857142857142,
22590,360065,1,2,3,2,55,1,1,1,36,0,low,0.5,
22591,360066,1,4,2,2,55,1,1,2,36,0,low,0.25,
22592,360067,1,2,3,0,35,2,1,3,36,0,low,0.5,
22593,360068,1,3,3,5,55,1,1,3,36,0,low,0.3333333333333333,
22594,360069,1,5,2,2,55,1,1,2,36,0,low,0.2,
22595,360070,1,5,3,4,45,1,1,1,36,0,low,0.2,
22596,360071,1,5,2,5,55,1,1,1,36,0,low,0.2,
22597,360072,1,4,3,2,55,1,4,3,36,0,low,0.25,
22598,360073,1,1,1,0,55,1,1,1,36,0,high,1.0,
22599,360074,1,1,2,0,99,3,1,1,36,1,high,1.0,
22600,360075,1,4,2,5,99,1,4,3,36,1,low,0.25,
22601,360076,1,1,2,0,30,1,3,3,36,0,high,1.0,
22602,360077,1,1,1,0,55,3,1,1,36,1,high,1.0,
22603,360078,1,1,2,0,35,3,1,1,36,1,high,1.0,
22604,360079,1,1,2,0,40,2,1,3,36,1,high,1.0,
22605,360080,1,2,2,0,40,1,1,1,36,0,low,0.5,
22606,360081,1,3,2,5,99,1,1,1,36,0,low,0.3333333333333333,
22607,360082,1,1,2,0,99,1,1,1,36,1,high,1.0,
22608,360083,1,1,1,0,30,2,1,1,36,1,high,1.0,
22609,360084,1,2,3,5,55,1,1,3,36,0,low,0.5,
22610,360085,2,3,3,4,55,1,1,1,36,0,high,0.6666666666666666,
22611,360086,1,3,2,0,55,3,4,3,36,1,low,0.3333333333333333,
22612,360087,1,2,1,4,55,1,1,1,36,0,low,0.5,
22613,360088,1,5,2,8,65,2,4,2,36,1,low,0.2,
22614,360089,1,1,2,0,55,2,1,1,36,1,high,1.0,
22615,360090,1,2,2,2,55,1,1,1,36,1,low,0.5,
22616,360091,1,1,1,0,99,9,1,1,36,0,high,1.0,
22617,360092,1,1,1,0,99,3,1,1,36,0,high,1.0,
22618,360093,1,3,1,5,99,3,1,2,36,0,low,0.3333333333333333,
22619,360094,1,3,2,2,30,1,1,1,36,0,low,0.3333333333333333,
22620,360095,1,2,2,0,99,1,1,2,36,0,low,0.5,
22621,360096,1,1,2,0,55,2,1,1,36,0,high,1.0,
22622,360097,1,1,2,0,55,2,1,3,36,0,high,1.0,
22623,360098,1,2,2,0,30,2,4,3,36,0,low,0.5,
22624,360099,1,1,2,0,45,3,2,2,36,1,high,1.0,
22625,360100,1,2,2,5,30,1,1,3,36,0,low,0.5,
22626,360101,2,5,3,5,55,1,1,2,36,0,low,0.4,
22627,360102,1,1,1,0,55,1,1,3,36,0,high,1.0,
22628,360103,1,2,2,1,55,3,1,1,36,1,low,0.5,
22629,360104,1,3,2,0,99,3,1,1,36,2,low,0.3333333333333333,
22630,360105,1,3,2,0,99,1,1,1,36,0,low,0.3333333333333333,
22631,360106,1,1,3,0,30,1,1,1,36,0,high,1.0,
22632,360107,1,4,2,2,99,3,1,1,36,0,low,0.25,
22633,360108,2,4,3,0,55,3,1,2,36,2,low,0.5,
22634,360109,1,3,2,0,30,3,1,3,36,1,low,0.3333333333333333,
22635,360110,1,4,2,5,40,3,1,1,36,1,low,0.25,
22636,360111,1,2,1,0,99,3,1,1,36,0,low,0.5,
22637,360112,1,1,3,0,55,3,1,1,36,1,high,1.0,
22638,360113,1,4,2,5,40,3,1,3,36,0,low,0.25,
22639,360114,1,2,3,1,65,1,4,2,36,0,low,0.5,
22640,360115,2,2,1,0,35,3,1,1,36,0,high,1.0,
22641,360116,1,3,3,5,65,1,4,2,36,0,low,0.3333333333333333,
22642,360117,1,3,1,0,99,3,1,1,36,0,low,0.3333333333333333,
22643,360118,2,3,3,5,55,1,1,1,36,0,high,0.6666666666666666,
22644,360119,1,5,1,0,99,3,1,1,36,1,low,0.2,
22645,360120,2,6,2,5,55,1,1,2,36,0,low,0.3333333333333333,
22646,360121,2,2,3,1,65,2,1,1,36,0,high,1.0,
22647,360122,1,1,3,0,65,1,4,3,36,0,high,1.0,
22648,360123,1,4,3,5,55,1,1,1,36,0,low,0.25,
22649,360124,1,3,3,4,55,2,1,1,36,0,low,0.3333333333333333,
22650,360125,1,3,1,5,99,5,1,1,36,0,low,0.3333333333333333,
22651,360126,1,2,2,0,99,1,1,1,36,0,low,0.5,
22652,360127,1,2,3,0,55,1,1,2,36,0,low,0.5,
22653,360128,1,2,3,1,55,1,4,3,36,0,low,0.5,
22654,360129,1,3,3,9,55,1,4,3,36,0,low,0.3333333333333333,
22655,360130,1,2,3,5,40,1,1,1,36,0,low,0.5,
22656,360131,1,3,3,5,35,3,1,1,36,0,low,0.3333333333333333,
22657,360132,1,3,3,5,30,3,1,1,36,0,low,0.3333333333333333,
22658,360133,1,3,3,2,45,1,1,1,36,0,low,0.3333333333333333,
22659,360134,1,1,2,0,99,1,1,1,36,1,high,1.0,
22660,360135,1,5,3,2,55,1,4,3,36,0,low,0.2,
22661,360136,1,3,2,3,50,1,1,2,36,1,low,0.3333333333333333,
22662,360137,1,2,3,1,65,2,1,2,36,0,low,0.5,
22663,360138,1,4,3,1,55,1,4,3,36,0,low,0.25,
22664,360139,1,1,3,0,45,2,1,1,36,1,high,1.0,
22665,360140,1,2,3,3,65,4,1,1,36,0,low,0.5,
22666,360141,3,3,2,0,55,3,1,1,36,3,high,1.0,
22667,360142,1,4,2,1,55,1,1,1,36,1,low,0.25,
22668,360143,1,3,3,0,55,2,9,9,36,0,low,0.3333333333333333,
22669,360144,1,2,2,0,99,1,1,2,36,0,low,0.5,
22670,360145,1,1,1,0,99,3,2,2,36,1,high,1.0,
22671,360146,1,3,1,5,99,2,9,9,36,0,low,0.3333333333333333,
22672,360147,1,1,2,0,40,3,1,1,36,0,high,1.0,
22673,360148,1,2,3,0,30,2,1,1,36,1,low,0.5,
22674,360149,1,3,3,0,30,1,1,1,36,0,low,0.3333333333333333,
22675,360150,2,3,3,5,55,1,1,1,36,1,high,0.6666666666666666,
22676,360151,1,1,4,0,55,1,1,1,36,0,high,1.0,
22677,360152,1,3,2,5,55,1,4,3,36,0,low,0.3333333333333333,
22678,360153,1,2,4,2,55,1,1,1,36,0,low,0.5,
22679,360154,1,2,1,0,99,1,1,1,36,0,low,0.5,
22680,360155,1,1,3,1,55,1,1,1,36,0,high,1.0,
22681,360156,1,3,2,0,99,1,1,1,36,0,low,0.3333333333333333,
22682,360157,1,4,4,5,40,1,1,1,36,0,low,0.25,
22683,360158,1,4,1,0,99,3,2,2,36,0,low,0.25,
22684,360159,1,4,3,5,30,5,1,1,36,0,low,0.25,
22685,360160,1,2,3,0,40,3,1,1,36,0,low,0.5,
22686,360161,1,5,1,1,99,1,1,1,36,0,low,0.2,
22687,360162,1,2,1,0,99,3,1,1,36,0,low,0.5,
22688,360163,1,2,3,1,55,5,1,2,36,1,low,0.5,
22689,360164,1,2,2,0,99,1,1,1,36,0,low,0.5,
22690,360165,1,2,3,0,99,1,1,3,36,0,low,0.5,
22691,360166,1,3,3,0,30,1,1,1,36,0,low,0.3333333333333333,
22692,360167,1,4,4,2,40,1,1,1,36,0,low,0.25,
22693,360168,1,2,4,0,55,2,1,1,36,2,low,0.5,
22694,360169,1,1,4,0,65,1,1,1,36,0,high,1.0,
22695,360171,1,2,4,3,55,1,1,1,36,0,low,0.5,
22696,360172,1,1,1,0,65,2,2,2,36,0,high,1.0,
22697,360173,1,1,4,0,30,1,1,1,36,0,high,1.0,
22698,360174,1,1,3,0,55,1,2,3,36,0,high,1.0,
22699,360175,1,1,4,0,55,3,1,2,36,0,high,1.0,
22700,360176,1,1,1,0,55,2,4,3,36,1,high,1.0,
22701,360177,1,1,4,0,55,1,1,1,36,0,high,1.0,
22702,360178,1,2,4,0,50,3,1,1,36,1,low,0.5,
22703,360179,1,1,3,0,99,1,4,3,36,0,high,1.0,
22704,360180,1,2,3,5,40,1,1,1,36,1,low,0.5,
22705,360181,1,2,4,2,55,3,1,1,36,0,low,0.5,
22706,360182,1,1,4,0,55,2,1,1,36,1,high,1.0,
22707,360183,1,2,3,0,99,1,1,3,36,1,low,0.5,
22708,360184,1,2,4,5,55,1,1,1,36,1,low,0.5,
22709,360185,1,4,2,5,99,1,1,1,36,0,low,0.25,
22710,360186,1,2,1,0,99,3,1,1,36,0,low,0.5,
22711,360187,1,2,4,0,99,3,1,1,36,0,low,0.5,
22712,360188,1,3,3,2,30,1,2,2,36,0,low,0.3333333333333333,
22713,360189,1,2,4,1,50,1,2,2,36,0,low,0.5,
22714,360190,1,2,2,0,99,3,1,1,36,0,low,0.5,
22715,360191,1,2,2,0,30,1,1,3,36,0,low,0.5,
22716,360192,1,5,4,0,65,1,4,3,36,0,low,0.2,
22717,360193,1,8,4,0,65,2,4,3,36,0,low,0.125,
22718,360194,2,2,4,0,55,3,1,1,36,0,high,1.0,
22719,360195,1,1,4,0,55,1,1,1,36,0,high,1.0,
22720,360196,2,2,4,2,30,3,1,1,36,0,high,1.0,
22721,360197,2,2,4,0,40,2,1,1,36,1,high,1.0,
22722,360198,1,4,1,0,99,3,1,1,36,0,low,0.25,
22723,360199,1,1,2,0,45,3,1,2,36,0,high,1.0,
22724,360200,1,2,4,0,30,1,1,1,36,2,low,0.5,
22725,360201,1,1,1,0,99,3,1,1,36,1,high,1.0,
22726,360202,1,8,2,2,99,1,1,1,36,0,low,0.125,
22727,360203,1,1,3,0,30,1,1,1,36,0,high,1.0,
22728,360204,1,3,3,0,40,3,2,2,36,0,low,0.3333333333333333,
22729,360205,1,3,4,5,30,1,1,1,36,0,low,0.3333333333333333,
22730,360206,1,3,4,0,55,2,2,2,36,1,low,0.3333333333333333,
22731,360207,1,4,4,5,55,2,1,1,36,0,low,0.25,
22732,360208,1,2,4,2,55,1,1,1,36,0,low,0.5,
22733,360209,1,2,4,1,50,1,1,1,36,0,low,0.5,
22734,360210,1,3,4,2,45,2,1,1,36,0,low,0.3333333333333333,
22735,360211,1,2,3,0,99,1,1,1,36,0,low,0.5,
22736,360212,1,4,4,1,55,1,1,1,36,1,low,0.25,
22737,360213,1,2,4,2,40,1,1,1,36,0,low,0.5,
22738,360214,1,6,2,0,99,1,1,1,36,0,low,0.16666666666666666,
22739,360215,2,3,2,0,99,3,1,1,36,0,high,0.6666666666666666,
22740,360216,1,13,3,1,99,3,1,1,36,0,low,0.07692307692307693,
22741,360217,1,5,3,3,45,1,1,1,36,0,low,0.2,
22742,360218,1,2,1,0,99,3,9,3,36,1,low,0.5,
22743,360219,1,3,3,2,55,2,4,3,36,0,low,0.3333333333333333,
22744,360220,1,3,1,5,99,1,2,2,36,0,low,0.3333333333333333,
22745,360221,1,4,1,3,99,3,1,1,36,0,low,0.25,
22746,360222,1,2,1,0,99,3,2,2,36,0,low,0.5,
22747,360223,1,2,4,2,65,1,4,3,36,0,low,0.5,
22748,360224,1,3,3,0,99,1,1,1,36,0,low,0.3333333333333333,
22749,360225,1,4,5,2,40,1,1,1,36,0,low,0.25,
22750,360226,1,2,3,0,30,3,1,1,36,0,low,0.5,
22751,360227,1,2,2,0,99,1,1,1,36,0,low,0.5,
22752,360228,1,5,3,0,99,3,2,2,36,0,low,0.2,
22753,360229,1,2,4,2,55,1,1,1,36,0,low,0.5,
22754,360230,1,3,4,2,55,2,1,1,36,1,low,0.3333333333333333,
22755,360231,1,1,5,0,55,1,1,1,36,0,high,1.0,
22756,360232,1,1,5,0,40,5,1,1,36,1,high,1.0,
22757,360233,1,1,4,0,55,2,1,1,36,1,high,1.0,
22758,360234,1,1,4,0,55,1,1,1,36,1,high,1.0,
22759,360235,1,1,5,0,55,2,1,1,36,0,high,1.0,
22760,360236,1,1,5,0,40,1,1,1,36,0,high,1.0,
22761,360237,1,4,5,0,65,1,1,1,36,0,low,0.25,
22762,360238,1,5,3,0,99,3,1,1,36,0,low,0.2,
22763,360239,1,1,4,0,30,1,2,2,36,1,high,1.0,
22764,360240,1,2,3,0,99,3,1,2,36,1,low,0.5,
22765,360241,1,2,3,0,99,1,1,1,36,0,low,0.5,
22766,360242,1,3,5,5,50,1,1,1,36,0,low,0.3333333333333333,
22767,360243,1,1,5,0,45,4,1,1,36,0,high,1.0,
22768,360244,1,1,4,0,55,1,1,1,36,0,high,1.0,
22769,360245,1,2,4,5,99,1,1,1,36,0,low,0.5,
22770,360246,1,2,4,0,99,1,1,1,36,0,low,0.5,
22771,360247,1,2,5,5,55,1,1,1,36,0,low,0.5,
22772,360248,1,5,3,1,35,1,1,2,36,0,low,0.2,
22773,360249,2,6,5,1,50,1,1,1,36,0,low,0.3333333333333333,
22774,360250,1,1,3,0,35,3,1,1,36,1,high,1.0,
22775,360251,1,2,4,5,45,3,1,1,36,1,low,0.5,
22776,360252,1,2,4,0,30,1,1,1,36,0,low,0.5,
22777,360253,1,2,5,0,45,5,1,1,36,0,low,0.5,
22778,360254,1,2,3,0,99,1,1,1,36,0,low,0.5,
22779,360255,1,1,5,0,55,1,9,1,36,1,high,1.0,
22780,360256,1,3,5,0,65,2,1,1,36,0,low,0.3333333333333333,
22781,360257,1,3,4,0,99,3,1,9,36,0,low,0.3333333333333333,
22782,360258,1,1,5,0,99,4,1,1,36,0,high,1.0,
22783,360259,1,2,4,0,99,1,2,2,36,0,low,0.5,
22784,360260,1,1,5,0,99,3,1,1,36,0,high,1.0,
22785,360261,1,2,5,1,55,1,1,1,36,0,low,0.5,
22786,360262,1,4,3,1,45,1,1,1,36,0,low,0.25,
22787,360263,1,2,5,5,55,1,1,1,36,0,low,0.5,
22788,360264,1,4,5,2,55,1,1,1,36,0,low,0.25,
22789,360265,1,2,2,0,99,1,1,1,36,0,low,0.5,
22790,360266,1,2,5,0,99,2,1,1,36,1,low,0.5,
22791,360267,1,2,1,5,55,1,1,4,36,0,low,0.5,
22792,360268,1,3,5,0,55,1,1,1,36,0,low,0.3333333333333333,
22793,360269,1,2,5,0,35,3,1,2,36,1,low,0.5,
22794,360270,1,1,5,0,55,2,1,1,36,0,high,1.0,
22795,360271,1,1,4,0,55,1,1,1,36,0,high,1.0,
22796,360272,1,3,5,1,35,1,1,1,36,0,low,0.3333333333333333,
22797,360273,1,3,4,1,55,1,1,1,36,0,low,0.3333333333333333,
22798,360274,1,4,4,3,55,1,1,1,36,0,low,0.25,
22799,360275,1,2,5,0,55,2,1,1,36,1,low,0.5,
22800,360276,1,2,2,1,30,1,1,2,36,0,low,0.5,
22801,360277,1,7,5,2,45,1,1,1,36,1,low,0.14285714285714285,
22802,360278,1,2,4,3,55,1,1,2,36,0,low,0.5,
22803,360279,1,2,5,2,55,1,1,1,36,0,low,0.5,
22804,360280,1,4,4,1,55,1,1,1,36,0,low,0.25,
22805,360281,1,2,1,0,99,3,1,1,36,0,low,0.5,
22806,360282,1,2,3,0,45,2,2,2,36,1,low,0.5,
22807,360283,1,1,5,0,99,2,2,2,36,0,high,1.0,
22808,360284,1,2,3,0,99,3,1,1,36,0,low,0.5,
22809,360285,1,2,5,2,55,1,1,1,36,0,low,0.5,
22810,360286,1,1,5,0,55,1,1,1,36,0,high,1.0,
22811,360287,1,1,5,0,40,3,1,1,36,1,high,1.0,
22812,360288,1,3,3,0,99,1,1,1,36,0,low,0.3333333333333333,
22813,360289,2,2,3,0,55,3,1,9,36,0,high,1.0,
22814,360290,1,1,2,0,99,3,9,1,36,1,high,1.0,
22815,360291,1,3,3,0,99,1,1,1,36,0,low,0.3333333333333333,
22816,360292,1,2,2,0,99,4,1,1,36,2,low,0.5,
22817,360294,1,2,5,0,55,2,1,1,36,1,low,0.5,
22818,360295,1,1,5,0,35,2,5,1,36,1,high,1.0,
22819,360296,1,2,3,0,99,3,1,1,36,1,low,0.5,
22820,360297,1,2,1,2,45,3,1,1,36,0,low,0.5,
22821,360298,1,3,5,0,55,1,1,1,36,0,low,0.3333333333333333,
22822,360299,1,3,4,5,55,1,1,1,36,0,low,0.3333333333333333,
22823,360300,1,2,1,0,35,3,1,1,36,0,low,0.5,
22824,360302,1,2,5,0,55,1,1,1,36,0,low,0.5,
22825,360303,1,3,3,0,99,1,1,1,36,0,low,0.3333333333333333,
22826,360304,1,2,3,0,35,3,1,1,36,0,low,0.5,
22827,360305,1,3,4,0,40,3,1,1,36,1,low,0.3333333333333333,
22828,360306,1,1,5,5,99,2,1,1,36,1,high,1.0,
22829,360307,1,2,4,8,30,1,1,1,36,0,low,0.5,
22830,360308,1,5,5,0,55,1,1,1,36,0,low,0.2,
22831,360309,1,2,5,0,30,3,1,1,36,1,low,0.5,
22832,360310,1,3,5,0,99,4,1,1,36,1,low,0.3333333333333333,
22833,360311,2,3,5,4,45,1,1,1,36,0,high,0.6666666666666666,
22834,360312,1,1,2,0,99,1,1,1,36,0,high,1.0,
22835,360313,1,2,5,0,99,3,1,1,36,1,low,0.5,
22836,360314,1,2,5,5,45,4,1,1,36,0,low,0.5,
22837,360315,1,2,4,5,99,1,1,1,36,0,low,0.5,
22838,360316,1,2,5,5,40,1,1,1,36,0,low,0.5,
22839,360317,1,2,5,5,99,1,1,1,36,0,low,0.5,
22840,360318,1,2,5,5,99,1,1,1,36,0,low,0.5,
22841,360319,1,3,5,0,55,2,1,1,36,0,low,0.3333333333333333,
22842,360320,1,1,5,0,65,2,1,1,36,0,high,1.0,
22843,360321,1,2,3,0,99,1,1,1,36,0,low,0.5,
22844,360322,1,1,5,0,55,1,1,1,36,0,high,1.0,
22845,360323,1,2,6,5,55,1,1,1,36,0,low,0.5,
22846,360324,1,1,5,0,35,5,1,1,36,1,high,1.0,
22847,360325,2,4,5,2,55,3,1,1,36,0,low,0.5,
22848,360326,1,3,6,2,55,1,1,1,36,0,low,0.3333333333333333,
22849,360327,1,5,5,5,55,1,1,1,36,0,low,0.2,
22850,360328,1,1,5,0,45,1,1,1,36,0,high,1.0,
22851,360329,1,1,5,0,55,2,1,1,36,0,high,1.0,
22852,360330,1,1,6,0,55,1,1,1,36,0,high,1.0,
22853,360331,1,1,5,0,35,2,1,1,36,1,high,1.0,
22854,360332,1,2,5,5,99,1,1,1,36,0,low,0.5,
22855,360333,1,2,6,1,65,1,2,2,36,0,low,0.5,
22856,360334,1,7,4,1,99,3,1,1,36,0,low,0.14285714285714285,
22857,360335,1,1,6,0,99,1,1,1,36,0,high,1.0,
22858,360336,1,3,6,9,65,1,2,2,36,0,low,0.3333333333333333,
22859,360337,1,3,5,0,40,2,1,1,36,1,low,0.3333333333333333,
22860,360338,1,1,5,0,45,1,1,1,36,0,high,1.0,
22861,360339,1,3,3,0,99,1,1,1,36,0,low,0.3333333333333333,
22862,360340,1,4,2,0,99,3,1,1,36,0,low,0.25,
22863,360341,1,1,3,0,30,5,1,1,36,1,high,1.0,
22864,360342,1,2,6,0,55,2,5,1,36,1,low,0.5,
22865,360343,1,2,5,0,45,1,1,9,36,0,low,0.5,
22866,360344,1,8,4,0,99,1,1,1,36,0,low,0.125,
22867,360345,1,4,5,0,55,2,5,2,36,0,low,0.25,
22868,360346,1,3,5,2,30,1,1,1,36,0,low,0.3333333333333333,
22869,360347,1,4,4,5,35,1,1,1,36,0,low,0.25,
22870,360348,1,3,6,2,99,1,1,1,36,0,low,0.3333333333333333,
22871,360349,1,1,5,1,30,1,2,2,36,0,high,1.0,
22872,360350,1,3,4,5,55,1,1,1,36,0,low,0.3333333333333333,
22873,360351,1,3,4,0,99,3,1,1,36,0,low,0.3333333333333333,
22874,360352,1,2,5,5,45,1,1,1,36,0,low,0.5,
22875,360353,1,3,2,5,30,3,1,1,36,1,low,0.3333333333333333,
22876,360354,1,2,4,0,99,3,2,2,36,0,low,0.5,