,ST_CASE,FATALS,PERSONS,MONTH,MAN_COLL,SP_LIMIT,LGT_COND,WEATHER,SUR_COND,STATE,DRUNK_DR,rate,rate_numerical,arrival_time
23278,360764,1,1,9,0,55,1,1,1,36,0,high,1.0,
23279,360765,1,3,9,0,55,1,1,1,36,0,low,0.3333333333333333,
23280,360766,1,3,8,1,65,1,1,1,36,0,low,0.3333333333333333,
23281,360767,1,2,9,2,55,1,1,1,36,0,low,0.5,
23282,360768,1,3,8,0,45,1,1,1,36,1,low,0.3333333333333333,
23283,360769,1,5,9,5,55,1,1,1,36,0,low,0.2,
23284,360770,1,1,9,0,55,1,1,1,36,0,high,1.0,
23285,360771,1,1,9,0,55,3,1,1,36,0,high,1.0,
23286,360772,1,3,8,7,55,1,1,1,36,0,low,0.3333333333333333,
23287,360773,1,1,9,0,65,2,5,1,36,1,high,1.0,
23288,360774,1,2,9,2,45,1,1,1,36,0,low,0.5,
23289,360775,1,2,9,3,30,2,1,1,36,1,low,0.5,
23290,360776,1,2,9,0,30,1,1,1,36,0,low,0.5,
23291,360777,1,3,10,0,99,3,1,1,36,1,low,0.3333333333333333,
23292,360778,1,1,9,1,40,2,1,1,36,1,high,1.0,
23293,360779,1,3,7,2,55,1,1,1,36,0,low,0.3333333333333333,
23294,360780,1,2,9,5,55,1,1,1,36,0,low,0.5,
23295,360781,1,2,7,0,15,1,1,9,36,0,low,0.5,
23296,360782,1,1,9,0,30,3,1,1,36,1,high,1.0,
23297,360783,1,1,10,0,45,2,1,1,36,1,high,1.0,
23298,360784,2,3,9,0,45,1,1,1,36,0,high,0.6666666666666666,
23299,360785,2,5,10,2,40,2,1,1,36,0,low,0.4,
23300,360786,1,1,9,0,65,2,1,2,36,0,high,1.0,
23301,360787,4,4,9,0,55,2,1,1,36,3,high,1.0,
23302,360788,1,1,9,0,45,2,5,2,36,0,high,1.0,
23303,360789,2,5,10,5,55,1,1,1,36,0,low,0.4,
23304,360790,1,1,9,0,55,2,1,1,36,1,high,1.0,
23305,360791,1,2,9,2,55,2,1,1,36,0,low,0.5,
23306,360792,1,1,10,0,40,3,1,1,36,0,high,1.0,
23307,360793,1,1,9,0,55,2,1,2,36,1,high,1.0,
23308,360794,2,3,9,2,55,1,1,1,36,0,high,0.6666666666666666,
23309,360795,1,5,9,1,55,1,1,1,36,0,low,0.2,
23310,360796,1,1,7,0,99,2,1,2,36,1,high,1.0,
23311,360797,1,2,8,0,30,1,1,1,36,0,low,0.5,
23312,360798,1,4,9,0,30,3,1,1,36,1,low,0.25,
23313,360799,1,1,9,0,55,1,1,1,36,0,high,1.0,
23314,360800,1,2,9,5,35,1,1,1,36,1,low,0.5,
23315,360801,1,3,9,2,99,1,1,1,36,0,low,0.3333333333333333,
23316,360802,1,3,9,2,99,2,1,1,36,1,low,0.3333333333333333,
23317,360803,1,6,7,2,99,3,1,1,36,1,low,0.16666666666666666,
23318,360804,1,3,6,0,99,5,1,2,36,0,low,0.3333333333333333,
23319,360805,1,3,8,7,99,1,1,1,36,0,low,0.3333333333333333,
23320,360806,1,2,4,0,99,1,1,1,36,0,low,0.5,
23321,360807,1,2,7,0,99,3,1,1,36,0,low,0.5,
23322,360808,1,1,9,0,55,2,1,2,36,0,high,1.0,
23323,360809,1,3,8,2,99,1,1,1,36,0,low,0.3333333333333333,
23324,360810,2,3,10,0,35,3,1,1,36,3,high,0.6666666666666666,
23325,360811,1,1,8,0,99,3,1,1,36,0,high,1.0,
23326,360813,1,2,10,0,99,1,1,1,36,0,low,0.5,
23327,360814,1,1,6,0,99,1,1,1,36,0,high,1.0,
23328,360815,1,3,9,5,99,3,1,1,36,0,low,0.3333333333333333,
23329,360816,1,2,7,5,99,1,1,1,36,0,low,0.5,
23330,360817,1,3,7,5,99,3,1,1,36,0,low,0.3333333333333333,
23331,360818,1,3,8,3,99,3,1,1,36,0,low,0.3333333333333333,
23332,360819,1,1,9,0,65,1,1,1,36,0,high,1.0,
23333,360820,1,2,6,0,45,2,2,2,36,0,low,0.5,
23334,360821,1,2,10,2,55,1,1,1,36,0,low,0.5,
23335,360822,1,1,10,0,99,3,1,1,36,0,high,1.0,
23336,360823,1,1,10,0,65,2,2,2,36,0,high,1.0,
23337,360824,1,1,10,0,55,2,1,1,36,0,high,1.0,
23338,360825,1,1,10,0,55,1,1,1,36,0,high,1.0,
23339,360826,1,2,10,0,30,1,1,1,36,0,low,0.5,
23340,360827,1,1,10,0,55,2,1,1,36,0,high,1.0,
23341,360828,1,2,8,0,99,3,2,2,36,0,low,0.5,
23342,360829,1,2,7,0,99,3,1,1,36,0,low,0.5,
23343,360830,1,1,9,0,55,2,1,1,36,1,high,1.0,
23344,360831,1,2,10,0,30,1,2,2,36,0,low,0.5,
23345,360832,1,2,8,2,99,3,1,1,36,1,low,0.5,
23346,360833,1,4,10,2,45,3,1,1,36,0,low,0.25,
23347,360834,1,1,10,0,45,1,1,1,36,0,high,1.0,
23348,360835,1,7,10,0,65,4,1,1,36,1,low,0.14285714285714285,
23349,360836,2,3,10,5,99,3,2,2,36,0,high,0.6666666666666666,
23350,360837,1,3,9,0,99,3,1,1,36,0,low,0.3333333333333333,
23351,360838,1,1,10,0,55,2,1,1,36,0,high,1.0,
23352,360839,1,2,8,1,99,3,1,1,36,1,low,0.5,
23353,360840,1,3,9,5,99,3,1,1,36,1,low,0.3333333333333333,
23354,360841,1,2,10,0,55,1,1,1,36,0,low,0.5,
23355,360842,1,2,8,1,99,3,2,2,36,0,low,0.5,
23356,360843,1,1,10,0,65,1,1,1,36,0,high,1.0,
23357,360844,1,1,9,0,55,1,1,1,36,0,high,1.0,
23358,360845,1,3,10,0,65,2,1,2,36,0,low,0.3333333333333333,
23359,360846,1,1,9,0,99,1,1,1,36,0,high,1.0,
23360,360847,1,1,10,0,55,2,1,1,36,0,high,1.0,
23361,360848,1,2,7,5,99,1,1,1,36,0,low,0.5,
23362,360849,1,2,9,1,45,3,1,1,36,1,low,0.5,
23363,360850,1,4,8,0,99,3,1,1,36,1,low,0.25,
23364,360851,1,2,2,0,99,4,1,1,36,0,low,0.5,
23365,360852,1,5,10,0,65,1,1,1,36,0,low,0.2,
23366,360853,1,2,9,0,99,3,1,1,36,0,low,0.5,
23367,360854,1,2,9,0,30,3,1,1,36,0,low,0.5,
23368,360855,1,1,8,0,55,3,1,1,36,1,high,1.0,
23369,360856,1,2,9,0,40,3,1,1,36,1,low,0.5,
23370,360857,1,4,10,0,30,3,1,2,36,1,low,0.25,
23371,360858,1,2,8,5,40,3,1,1,36,0,low,0.5,
23372,360859,1,1,10,0,50,3,1,1,36,1,high,1.0,
23373,360860,3,4,9,0,55,2,1,1,36,1,high,0.75,
23374,360861,1,2,8,5,40,1,1,1,36,0,low,0.5,
23375,360862,1,2,9,4,65,1,1,1,36,1,low,0.5,
23376,360863,1,1,9,0,30,3,2,2,36,1,high,1.0,
23377,360865,1,2,10,0,55,1,1,2,36,2,low,0.5,
23378,360866,2,5,8,3,65,1,1,1,36,0,low,0.4,
23379,360867,1,2,10,0,45,3,2,2,36,0,low,0.5,
23380,360868,1,3,9,5,45,1,1,1,36,1,low,0.3333333333333333,
23381,360869,1,1,9,0,55,1,1,1,36,0,high,1.0,
23382,360870,1,2,10,0,30,1,1,1,36,0,low,0.5,
23383,360871,1,1,10,0,40,3,1,1,36,1,high,1.0,
23384,360872,1,1,10,0,45,1,1,1,36,0,high,1.0,
23385,360873,1,3,10,5,30,1,1,1,36,0,low,0.3333333333333333,
23386,360874,1,1,8,0,99,1,1,1,36,0,high,1.0,
23387,360875,1,3,10,0,30,3,2,2,36,1,low,0.3333333333333333,
23388,360876,1,3,8,5,30,3,2,2,36,1,low,0.3333333333333333,
23389,360877,1,2,7,0,99,1,1,1,36,0,low,0.5,
23390,360878,1,2,8,0,99,1,1,1,36,0,low,0.5,
23391,360879,1,3,8,0,99,3,1,1,36,1,low,0.3333333333333333,
23392,360880,1,3,8,0,99,3,1,1,36,0,low,0.3333333333333333,
23393,360881,1,4,8,0,99,1,1,1,36,0,low,0.25,
23394,360882,1,2,9,0,65,1,1,1,36,1,low,0.5,
23395,360883,1,2,10,0,40,1,1,1,36,0,low,0.5,
23396,360884,1,2,10,2,45,1,1,1,36,1,low,0.5,
23397,360885,1,3,10,2,45,1,1,1,36,0,low,0.3333333333333333,
23398,360886,2,3,10,0,35,1,1,1,36,0,high,0.6666666666666666,
23399,360887,1,2,10,2,99,1,1,1,36,0,low,0.5,
23400,360888,1,5,10,2,45,1,1,1,36,0,low,0.2,
23401,360889,2,3,10,2,65,2,1,1,36,0,high,0.6666666666666666,
23402,360890,1,2,10,2,50,1,1,1,36,0,low,0.5,
23403,360891,1,2,10,1,55,4,5,1,36,0,low,0.5,
23404,360892,2,3,10,0,55,2,1,1,36,0,high,0.6666666666666666,
23405,360893,1,1,10,0,55,2,2,2,36,1,high,1.0,
23406,360894,1,2,10,0,30,1,1,1,36,0,low,0.5,
23407,360895,1,1,7,0,40,5,1,1,36,0,high,1.0,
23408,360896,1,1,10,0,55,1,1,2,36,0,high,1.0,
23409,360897,1,2,9,0,99,3,1,1,36,1,low,0.5,
23410,360898,1,2,6,0,99,1,2,2,36,0,low,0.5,
23411,360899,1,4,6,0,30,3,1,1,36,1,low,0.25,
23412,360900,1,2,8,2,55,1,1,1,36,0,low,0.5,
23413,360901,1,3,8,0,99,1,1,1,36,0,low,0.3333333333333333,
23414,360902,1,6,8,1,99,1,1,1,36,1,low,0.16666666666666666,
23415,360903,1,5,8,8,55,1,1,1,36,0,low,0.2,
23416,360905,1,2,8,5,99,1,1,1,36,0,low,0.5,
23417,360906,1,2,8,0,99,1,1,1,36,0,low,0.5,
23418,360907,1,1,10,0,55,1,1,1,36,0,high,1.0,
23419,360908,2,2,10,2,55,2,1,1,36,0,high,1.0,
23420,360909,1,3,8,5,99,3,1,1,36,0,low,0.3333333333333333,
23421,360910,1,1,10,0,40,2,1,2,36,0,high,1.0,
23422,360911,1,1,11,0,55,1,1,1,36,0,high,1.0,
23423,360912,2,2,10,0,65,1,1,1,36,0,high,1.0,
23424,360913,1,2,7,5,99,3,1,1,36,1,low,0.5,
23425,360914,1,3,11,5,55,1,1,1,36,0,low,0.3333333333333333,
23426,360915,1,2,10,0,99,2,1,1,36,0,low,0.5,
23427,360916,1,2,11,2,55,2,1,1,36,1,low,0.5,
23428,360917,1,3,10,5,55,3,1,1,36,0,low,0.3333333333333333,
23429,360918,1,2,10,2,45,1,1,1,36,0,low,0.5,
23430,360919,1,2,10,2,55,1,1,1,36,0,low,0.5,
23431,360920,1,1,9,0,99,3,1,1,36,1,high,1.0,
23432,360921,1,1,9,0,99,2,1,1,36,1,high,1.0,
23433,360922,1,4,5,2,99,1,1,1,36,0,low,0.25,
23434,360923,1,2,9,0,30,1,1,1,36,1,low,0.5,
23435,360924,1,3,9,1,45,2,1,1,36,0,low,0.3333333333333333,
23436,360925,1,2,9,8,45,1,1,1,36,0,low,0.5,
23437,360926,1,2,10,5,55,1,1,1,36,0,low,0.5,
23438,360927,1,3,10,0,55,1,1,1,36,0,low,0.3333333333333333,
23439,360928,4,5,11,2,55,1,1,1,36,0,high,0.8,
23440,360929,1,4,10,5,55,1,2,2,36,0,low,0.25,
23441,360930,2,2,10,0,55,2,1,1,36,1,high,1.0,
23442,360931,1,2,10,0,55,5,1,1,36,0,low,0.5,
23443,360932,1,2,10,2,35,1,1,2,36,0,low,0.5,
23444,360933,1,4,9,5,35,1,1,1,36,0,low,0.25,
23445,360934,1,5,9,0,99,3,1,1,36,1,low,0.2,
23446,360935,1,5,9,0,30,1,1,1,36,0,low,0.2,
23447,360936,3,5,10,5,55,1,1,1,36,0,high,0.6,
23448,360937,1,2,9,0,99,3,1,1,36,1,low,0.5,
23449,360938,1,3,10,5,99,1,1,1,36,0,low,0.3333333333333333,
23450,360939,1,1,11,0,55,1,1,1,36,0,high,1.0,
23451,360940,4,4,9,0,99,3,1,1,36,1,high,1.0,
23452,360941,1,2,11,0,55,2,1,1,36,0,low,0.5,
23453,360942,1,1,6,0,99,1,1,1,36,0,high,1.0,
23454,360943,1,2,8,0,99,3,1,1,36,1,low,0.5,
23455,360944,1,2,9,0,99,3,1,1,36,0,low,0.5,
23456,360945,1,3,11,0,50,2,1,1,36,0,low,0.3333333333333333,
23457,360946,1,1,11,0,45,2,2,2,36,0,high,1.0,
23458,360947,1,4,11,2,55,1,1,2,36,0,low,0.25,
23459,360948,1,3,10,5,55,2,1,1,36,0,low,0.3333333333333333,
23460,360949,1,5,10,5,30,2,2,2,36,0,low,0.2,
23461,360950,1,2,10,0,25,1,1,1,36,0,low,0.5,
23462,360951,1,1,10,0,55,1,1,1,36,0,high,1.0,
23463,360952,1,1,11,0,55,1,1,1,36,1,high,1.0,
23464,360953,1,4,10,1,55,1,1,1,36,0,low,0.25,
23465,360954,1,2,10,2,55,1,2,2,36,0,low,0.5,
23466,360955,1,2,11,2,55,2,1,1,36,0,low,0.5,
23467,360956,2,3,9,8,99,1,1,1,36,0,high,0.6666666666666666,
23468,360957,1,2,10,0,55,1,2,2,36,0,low,0.5,
23469,360958,1,3,10,1,65,2,1,1,36,0,low,0.3333333333333333,
23470,360959,1,2,10,0,30,3,1,1,36,1,low,0.5,
23471,360960,1,4,10,5,30,1,2,2,36,0,low,0.25,
23472,360961,1,2,10,0,30,1,1,1,36,0,low,0.5,
23473,360962,1,1,10,0,25,3,1,2,36,1,high,1.0,
23474,360963,1,2,10,0,55,2,2,2,36,0,low,0.5,
23475,360964,1,2,11,0,45,2,1,1,36,0,low,0.5,
23476,360965,2,2,11,0,35,2,2,2,36,1,high,1.0,
23477,360966,1,2,10,7,55,2,1,1,36,2,low,0.5,
23478,360967,1,2,10,2,40,1,1,1,36,0,low,0.5,
23479,360968,1,1,11,0,45,2,1,2,36,0,high,1.0,
23480,360969,1,2,11,5,55,1,4,3,36,0,low,0.5,
23481,360970,1,3,10,2,55,1,1,1,36,0,low,0.3333333333333333,
23482,360971,1,2,11,0,99,1,1,1,36,0,low,0.5,
23483,360972,1,4,10,1,65,1,1,1,36,0,low,0.25,
23484,360973,1,3,9,5,99,1,1,1,36,0,low,0.3333333333333333,
23485,360974,1,5,9,5,99,1,1,1,36,0,low,0.2,
23486,360975,1,2,10,0,30,3,1,2,36,0,low,0.5,
23487,360976,1,2,8,0,99,1,1,1,36,0,low,0.5,
23488,360977,1,2,9,0,99,1,1,1,36,0,low,0.5,
23489,360978,1,6,6,0,99,1,2,2,36,0,low,0.16666666666666666,
23490,360979,1,6,8,1,99,1,1,1,36,0,low,0.16666666666666666,
23491,360980,1,1,10,0,30,2,1,1,36,1,high,1.0,
23492,360981,1,2,11,0,55,2,1,1,36,1,low,0.5,
23493,360982,1,2,11,0,45,2,2,2,36,0,low,0.5,
23494,360983,1,1,10,0,55,1,1,1,36,0,high,1.0,
23495,360984,1,1,11,0,40,3,2,2,36,1,high,1.0,
23496,360986,2,3,11,0,55,1,2,2,36,0,high,0.6666666666666666,
23497,360987,1,1,11,0,30,3,1,1,36,1,high,1.0,
23498,360988,1,2,9,0,99,1,1,1,36,0,low,0.5,
23499,360989,1,2,9,2,55,1,1,1,36,1,low,0.5,
23500,360990,1,2,11,0,55,2,1,1,36,0,low,0.5,
23501,360991,1,2,10,0,30,3,1,1,36,1,low,0.5,
23502,360992,1,12,9,1,99,2,1,1,36,0,low,0.08333333333333333,
23503,360993,1,4,11,5,55,3,2,2,36,0,low,0.25,
23504,360994,1,2,11,0,40,2,1,1,36,0,low,0.5,
23505,360995,1,2,10,9,30,1,1,1,36,0,low,0.5,
23506,360996,1,3,11,0,50,2,1,1,36,0,low,0.3333333333333333,
23507,360997,1,1,11,0,55,2,1,1,36,0,high,1.0,
23508,360998,1,2,11,0,99,3,2,2,36,1,low,0.5,
23509,360999,1,4,11,2,99,2,1,2,36,1,low,0.25,
23510,361000,1,3,11,0,45,2,1,1,36,0,low,0.3333333333333333,
23511,361001,1,2,5,0,99,3,1,1,36,1,low,0.5,
23512,361002,1,2,7,0,99,3,1,1,36,0,low,0.5,
23513,361003,1,2,10,0,30,1,1,1,36,0,low,0.5,
23514,361004,1,1,10,0,99,2,1,1,36,0,high,1.0,
23515,361005,1,4,9,8,99,3,1,1,36,1,low,0.25,
23516,361006,1,2,10,0,99,1,1,1,36,0,low,0.5,
23517,361007,1,2,10,0,99,3,1,1,36,0,low,0.5,
23518,361008,2,4,9,0,55,2,2,2,36,1,low,0.5,
23519,361010,1,2,9,0,99,1,1,1,36,0,low,0.5,
23520,361011,1,2,10,2,99,1,1,1,36,1,low,0.5,
23521,361012,1,3,9,1,99,3,1,1,36,1,low,0.3333333333333333,
23522,361013,1,5,10,5,99,1,1,1,36,0,low,0.2,
23523,361014,1,2,10,5,45,3,1,1,36,1,low,0.5,
23524,361015,1,2,11,2,55,1,2,2,36,0,low,0.5,
23525,361016,1,3,10,5,99,3,1,1,36,0,low,0.3333333333333333,
23526,361017,1,3,8,0,99,3,1,1,36,0,low,0.3333333333333333,
23527,361018,1,3,7,0,99,1,1,1,36,0,low,0.3333333333333333,
23528,361019,1,3,8,0,99,3,1,1,36,1,low,0.3333333333333333,
23529,361020,1,3,11,5,99,1,2,2,36,0,low,0.3333333333333333,
23530,361021,2,3,11,0,30,2,1,1,36,0,high,0.6666666666666666,
23531,361022,2,3,11,0,35,5,1,1,36,0,high,0.6666666666666666,
23532,361023,1,4,11,2,99,3,2,2,36,0,low,0.25,
23533,361025,1,4,8,5,99,3,1,1,36,1,low,0.25,
23534,361026,1,2,9,0,30,2,1,1,36,0,low,0.5,
23535,361027,1,2,9,0,99,1,1,1,36,0,low,0.5,
23536,361028,1,2,11,0,55,2,2,2,36,1,low,0.5,
23537,361029,1,3,10,0,99,2,1,1,36,0,low,0.3333333333333333,
23538,361030,1,1,11,0,35,1,1,1,36,0,high,1.0,
23539,361031,1,3,11,2,55,1,1,1,36,1,low,0.3333333333333333,
23540,361032,1,4,9,7,99,3,1,1,36,0,low,0.25,
23541,361034,1,3,11,0,55,1,1,2,36,0,low,0.3333333333333333,
23542,361035,1,2,11,0,55,4,1,1,36,0,low,0.5,
23543,361036,1,2,10,9,40,3,1,1,36,0,low,0.5,
23544,361037,1,2,11,2,40,1,2,2,36,0,low,0.5,
23545,361038,1,1,11,0,45,2,1,1,36,0,high,1.0,
23546,361039,1,2,11,1,65,3,2,2,36,0,low,0.5,
23547,361040,1,1,11,0,55,5,1,1,36,0,high,1.0,
23548,361041,1,2,8,3,99,1,1,1,36,0,low,0.5,
23549,361042,1,2,11,0,55,1,1,1,36,1,low,0.5,
23550,361043,1,2,11,0,30,3,1,1,36,0,low,0.5,
23551,361044,1,2,11,0,30,3,2,2,36,1,low,0.5,
23552,361045,1,3,11,0,30,3,1,1,36,0,low,0.3333333333333333,
23553,361046,1,2,12,5,45,1,1,1,36,0,low,0.5,
23554,361047,2,7,12,8,55,2,1,2,36,1,low,0.2857142857142857,
23555,361048,1,2,11,5,55,1,1,2,36,0,low,0.5,
23556,361049,1,5,11,5,55,1,1,1,36,0,low,0.2,
23557,361050,1,2,10,0,99,1,1,1,36,1,low,0.5,
23558,361052,1,2,8,0,99,1,1,1,36,0,low,0.5,
23559,361053,1,2,11,0,55,2,1,1,36,1,low,0.5,
23560,361054,1,1,11,0,55,2,1,1,36,1,high,1.0,
23561,361055,1,2,12,5,45,1,4,3,36,0,low,0.5,
23562,361056,1,4,11,8,45,2,1,1,36,1,low,0.25,
23563,361057,1,2,11,2,55,2,4,2,36,0,low,0.5,
23564,361058,1,2,9,0,99,3,1,1,36,0,low,0.5,
23565,361059,1,2,8,0,99,3,1,1,36,1,low,0.5,
23566,361060,1,6,10,5,30,1,1,1,36,1,low,0.16666666666666666,
23567,361061,1,3,12,4,55,2,1,2,36,0,low,0.3333333333333333,
23568,361062,1,3,9,5,99,1,1,1,36,0,low,0.3333333333333333,
23569,361063,1,2,10,0,99,2,1,1,36,0,low,0.5,
23570,361064,1,2,9,0,65,2,1,1,36,0,low,0.5,
23571,361065,1,2,9,0,30,3,1,1,36,0,low,0.5,
23572,361066,1,1,11,0,55,1,1,1,36,1,high,1.0,
23573,361067,1,2,12,2,55,1,4,3,36,0,low,0.5,
23574,361068,1,2,12,2,55,3,2,2,36,0,low,0.5,
23575,361069,1,1,11,0,50,3,1,1,36,0,high,1.0,
23576,361070,2,3,11,1,45,1,1,1,36,1,high,0.6666666666666666,
23577,361071,1,11,10,1,99,3,1,1,36,1,low,0.09090909090909091,
23578,361072,1,1,11,0,55,1,1,1,36,0,high,1.0,
23579,361073,1,2,11,0,65,2,2,2,36,0,low,0.5,
23580,361074,1,1,11,0,99,3,1,1,36,1,high,1.0,
23581,361075,1,3,10,0,99,3,2,2,36,0,low,0.3333333333333333,
23582,361076,1,1,11,0,40,2,1,1,36,1,high,1.0,
23583,361077,1,3,10,0,99,3,1,1,36,1,low,0.3333333333333333,
23584,361078,1,2,10,0,99,1,1,1,36,0,low,0.5,
23585,361079,1,2,10,0,99,3,1,1,36,0,low,0.5,
23586,361080,1,2,10,0,99,1,1,1,36,0,low,0.5,
23587,361081,1,7,10,3,99,1,1,1,36,0,low,0.14285714285714285,
23588,361082,1,2,11,0,40,1,1,1,36,0,low,0.5,
23589,361083,1,2,10,3,99,1,1,1,36,1,low,0.5,
23590,361084,1,6,11,5,40,3,1,1,36,2,low,0.16666666666666666,
23591,361085,1,1,12,0,55,1,1,1,36,0,high,1.0,
23592,361086,1,2,12,0,40,2,1,1,36,1,low,0.5,
23593,361087,1,3,12,0,30,3,1,2,36,0,low,0.3333333333333333,
23594,361088,1,2,11,4,55,1,1,3,36,0,low,0.5,
23595,361089,1,4,12,2,40,3,4,2,36,0,low,0.25,
23596,361090,1,4,11,2,55,1,1,1,36,0,low,0.25,
23597,361091,1,1,8,0,30,3,1,1,36,0,high,1.0,
23598,361092,1,3,10,0,99,1,1,1,36,0,low,0.3333333333333333,
23599,361093,1,2,10,0,35,1,1,1,36,0,low,0.5,
23600,361094,1,5,10,0,99,3,1,1,36,1,low,0.2,
23601,361095,1,2,11,1,99,1,1,1,36,1,low,0.5,
23602,361096,1,3,9,0,99,3,1,1,36,1,low,0.3333333333333333,
23603,361098,1,2,11,0,99,2,1,1,36,1,low,0.5,
23604,361099,1,3,12,0,40,3,1,1,36,1,low,0.3333333333333333,
23605,361100,1,2,11,0,30,2,1,1,36,0,low,0.5,
23606,361101,1,2,11,0,99,3,2,2,36,1,low,0.5,
23607,361102,1,2,12,5,55,1,4,3,36,0,low,0.5,
23608,361103,1,3,11,5,99,1,1,1,36,0,low,0.3333333333333333,
23609,361104,1,2,12,0,99,1,4,3,36,0,low,0.5,
23610,361105,1,2,10,5,99,4,2,2,36,0,low,0.5,
23611,361106,1,1,11,1,55,1,1,1,36,0,high,1.0,
23612,361107,1,1,12,0,50,2,1,1,36,1,high,1.0,
23613,361108,1,2,12,5,55,1,1,3,36,0,low,0.5,
23614,361109,1,2,10,0,99,3,2,2,36,1,low,0.5,
23615,361110,1,1,10,0,25,3,1,1,36,1,high,1.0,
23616,361111,2,2,10,2,55,2,1,1,36,1,high,1.0,
23617,361112,1,5,9,1,99,1,1,1,36,1,low,0.2,
23618,361113,1,2,11,5,30,1,1,1,36,0,low,0.5,
23619,361114,1,1,10,0,99,3,1,1,36,0,high,1.0,
23620,361115,1,3,11,5,45,1,1,1,36,0,low,0.3333333333333333,
23621,361116,1,2,11,1,30,3,1,1,36,0,low,0.5,
23622,361117,1,2,9,0,99,1,1,1,36,0,low,0.5,
23623,361118,1,1,11,0,40,1,1,1,36,0,high,1.0,
23624,361119,1,2,11,0,55,1,1,3,36,0,low,0.5,
23625,361120,1,1,12,0,65,2,1,1,36,1,high,1.0,
23626,361121,1,2,12,0,30,1,1,2,36,0,low,0.5,
23627,361122,1,3,12,2,30,1,1,1,36,0,low,0.3333333333333333,
23628,361123,1,3,12,0,30,3,1,2,36,0,low,0.3333333333333333,
23629,361124,1,3,12,2,55,2,1,2,36,0,low,0.3333333333333333,
23630,361125,1,2,12,5,55,2,1,2,36,0,low,0.5,
23631,361126,1,4,11,0,55,1,1,1,36,1,low,0.25,
23632,361127,1,4,11,2,40,1,1,1,36,0,low,0.25,
23633,361128,1,2,11,0,30,3,1,1,36,1,low,0.5,
23634,361129,1,5,12,0,55,2,1,1,36,0,low,0.2,
23635,361130,1,4,10,7,50,1,1,1,36,0,low,0.25,
23636,361131,1,1,11,0,55,1,1,1,36,1,high,1.0,
23637,361132,1,6,10,0,99,3,1,1,36,0,low,0.16666666666666666,
23638,361133,1,2,11,0,30,1,1,1,36,0,low,0.5,
23639,361134,1,2,11,0,35,3,1,1,36,1,low,0.5,
23640,361135,1,7,12,2,55,2,2,2,36,1,low,0.14285714285714285,
23641,361136,1,2,11,0,30,1,1,2,36,0,low,0.5,
23642,361137,1,2,11,0,99,1,1,1,36,0,low,0.5,
23643,361138,1,2,11,0,99,1,1,1,36,0,low,0.5,
23644,361139,1,2,11,0,99,3,1,1,36,1,low,0.5,
23645,361140,1,3,10,0,99,1,1,1,36,0,low,0.3333333333333333,
23646,361141,1,2,9,0,99,2,1,1,36,2,low,0.5,
23647,361142,1,6,11,2,30,3,1,1,36,2,low,0.16666666666666666,
23648,361143,1,3,9,0,99,1,1,1,36,0,low,0.3333333333333333,
23649,361144,2,5,12,2,55,1,1,1,36,0,low,0.4,
23650,361145,1,4,11,0,30,1,1,2,36,0,low,0.25,
23651,361146,1,8,11,0,99,3,1,1,36,0,low,0.125,
23652,361147,1,2,9,0,99,1,1,1,36,0,low,0.5,
23653,361148,1,3,11,0,99,3,1,2,36,1,low,0.3333333333333333,
23654,361149,1,2,10,0,99,3,1,1,36,0,low,0.5,
23655,361150,1,2,10,0,30,3,2,2,36,0,low,0.5,
23656,361151,1,2,12,0,35,3,1,1,36,1,low,0.5,
23657,361152,1,2,10,0,99,1,1,1,36,1,low,0.5,
23658,361153,1,2,12,5,99,2,2,2,36,0,low,0.5,
23659,361154,1,7,12,1,55,1,1,3,36,0,low,0.14285714285714285,
23660,361155,1,2,12,0,40,3,2,2,36,0,low,0.5,
23661,361156,1,3,12,4,55,1,1,1,36,0,low,0.3333333333333333,
23662,361157,1,5,12,1,55,1,4,3,36,0,low,0.2,
23663,361158,1,2,12,4,55,1,1,3,36,0,low,0.5,
23664,361159,1,1,12,0,55,2,1,2,36,0,high,1.0,
23665,361161,1,1,12,0,65,1,4,3,36,0,high,1.0,
23666,361163,1,2,10,0,99,3,1,1,36,1,low,0.5,
23667,361164,1,4,12,0,99,3,2,2,36,0,low,0.25,
23668,361165,1,2,12,0,35,3,1,1,36,0,low,0.5,
23669,361166,1,1,12,0,30,2,1,2,36,1,high,1.0,
23670,361167,1,4,12,5,55,1,1,1,36,0,low,0.25,
23671,361168,1,2,12,0,99,3,2,2,36,0,low,0.5,