,ST_CASE,FATALS,PERSONS,MONTH,MAN_COLL,SP_LIMIT,LGT_COND,WEATHER,SUR_COND,STATE,DRUNK_DR,rate,rate_numerical,arrival_time
24475,370715,1,2,7,0,55,2,1,1,37,1,low,0.5,
24476,370716,1,1,7,0,55,1,1,1,37,0,high,1.0,
24477,370717,1,1,7,0,55,2,1,1,37,1,high,1.0,
24478,370718,1,2,7,0,65,1,1,1,37,0,low,0.5,
24479,370719,1,1,7,0,60,2,1,1,37,1,high,1.0,
24480,370720,1,2,7,0,55,1,1,1,37,0,low,0.5,
24481,370721,1,3,7,8,35,3,1,1,37,0,low,0.3333333333333333,
24482,370722,1,2,8,2,55,1,1,1,37,0,low,0.5,
24483,370723,1,2,8,0,55,1,1,1,37,1,low,0.5,
24484,370724,1,5,8,11,55,1,1,1,37,0,low,0.2,
24485,370725,1,1,8,0,55,1,1,2,37,0,high,1.0,
24486,370726,1,12,8,2,55,1,1,1,37,0,low,0.08333333333333333,
24487,370727,1,5,8,0,65,1,1,1,37,0,low,0.2,
24488,370728,1,4,8,0,45,2,1,1,37,0,low,0.25,
24489,370729,1,2,8,0,55,2,1,1,37,0,low,0.5,
24490,370730,1,2,8,2,55,2,1,1,37,1,low,0.5,
24491,370731,1,2,8,0,55,2,1,1,37,1,low,0.5,
24492,370732,1,1,8,0,55,2,1,1,37,1,high,1.0,
24493,370733,1,1,8,0,55,2,1,1,37,1,high,1.0,
24494,370734,1,1,8,0,55,2,1,1,37,1,high,1.0,
24495,370735,1,2,8,0,55,1,1,1,37,0,low,0.5,
24496,370736,2,2,8,0,35,5,1,1,37,1,high,1.0,
24497,370737,1,2,8,0,55,2,1,1,37,1,low,0.5,
24498,370738,1,1,7,0,55,2,1,1,37,0,high,1.0,
24499,370739,1,4,3,4,55,1,1,1,37,0,low,0.25,
24500,370740,1,2,3,0,45,1,1,1,37,0,low,0.5,
24501,370741,1,5,4,7,45,1,1,1,37,0,low,0.2,
24502,370742,1,4,4,4,55,1,2,2,37,0,low,0.25,
24503,370743,1,2,4,1,65,1,1,1,37,0,low,0.5,
24504,370744,1,2,4,0,25,2,2,2,37,0,low,0.5,
24505,370745,1,6,4,4,35,3,2,2,37,1,low,0.16666666666666666,
24506,370746,1,2,4,3,35,1,1,1,37,1,low,0.5,
24507,370747,1,2,4,4,35,1,1,1,37,1,low,0.5,
24508,370748,1,1,4,0,45,3,1,1,37,0,high,1.0,
24509,370749,1,1,4,0,45,3,2,2,37,0,high,1.0,
24510,370750,1,9,4,0,55,2,1,1,37,0,low,0.1111111111111111,
24511,370751,1,3,4,4,45,1,1,1,37,0,low,0.3333333333333333,
24512,370752,1,2,4,0,45,3,1,1,37,0,low,0.5,
24513,370753,1,6,5,4,35,1,1,1,37,0,low,0.16666666666666666,
24514,370754,1,3,5,0,45,2,1,1,37,1,low,0.3333333333333333,
24515,370755,1,2,5,2,45,1,1,1,37,0,low,0.5,
24516,370756,1,3,5,4,45,1,1,1,37,0,low,0.3333333333333333,
24517,370757,1,3,5,0,55,2,1,1,37,1,low,0.3333333333333333,
24518,370758,1,2,5,0,45,3,2,2,37,1,low,0.5,
24519,370759,1,2,5,4,55,1,1,1,37,0,low,0.5,
24520,370760,1,1,5,0,55,2,1,1,37,0,high,1.0,
24521,370761,1,1,5,0,65,2,1,1,37,1,high,1.0,
24522,370762,1,1,5,0,55,2,5,2,37,1,high,1.0,
24523,370763,1,1,5,0,55,1,1,1,37,0,high,1.0,
24524,370764,1,1,5,0,35,2,1,1,37,0,high,1.0,
24525,370765,1,1,5,0,45,1,1,1,37,0,high,1.0,
24526,370766,1,1,5,0,45,1,1,1,37,0,high,1.0,
24527,370767,1,2,5,0,35,3,1,1,37,1,low,0.5,
24528,370768,1,2,5,0,45,3,1,1,37,1,low,0.5,
24529,370769,1,5,5,0,55,2,1,1,37,0,low,0.2,
24530,370770,1,4,5,3,55,1,1,1,37,0,low,0.25,
24531,370771,1,3,6,1,70,2,1,1,37,0,low,0.3333333333333333,
24532,370772,1,1,6,0,70,2,1,1,37,1,high,1.0,
24533,370773,1,4,6,0,45,2,1,1,37,1,low,0.25,
24534,370774,1,1,6,0,55,2,1,1,37,1,high,1.0,
24535,370775,1,3,6,2,45,1,1,1,37,1,low,0.3333333333333333,
24536,370776,1,2,6,0,45,1,1,1,37,0,low,0.5,
24537,370777,1,1,6,0,55,2,1,1,37,0,high,1.0,
24538,370778,1,1,6,0,55,1,1,1,37,0,high,1.0,
24539,370779,1,1,6,0,35,1,1,1,37,0,high,1.0,
24540,370780,1,5,6,0,65,1,1,1,37,0,low,0.2,
24541,370781,1,1,6,0,35,5,1,1,37,1,high,1.0,
24542,370782,1,2,6,0,45,2,1,1,37,1,low,0.5,
24543,370783,1,6,6,2,45,3,1,1,37,1,low,0.16666666666666666,
24544,370784,1,2,6,0,55,2,1,1,37,1,low,0.5,
24545,370785,1,3,6,0,35,2,1,1,37,1,low,0.3333333333333333,
24546,370786,1,5,6,4,55,1,1,1,37,0,low,0.2,
24547,370787,1,1,6,0,45,2,1,1,37,1,high,1.0,
24548,370788,1,2,6,0,45,1,1,1,37,0,low,0.5,
24549,370789,1,1,6,0,70,1,1,1,37,0,high,1.0,
24550,370790,1,5,6,4,55,1,1,1,37,0,low,0.2,
24551,370791,4,6,7,1,55,1,1,1,37,0,high,0.6666666666666666,
24552,370792,1,1,7,0,55,2,1,1,37,1,high,1.0,
24553,370793,2,2,7,8,45,1,2,2,37,0,high,1.0,
24554,370794,1,2,7,0,65,1,1,1,37,0,low,0.5,
24555,370795,1,1,7,0,25,2,1,1,37,0,high,1.0,
24556,370796,1,1,7,0,55,2,1,1,37,1,high,1.0,
24557,370797,1,2,7,0,55,1,1,1,37,0,low,0.5,
24558,370798,1,3,7,1,45,2,1,1,37,0,low,0.3333333333333333,
24559,370799,1,1,8,0,55,1,1,1,37,0,high,1.0,
24560,370800,1,3,8,5,45,1,1,1,37,0,low,0.3333333333333333,
24561,370801,1,2,8,2,55,1,1,1,37,0,low,0.5,
24562,370802,1,2,8,0,55,2,1,1,37,1,low,0.5,
24563,370803,1,6,8,0,35,3,5,1,37,0,low,0.16666666666666666,
24564,370804,1,4,8,4,45,1,1,1,37,0,low,0.25,
24565,370805,1,1,8,0,55,1,1,1,37,1,high,1.0,
24566,370806,1,7,8,5,55,2,1,1,37,0,low,0.14285714285714285,
24567,370807,1,2,8,5,50,1,1,1,37,1,low,0.5,
24568,370808,1,1,8,0,55,2,1,1,37,1,high,1.0,
24569,370809,1,1,8,0,45,9,1,1,37,0,high,1.0,
24570,370810,1,1,8,0,45,4,1,1,37,1,high,1.0,
24571,370811,1,1,8,0,55,1,1,1,37,0,high,1.0,
24572,370812,1,2,8,0,55,2,1,1,37,1,low,0.5,
24573,370813,1,1,8,0,45,4,1,1,37,0,high,1.0,
24574,370814,1,7,8,2,55,2,1,1,37,0,low,0.14285714285714285,
24575,370815,1,3,8,0,55,2,1,1,37,0,low,0.3333333333333333,
24576,370816,1,1,8,0,35,3,1,1,37,1,high,1.0,
24577,370817,1,1,8,0,55,2,1,1,37,0,high,1.0,
24578,370818,1,2,8,0,55,2,1,1,37,0,low,0.5,
24579,370819,1,3,8,2,55,1,2,2,37,0,low,0.3333333333333333,
24580,370820,1,1,8,0,55,1,1,1,37,0,high,1.0,
24581,370821,1,1,8,0,55,1,1,1,37,0,high,1.0,
24582,370822,1,1,8,0,55,2,1,1,37,0,high,1.0,
24583,370823,1,1,8,0,45,4,1,1,37,0,high,1.0,
24584,370824,1,2,8,1,45,1,1,1,37,1,low,0.5,
24585,370825,1,2,8,0,45,2,1,1,37,0,low,0.5,
24586,370826,1,3,8,0,55,2,1,1,37,0,low,0.3333333333333333,
24587,370827,1,1,8,0,55,2,1,1,37,1,high,1.0,
24588,370828,1,2,8,0,55,5,1,1,37,1,low,0.5,
24589,370829,1,1,8,0,55,1,1,1,37,0,high,1.0,
24590,370830,1,1,8,1,40,3,1,1,37,0,high,1.0,
24591,370831,1,2,8,5,55,1,1,1,37,0,low,0.5,
24592,370832,1,2,8,0,35,2,1,1,37,0,low,0.5,
24593,370833,1,1,8,0,40,2,1,1,37,0,high,1.0,
24594,370834,1,2,8,2,55,1,1,1,37,0,low,0.5,
24595,370835,2,2,8,0,55,1,1,1,37,0,high,1.0,
24596,370836,1,5,8,5,55,2,1,1,37,0,low,0.2,
24597,370837,1,3,8,2,55,1,1,1,37,1,low,0.3333333333333333,
24598,370838,1,3,8,0,55,2,1,1,37,1,low,0.3333333333333333,
24599,370839,1,2,8,0,35,1,1,1,37,0,low,0.5,
24600,370840,1,3,8,0,45,2,1,1,37,0,low,0.3333333333333333,
24601,370841,1,1,8,0,55,2,1,1,37,1,high,1.0,
24602,370842,1,2,8,0,55,2,2,6,37,0,low,0.5,
24603,370843,1,1,8,0,55,1,1,1,37,0,high,1.0,
24604,370844,1,1,8,0,45,1,1,1,37,0,high,1.0,
24605,370845,1,3,8,5,55,1,1,1,37,0,low,0.3333333333333333,
24606,370846,1,1,8,0,45,2,1,1,37,1,high,1.0,
24607,370847,1,4,8,0,35,1,1,1,37,1,low,0.25,
24608,370848,1,3,9,2,45,1,1,1,37,0,low,0.3333333333333333,
24609,370849,1,1,9,0,55,2,1,1,37,1,high,1.0,
24610,370850,1,1,9,0,55,1,1,1,37,0,high,1.0,
24611,370851,1,1,9,0,25,1,1,1,37,0,high,1.0,
24612,370852,1,2,9,0,65,3,1,1,37,0,low,0.5,
24613,370853,1,1,9,0,50,2,1,1,37,1,high,1.0,
24614,370854,1,5,9,0,65,2,1,1,37,0,low,0.2,
24615,370855,1,2,9,5,35,1,1,1,37,0,low,0.5,
24616,370857,1,1,9,0,55,1,1,1,37,0,high,1.0,
24617,370858,1,1,9,0,55,2,1,1,37,1,high,1.0,
24618,370859,1,4,9,0,55,2,1,1,37,0,low,0.25,
24619,370860,1,1,9,0,55,1,1,1,37,0,high,1.0,
24620,370861,1,2,9,0,55,1,1,1,37,0,low,0.5,
24621,370862,1,2,9,1,55,1,1,1,37,0,low,0.5,
24622,370863,2,4,9,5,45,1,1,1,37,0,low,0.5,
24623,370864,1,2,9,0,45,1,1,1,37,0,low,0.5,
24624,370865,1,1,4,0,65,1,1,1,37,0,high,1.0,
24625,370866,1,2,4,0,55,1,1,1,37,0,low,0.5,
24626,370867,2,4,4,2,55,1,1,1,37,0,low,0.5,
24627,370868,1,1,4,0,55,2,1,1,37,0,high,1.0,
24628,370869,1,2,4,7,55,1,1,1,37,0,low,0.5,
24629,370870,1,1,4,0,55,5,1,2,37,1,high,1.0,
24630,370871,1,4,4,0,55,3,1,1,37,1,low,0.25,
24631,370872,1,2,5,2,55,1,1,1,37,0,low,0.5,
24632,370873,1,2,5,0,45,2,2,2,37,0,low,0.5,
24633,370874,1,6,5,0,65,1,1,1,37,0,low,0.16666666666666666,
24634,370875,1,2,5,0,60,3,1,1,37,0,low,0.5,
24635,370876,1,5,5,0,45,3,1,1,37,1,low,0.2,
24636,370877,1,2,5,0,65,2,1,1,37,0,low,0.5,
24637,370878,1,3,6,0,55,1,1,1,37,0,low,0.3333333333333333,
24638,370879,1,3,6,2,45,1,1,1,37,0,low,0.3333333333333333,
24639,370880,1,4,6,4,45,3,1,1,37,0,low,0.25,
24640,370881,2,4,6,4,55,1,1,1,37,1,low,0.5,
24641,370882,1,4,6,1,45,1,1,1,37,0,low,0.25,
24642,370883,1,2,6,0,55,2,1,1,37,0,low,0.5,
24643,370884,1,4,6,0,35,3,1,1,37,0,low,0.25,
24644,370885,1,2,6,0,55,2,1,1,37,1,low,0.5,
24645,370886,1,2,6,0,35,1,1,1,37,0,low,0.5,
24646,370887,1,3,6,0,55,2,1,1,37,0,low,0.3333333333333333,
24647,370888,1,1,7,0,55,1,1,5,37,0,high,1.0,
24648,370889,1,1,7,0,55,2,1,1,37,0,high,1.0,
24649,370890,1,2,7,0,99,2,1,1,37,1,low,0.5,
24650,370891,1,2,7,4,35,3,1,1,37,0,low,0.5,
24651,370892,1,4,7,0,55,2,1,1,37,1,low,0.25,
24652,370893,1,1,7,0,35,1,1,1,37,0,high,1.0,
24653,370894,1,2,7,0,35,1,1,1,37,0,low,0.5,
24654,370895,1,5,7,2,55,1,1,1,37,0,low,0.2,
24655,370896,2,2,7,0,45,2,1,1,37,1,high,1.0,
24656,370897,1,2,7,0,70,2,1,1,37,0,low,0.5,
24657,370898,1,2,7,2,55,1,1,1,37,1,low,0.5,
24658,370899,3,4,7,5,55,1,1,1,37,0,high,0.75,
24659,370900,1,4,7,4,35,1,1,1,37,0,low,0.25,
24660,370901,1,1,7,0,65,4,1,1,37,0,high,1.0,
24661,370902,1,2,7,0,55,2,1,1,37,0,low,0.5,
24662,370903,1,2,7,0,55,4,1,1,37,1,low,0.5,
24663,370904,1,5,7,1,55,2,1,1,37,0,low,0.2,
24664,370905,1,1,7,0,55,1,1,1,37,1,high,1.0,
24665,370906,1,1,7,0,55,2,1,1,37,0,high,1.0,
24666,370907,1,2,7,0,55,2,1,1,37,0,low,0.5,
24667,370908,1,2,7,0,35,3,1,1,37,1,low,0.5,
24668,370909,2,2,7,0,35,1,1,1,37,0,high,1.0,
24669,370910,1,2,7,4,45,1,1,1,37,0,low,0.5,
24670,370911,1,3,7,0,45,5,1,1,37,1,low,0.3333333333333333,
24671,370912,1,2,7,0,45,1,1,1,37,0,low,0.5,
24672,370913,1,2,7,5,45,2,1,1,37,0,low,0.5,
24673,370914,1,3,7,0,55,2,1,1,37,0,low,0.3333333333333333,
24674,370915,2,4,7,0,70,1,1,1,37,0,low,0.5,
24675,370916,1,6,7,0,55,1,1,1,37,0,low,0.16666666666666666,
24676,370917,1,2,7,0,35,1,1,1,37,1,low,0.5,
24677,370918,1,5,7,0,70,1,1,1,37,0,low,0.2,
24678,370919,1,2,7,2,55,1,1,1,37,0,low,0.5,
24679,370920,1,1,7,0,35,1,1,1,37,0,high,1.0,
24680,370921,1,1,7,0,55,1,1,1,37,0,high,1.0,
24681,370922,1,2,7,4,55,1,1,1,37,0,low,0.5,
24682,370923,1,1,7,0,35,1,1,1,37,0,high,1.0,
24683,370924,1,6,7,7,65,1,1,1,37,0,low,0.16666666666666666,
24684,370925,1,9,7,7,65,1,1,1,37,0,low,0.1111111111111111,
24685,370926,1,6,7,2,50,2,1,1,37,0,low,0.16666666666666666,
24686,370927,1,1,7,0,55,1,1,1,37,0,high,1.0,
24687,370928,1,1,7,0,55,1,1,1,37,1,high,1.0,
24688,370929,2,4,7,1,60,1,1,1,37,0,low,0.5,
24689,370930,1,1,8,0,55,2,1,1,37,0,high,1.0,
24690,370931,1,5,8,2,55,1,1,1,37,0,low,0.2,
24691,370932,1,5,8,4,55,1,1,1,37,0,low,0.2,
24692,370933,1,3,8,2,55,1,1,1,37,0,low,0.3333333333333333,
24693,370934,1,2,8,8,45,1,1,1,37,0,low,0.5,
24694,370935,1,3,8,0,35,1,1,1,37,0,low,0.3333333333333333,
24695,370936,1,1,8,0,55,2,1,1,37,0,high,1.0,
24696,370937,1,2,8,0,55,9,1,1,37,0,low,0.5,
24697,370938,1,2,8,0,55,1,1,1,37,1,low,0.5,
24698,370939,1,6,8,4,55,1,1,1,37,0,low,0.16666666666666666,
24699,370940,1,1,8,0,45,1,1,1,37,1,high,1.0,
24700,370941,1,5,8,2,55,3,1,1,37,0,low,0.2,
24701,370943,2,4,8,4,55,1,1,1,37,0,low,0.5,
24702,370944,1,2,8,4,55,2,1,1,37,0,low,0.5,
24703,370945,1,1,8,0,55,1,1,1,37,0,high,1.0,
24704,370946,1,10,8,4,45,1,1,1,37,0,low,0.1,
24705,370947,1,1,8,0,35,3,1,1,37,0,high,1.0,
24706,370948,1,1,8,0,35,3,1,1,37,1,high,1.0,
24707,370949,2,2,8,0,45,1,1,1,37,1,high,1.0,
24708,370950,1,2,8,7,60,1,1,1,37,0,low,0.5,
24709,370951,1,1,9,0,55,2,1,1,37,1,high,1.0,
24710,370952,1,1,8,1,35,1,1,1,37,0,high,1.0,
24711,370953,1,2,8,0,55,2,1,1,37,1,low,0.5,
24712,370954,1,1,8,0,55,1,1,1,37,0,high,1.0,
24713,370955,1,3,8,2,45,1,1,1,37,0,low,0.3333333333333333,
24714,370956,1,3,8,4,45,1,1,1,37,0,low,0.3333333333333333,
24715,370957,1,3,8,4,55,1,1,1,37,0,low,0.3333333333333333,
24716,370958,2,2,8,0,45,2,1,1,37,0,high,1.0,
24717,370959,2,4,8,0,55,1,1,1,37,0,low,0.5,
24718,370960,1,1,8,0,55,4,1,1,37,0,high,1.0,
24719,370961,1,4,8,0,45,1,1,2,37,0,low,0.25,
24720,370962,1,1,8,0,45,1,1,1,37,1,high,1.0,
24721,370963,1,1,8,0,55,2,1,1,37,0,high,1.0,
24722,370964,1,5,8,4,55,2,1,1,37,0,low,0.2,
24723,370965,1,2,8,0,55,2,1,1,37,0,low,0.5,
24724,370966,2,2,8,0,55,2,1,1,37,0,high,1.0,
24725,370967,1,1,8,0,35,1,2,2,37,0,high,1.0,
24726,370968,2,3,8,4,45,1,1,1,37,0,high,0.6666666666666666,
24727,370969,1,1,8,0,55,1,1,1,37,1,high,1.0,
24728,370970,1,4,8,0,45,1,1,1,37,0,low,0.25,
24729,370972,1,2,8,4,55,1,1,2,37,0,low,0.5,
24730,370973,1,4,9,0,55,2,1,1,37,0,low,0.25,
24731,370974,2,4,9,0,55,2,2,2,37,0,low,0.5,
24732,370975,1,1,9,0,55,2,2,2,37,1,high,1.0,
24733,370976,1,3,9,5,45,1,1,1,37,0,low,0.3333333333333333,
24734,370977,1,1,9,0,45,2,1,1,37,0,high,1.0,
24735,370978,1,2,9,0,25,2,1,1,37,1,low,0.5,
24736,370979,1,1,9,0,45,1,1,1,37,1,high,1.0,
24737,370980,1,7,9,0,35,1,1,1,37,0,low,0.14285714285714285,
24738,370981,1,2,9,0,55,2,1,1,37,0,low,0.5,
24739,370982,1,4,9,8,55,1,1,1,37,0,low,0.25,
24740,370983,1,1,9,0,55,2,1,1,37,0,high,1.0,
24741,370984,1,1,9,0,55,2,1,1,37,1,high,1.0,
24742,370985,1,2,9,2,45,1,1,1,37,0,low,0.5,
24743,370986,1,2,9,0,35,1,1,1,37,0,low,0.5,
24744,370987,1,2,9,5,35,3,1,1,37,0,low,0.5,
24745,370988,1,5,9,8,35,1,1,1,37,0,low,0.2,
24746,370989,1,2,9,2,45,3,1,1,37,1,low,0.5,
24747,370990,2,4,9,0,65,1,1,1,37,1,low,0.5,
24748,370991,1,1,9,0,55,2,1,1,37,0,high,1.0,
24749,370992,1,7,9,5,55,1,1,1,37,0,low,0.14285714285714285,
24750,370993,1,1,9,0,55,1,1,1,37,0,high,1.0,
24751,370994,1,4,8,4,30,1,1,1,37,0,low,0.25,
24752,370995,1,2,9,4,40,1,1,1,37,0,low,0.5,
24753,370996,1,3,9,0,55,1,1,1,37,0,low,0.3333333333333333,
24754,370997,1,2,9,0,55,1,1,1,37,0,low,0.5,
24755,370998,1,3,9,0,55,2,1,1,37,0,low,0.3333333333333333,
24756,370999,2,2,9,0,55,2,1,1,37,0,high,1.0,
24757,371000,1,1,9,0,45,2,1,1,37,0,high,1.0,
24758,371001,1,1,9,0,55,1,1,1,37,0,high,1.0,
24759,371002,1,2,9,4,25,1,1,1,37,0,low,0.5,
24760,371003,1,2,9,0,45,2,1,1,37,0,low,0.5,
24761,371004,1,8,9,4,55,2,1,1,37,1,low,0.125,
24762,371005,1,5,9,2,45,1,1,1,37,0,low,0.2,
24763,371006,1,2,9,4,55,1,1,1,37,0,low,0.5,
24764,371007,1,2,9,4,55,1,1,1,37,0,low,0.5,
24765,371008,1,3,9,3,55,1,1,1,37,0,low,0.3333333333333333,
24766,371009,1,2,9,4,45,1,1,1,37,0,low,0.5,
24767,371010,1,2,9,0,45,2,1,1,37,1,low,0.5,
24768,371011,2,9,9,2,55,1,1,1,37,0,low,0.2222222222222222,
24769,371012,1,2,9,2,55,2,1,1,37,1,low,0.5,
24770,371013,1,2,9,8,65,2,1,1,37,0,low,0.5,
24771,371014,1,1,9,0,55,1,1,1,37,0,high,1.0,
24772,371015,3,6,9,2,35,2,1,1,37,0,low,0.5,
24773,371016,1,2,9,0,55,2,1,1,37,1,low,0.5,
24774,371017,1,1,9,1,50,2,1,1,37,1,high,1.0,
24775,371018,1,2,9,0,55,2,1,1,37,1,low,0.5,
24776,371019,1,1,9,0,45,2,1,1,37,0,high,1.0,
24777,371020,1,2,9,0,55,2,1,1,37,1,low,0.5,
24778,371021,1,2,9,8,45,2,1,1,37,1,low,0.5,
24779,371022,1,2,9,0,60,1,1,1,37,0,low,0.5,
24780,371023,3,3,9,0,55,1,1,1,37,0,high,1.0,
24781,371024,1,6,9,2,45,3,2,2,37,0,low,0.16666666666666666,
24782,371025,1,2,10,1,65,2,1,1,37,0,low,0.5,
24783,371026,1,1,10,0,55,1,2,2,37,0,high,1.0,
24784,371027,1,1,10,0,45,4,1,1,37,0,high,1.0,
24785,371028,1,4,4,4,35,1,1,1,37,0,low,0.25,
24786,371029,1,2,4,0,70,1,1,1,37,0,low,0.5,
24787,371030,1,2,4,0,55,2,1,1,37,1,low,0.5,
24788,371031,1,2,4,7,55,1,1,1,37,0,low,0.5,
24789,371032,1,4,4,0,55,1,2,2,37,0,low,0.25,
24790,371033,1,1,5,0,55,1,1,1,37,0,high,1.0,
24791,371034,1,1,6,0,55,2,1,1,37,1,high,1.0,
24792,371035,1,2,6,1,60,3,1,1,37,1,low,0.5,
24793,371036,1,1,6,0,35,1,1,1,37,0,high,1.0,
24794,371037,1,3,6,4,55,5,1,1,37,1,low,0.3333333333333333,
24795,371038,1,2,6,4,55,1,1,1,37,0,low,0.5,
24796,371039,1,6,6,4,45,1,2,2,37,0,low,0.16666666666666666,
24797,371040,1,1,6,0,55,2,1,1,37,0,high,1.0,
24798,371041,1,1,6,0,35,1,1,1,37,0,high,1.0,
24799,371042,1,1,6,0,45,2,1,1,37,0,high,1.0,
24800,371043,1,1,6,0,25,1,1,1,37,0,high,1.0,
24801,371044,1,8,6,7,55,1,1,1,37,0,low,0.125,
24802,371045,1,4,6,0,45,3,1,1,37,1,low,0.25,
24803,371046,1,3,6,0,45,1,1,1,37,0,low,0.3333333333333333,
24804,371047,1,4,7,2,35,1,1,1,37,0,low,0.25,
24805,371048,1,1,7,0,40,1,1,1,37,0,high,1.0,
24806,371049,1,3,7,5,45,1,1,1,37,0,low,0.3333333333333333,
24807,371050,1,2,7,4,35,1,1,1,37,0,low,0.5,
24808,371051,1,1,7,0,55,2,1,1,37,1,high,1.0,
24809,371052,1,2,7,7,50,3,1,1,37,1,low,0.5,
24810,371053,1,5,7,1,45,1,1,1,37,0,low,0.2,
24811,371054,1,2,7,0,25,1,1,1,37,0,low,0.5,
24812,371055,1,1,7,0,50,1,1,1,37,0,high,1.0,
24813,371056,1,2,7,0,45,1,1,1,37,0,low,0.5,
24814,371057,1,2,7,0,35,1,1,1,37,0,low,0.5,
24815,371058,1,3,8,4,55,1,1,1,37,0,low,0.3333333333333333,
24816,371059,1,1,8,0,50,1,1,1,37,0,high,1.0,
24817,371060,1,6,8,4,45,3,1,1,37,0,low,0.16666666666666666,
24818,371061,1,5,8,1,55,1,1,1,37,0,low,0.2,
24819,371062,1,1,8,0,60,1,1,1,37,0,high,1.0,
24820,371063,1,5,8,4,45,1,1,1,37,0,low,0.2,
24821,371064,1,3,8,4,45,1,1,1,37,0,low,0.3333333333333333,
24822,371065,1,1,8,0,45,3,1,1,37,1,high,1.0,
24823,371066,1,3,8,0,25,1,1,1,37,1,low,0.3333333333333333,
24824,371067,1,2,8,0,45,1,1,1,37,0,low,0.5,
24825,371068,1,2,8,0,45,3,1,1,37,0,low,0.5,
24826,371069,1,1,8,0,65,1,1,1,37,0,high,1.0,
24827,371070,1,7,8,8,55,1,1,1,37,1,low,0.14285714285714285,
24828,371071,1,1,9,0,55,2,1,1,37,1,high,1.0,
24829,371072,1,1,9,0,45,2,1,1,37,1,high,1.0,
24830,371073,1,1,9,0,55,1,1,1,37,1,high,1.0,
24831,371074,1,2,9,0,45,2,1,1,37,1,low,0.5,
24832,371075,1,2,9,4,45,1,1,1,37,0,low,0.5,
24833,371076,1,7,9,0,45,2,1,1,37,1,low,0.14285714285714285,
24834,371077,1,2,9,0,60,3,1,1,37,1,low,0.5,
24835,371078,1,1,9,0,55,1,1,1,37,0,high,1.0,
24836,371079,1,1,9,0,35,2,1,1,37,0,high,1.0,
24837,371080,1,3,9,0,55,2,1,1,37,2,low,0.3333333333333333,
24838,371081,1,8,9,8,55,5,1,1,37,1,low,0.125,
24839,371082,1,1,9,0,55,2,1,1,37,1,high,1.0,
24840,371083,1,1,9,0,45,1,1,1,37,0,high,1.0,
24841,371084,1,4,9,2,55,2,2,2,37,0,low,0.25,
24842,371085,1,2,9,0,55,1,1,1,37,0,low,0.5,
24843,371086,1,2,9,4,45,2,1,1,37,0,low,0.5,
24844,371088,1,2,10,0,55,1,1,1,37,0,low,0.5,
24845,371089,1,1,10,0,55,5,1,1,37,0,high,1.0,
24846,371090,1,3,10,0,55,1,1,1,37,0,low,0.3333333333333333,
24847,371091,1,2,10,2,55,1,1,1,37,0,low,0.5,
24848,371092,1,3,10,0,55,2,1,1,37,0,low,0.3333333333333333,
24849,371093,1,1,10,0,55,2,1,2,37,0,high,1.0,
24850,371094,1,2,10,0,35,2,1,1,37,0,low,0.5,
24851,371095,1,2,10,0,55,1,2,2,37,0,low,0.5,
24852,371096,1,5,10,0,65,2,1,1,37,0,low,0.2,
24853,371097,1,2,10,2,55,2,2,2,37,0,low,0.5,
24854,371098,1,1,10,0,55,9,9,1,37,0,high,1.0,
24855,371099,1,1,10,0,45,2,1,1,37,0,high,1.0,
24856,371100,1,2,10,0,55,3,1,1,37,1,low,0.5,
24857,371101,1,1,10,0,35,1,1,1,37,0,high,1.0,
24858,371102,2,2,10,2,55,1,1,1,37,1,high,1.0,
24859,371103,1,1,10,0,55,2,1,1,37,0,high,1.0,
24860,371104,1,3,10,0,55,2,1,1,37,1,low,0.3333333333333333,
24861,371105,1,3,10,3,55,1,1,1,37,0,low,0.3333333333333333,
24862,371106,1,1,10,0,55,2,1,1,37,0,high,1.0,
24863,371107,1,2,10,5,45,1,1,1,37,0,low,0.5,
24864,371108,1,2,10,0,55,2,1,1,37,1,low,0.5,
24865,371109,1,1,10,0,55,1,1,1,37,0,high,1.0,
24866,371110,1,2,10,0,35,1,1,1,37,1,low,0.5,
24867,371111,2,3,10,0,50,2,1,1,37,0,high,0.6666666666666666,
24868,371112,1,1,10,0,65,1,5,2,37,0,high,1.0,
24869,371113,1,2,10,5,35,3,2,2,37,0,low,0.5,
24870,371114,1,2,10,0,35,2,1,2,37,0,low,0.5,
24871,371115,1,2,10,4,45,1,1,1,37,0,low,0.5,
24872,371116,1,2,10,0,65,2,1,1,37,1,low,0.5,
24873,371117,2,13,10,2,55,1,1,1,37,0,low,0.15384615384615385,
24874,371118,1,1,10,0,55,1,1,1,37,1,high,1.0,
24875,371119,1,3,10,5,55,1,1,1,37,0,low,0.3333333333333333,
24876,371120,1,4,10,0,70,2,1,1,37,0,low,0.25,
24877,371121,2,3,10,5,55,1,1,1,37,0,high,0.6666666666666666,
24878,371122,1,1,10,0,55,2,1,1,37,1,high,1.0,
24879,371123,1,1,10,0,55,2,2,2,37,0,high,1.0,