,ST_CASE,FATALS,PERSONS,MONTH,MAN_COLL,SP_LIMIT,LGT_COND,WEATHER,SUR_COND,STATE,DRUNK_DR,rate,rate_numerical,arrival_time
24880,371124,1,2,10,5,45,2,1,1,37,1,low,0.5,
24881,371125,1,3,10,0,55,4,1,1,37,0,low,0.3333333333333333,
24882,371126,1,1,10,0,45,2,1,1,37,1,high,1.0,
24883,371127,1,2,10,0,55,5,1,1,37,0,low,0.5,
24884,371128,1,1,10,0,55,4,1,1,37,0,high,1.0,
24885,371129,1,3,10,2,55,1,1,1,37,0,low,0.3333333333333333,
24886,371130,1,1,10,0,45,1,1,1,37,1,high,1.0,
24887,371131,1,2,10,5,55,1,1,1,37,0,low,0.5,
24888,371132,1,1,10,0,65,2,1,1,37,0,high,1.0,
24889,371133,1,1,10,0,55,2,2,2,37,0,high,1.0,
24890,371134,1,1,10,0,55,1,1,1,37,0,high,1.0,
24891,371135,1,2,10,5,55,1,1,1,37,0,low,0.5,
24892,371136,1,1,10,0,55,2,1,1,37,0,high,1.0,
24893,371137,2,4,10,0,70,1,1,1,37,0,low,0.5,
24894,371138,1,1,10,0,55,1,1,1,37,0,high,1.0,
24895,371139,1,1,10,0,45,5,1,1,37,1,high,1.0,
24896,371140,1,2,10,5,55,1,1,1,37,0,low,0.5,
24897,371141,1,2,10,0,35,3,1,1,37,0,low,0.5,
24898,371142,2,2,10,0,55,2,2,2,37,0,high,1.0,
24899,371143,1,2,10,0,65,2,1,1,37,0,low,0.5,
24900,371144,1,2,10,5,45,1,1,1,37,0,low,0.5,
24901,371145,3,4,10,2,55,1,1,1,37,0,high,0.75,
24902,371146,1,2,10,7,55,2,1,1,37,0,low,0.5,
24903,371147,1,2,10,5,55,1,1,1,37,0,low,0.5,
24904,371148,1,3,10,2,55,1,1,1,37,0,low,0.3333333333333333,
24905,371149,1,5,10,0,55,1,1,1,37,1,low,0.2,
24906,371150,1,1,10,0,60,2,1,1,37,0,high,1.0,
24907,371151,1,3,10,0,55,2,2,2,37,0,low,0.3333333333333333,
24908,371152,1,2,10,0,45,1,1,1,37,1,low,0.5,
24909,371153,1,1,10,0,55,2,1,1,37,1,high,1.0,
24910,371154,4,5,10,0,55,1,2,2,37,0,high,0.8,
24911,371155,1,1,10,0,45,1,1,1,37,1,high,1.0,
24912,371156,2,3,10,1,55,2,1,1,37,0,high,0.6666666666666666,
24913,371157,1,1,10,0,70,2,1,1,37,0,high,1.0,
24914,371158,1,2,9,1,45,1,1,1,37,0,low,0.5,
24915,371159,1,2,12,0,45,3,1,1,37,0,low,0.5,
24916,371160,1,6,10,0,45,2,1,1,37,2,low,0.16666666666666666,
24917,371161,2,4,10,0,55,2,1,1,37,0,low,0.5,
24918,371162,1,2,10,2,35,1,1,1,37,0,low,0.5,
24919,371163,1,3,10,0,60,2,1,1,37,1,low,0.3333333333333333,
24920,371164,1,6,10,1,55,2,1,1,37,2,low,0.16666666666666666,
24921,371165,1,1,10,0,55,1,1,1,37,0,high,1.0,
24922,371166,1,3,10,0,45,3,1,1,37,0,low,0.3333333333333333,
24923,371167,1,1,10,0,45,3,1,2,37,1,high,1.0,
24924,371168,1,4,10,5,50,1,1,1,37,0,low,0.25,
24925,371169,2,5,10,2,45,1,1,1,37,0,low,0.4,
24926,371170,1,1,10,0,35,2,1,1,37,1,high,1.0,
24927,371171,1,9,10,0,65,2,1,1,37,0,low,0.1111111111111111,
24928,371172,1,3,10,0,65,1,1,1,37,0,low,0.3333333333333333,
24929,371173,1,2,10,11,55,2,1,1,37,1,low,0.5,
24930,371174,2,3,10,5,55,1,1,1,37,0,high,0.6666666666666666,
24931,371175,1,2,10,4,45,1,2,2,37,0,low,0.5,
24932,371176,1,1,10,0,45,1,1,1,37,0,high,1.0,
24933,371177,1,1,10,0,55,2,1,1,37,0,high,1.0,
24934,371178,1,7,10,4,55,1,2,2,37,0,low,0.14285714285714285,
24935,371179,1,2,10,0,55,4,1,1,37,2,low,0.5,
24936,371180,1,3,11,4,55,1,1,1,37,0,low,0.3333333333333333,
24937,371181,1,2,11,0,55,2,1,1,37,1,low,0.5,
24938,371182,1,1,11,0,55,1,1,2,37,1,high,1.0,
24939,371183,1,1,11,0,55,2,1,1,37,1,high,1.0,
24940,371184,1,1,11,0,55,1,1,1,37,1,high,1.0,
24941,371185,3,3,11,0,55,1,1,1,37,0,high,1.0,
24942,371186,2,3,11,4,55,2,1,1,37,0,high,0.6666666666666666,
24943,371187,1,3,11,1,45,3,1,1,37,0,low,0.3333333333333333,
24944,371188,1,6,11,4,55,1,1,1,37,0,low,0.16666666666666666,
24945,371189,1,2,11,0,55,2,1,1,37,2,low,0.5,
24946,371190,1,1,11,0,35,1,1,1,37,1,high,1.0,
24947,371191,3,6,11,4,55,2,1,1,37,0,low,0.5,
24948,371192,1,3,11,0,45,2,1,1,37,1,low,0.3333333333333333,
24949,371193,1,4,11,0,55,2,1,1,37,1,low,0.25,
24950,371194,1,2,11,0,45,3,1,1,37,1,low,0.5,
24951,371195,1,3,11,2,45,1,1,1,37,0,low,0.3333333333333333,
24952,371196,1,1,11,0,35,3,1,1,37,1,high,1.0,
24953,371197,1,3,11,0,35,3,1,1,37,0,low,0.3333333333333333,
24954,371198,1,1,11,0,45,1,1,2,37,1,high,1.0,
24955,371199,1,2,11,0,45,2,1,1,37,1,low,0.5,
24956,371200,1,4,11,0,45,1,1,1,37,0,low,0.25,
24957,371201,1,1,11,0,45,1,1,1,37,0,high,1.0,
24958,371202,1,1,11,0,55,2,1,1,37,1,high,1.0,
24959,371203,1,2,11,4,55,1,1,1,37,0,low,0.5,
24960,371204,1,1,11,0,45,2,1,1,37,1,high,1.0,
24961,371205,1,3,11,0,60,1,1,1,37,0,low,0.3333333333333333,
24962,371206,2,3,11,4,55,1,1,1,37,1,high,0.6666666666666666,
24963,371207,1,4,11,2,45,1,1,1,37,0,low,0.25,
24964,371208,1,2,11,4,55,2,1,9,37,0,low,0.5,
24965,371209,1,5,11,8,55,1,1,1,37,0,low,0.2,
24966,371210,1,3,11,2,45,1,1,1,37,1,low,0.3333333333333333,
24967,371211,1,1,11,0,55,2,1,1,37,0,high,1.0,
24968,371212,1,1,11,0,55,2,1,1,37,0,high,1.0,
24969,371213,1,6,11,4,55,1,5,1,37,0,low,0.16666666666666666,
24970,371214,1,2,11,4,45,1,1,1,37,0,low,0.5,
24971,371215,1,2,11,3,55,1,1,1,37,0,low,0.5,
24972,371216,1,4,11,1,65,1,1,1,37,0,low,0.25,
24973,371217,1,2,11,0,35,2,1,1,37,1,low,0.5,
24974,371218,1,1,11,0,55,1,1,1,37,0,high,1.0,
24975,371219,1,4,11,5,45,1,1,1,37,0,low,0.25,
24976,371220,1,3,11,0,45,2,1,1,37,0,low,0.3333333333333333,
24977,371221,1,1,11,0,55,2,1,1,37,1,high,1.0,
24978,371222,2,2,11,0,55,2,1,1,37,2,high,1.0,
24979,371223,1,1,11,0,70,1,1,1,37,0,high,1.0,
24980,371224,1,6,11,2,55,2,1,1,37,1,low,0.16666666666666666,
24981,371225,1,2,11,2,55,4,1,2,37,0,low,0.5,
24982,371226,1,1,11,0,55,5,1,1,37,0,high,1.0,
24983,371227,1,3,11,2,55,2,1,1,37,1,low,0.3333333333333333,
24984,371228,1,1,11,0,55,2,2,2,37,0,high,1.0,
24985,371229,1,2,11,4,45,1,5,2,37,0,low,0.5,
24986,371230,1,5,11,0,60,1,1,1,37,1,low,0.2,
24987,371231,1,2,11,0,55,2,1,1,37,0,low,0.5,
24988,371232,1,1,11,0,55,2,1,1,37,1,high,1.0,
24989,371233,1,1,11,0,55,2,1,1,37,1,high,1.0,
24990,371234,1,2,11,0,55,2,1,1,37,1,low,0.5,
24991,371235,1,2,11,0,45,2,1,1,37,2,low,0.5,
24992,371236,1,1,11,0,55,2,1,1,37,0,high,1.0,
24993,371237,1,3,11,0,55,2,5,2,37,2,low,0.3333333333333333,
24994,371238,1,1,11,0,55,2,1,1,37,1,high,1.0,
24995,371239,1,1,11,0,55,2,1,1,37,1,high,1.0,
24996,371240,1,1,11,0,55,1,1,1,37,1,high,1.0,
24997,371241,1,1,11,0,45,2,1,1,37,0,high,1.0,
24998,371242,1,2,11,2,55,4,1,2,37,0,low,0.5,
24999,371243,1,2,11,0,35,3,1,1,37,0,low,0.5,
25000,371244,1,2,11,2,45,1,1,1,37,1,low,0.5,
25001,371245,1,1,11,0,55,2,1,1,37,0,high,1.0,
25002,371246,1,3,11,5,45,2,1,1,37,0,low,0.3333333333333333,
25003,371247,1,2,11,0,45,2,1,1,37,1,low,0.5,
25004,371248,1,1,11,0,45,2,1,1,37,1,high,1.0,
25005,371249,1,5,11,2,45,2,1,1,37,0,low,0.2,
25006,371250,1,1,11,0,55,1,2,2,37,0,high,1.0,
25007,371251,1,7,12,0,45,2,1,1,37,1,low,0.14285714285714285,
25008,371252,1,1,12,0,55,1,1,1,37,0,high,1.0,
25009,371253,1,2,12,0,55,1,1,1,37,1,low,0.5,
25010,371254,1,3,12,0,55,2,1,1,37,1,low,0.3333333333333333,
25011,371255,1,2,12,2,55,2,1,1,37,1,low,0.5,
25012,371256,1,2,12,0,45,1,1,1,37,0,low,0.5,
25013,371257,1,1,12,0,55,2,1,1,37,1,high,1.0,
25014,371258,1,4,12,4,55,1,1,1,37,0,low,0.25,
25015,371259,1,2,12,0,45,3,1,1,37,1,low,0.5,
25016,371260,1,1,12,0,45,1,1,1,37,0,high,1.0,
25017,371261,1,1,12,0,55,2,1,1,37,0,high,1.0,
25018,371262,1,3,12,4,45,2,1,1,37,0,low,0.3333333333333333,
25019,371263,1,2,12,0,45,2,1,1,37,0,low,0.5,
25020,371264,1,1,12,0,55,2,1,1,37,1,high,1.0,
25021,371265,1,1,12,0,55,2,5,1,37,0,high,1.0,
25022,371266,1,3,12,4,55,1,1,1,37,0,low,0.3333333333333333,
25023,371267,1,4,12,4,55,2,1,1,37,0,low,0.25,
25024,371268,1,2,12,1,55,1,1,2,37,0,low,0.5,
25025,371269,1,2,12,2,45,3,1,1,37,1,low,0.5,
25026,371270,1,1,12,0,55,2,2,2,37,1,high,1.0,
25027,371271,1,1,12,0,55,2,1,1,37,1,high,1.0,
25028,371272,1,1,12,0,55,1,1,1,37,0,high,1.0,
25029,371273,1,6,12,4,45,3,1,1,37,1,low,0.16666666666666666,
25030,371274,1,1,12,0,55,2,1,1,37,1,high,1.0,
25031,371275,5,5,12,2,65,2,1,1,37,0,high,1.0,
25032,371276,1,1,12,0,45,2,1,1,37,1,high,1.0,
25033,371277,1,2,12,0,45,1,1,1,37,0,low,0.5,
25034,371278,3,3,12,2,55,1,1,1,37,0,high,1.0,
25035,371279,1,1,12,0,55,1,1,1,37,0,high,1.0,
25036,371280,1,2,12,0,35,2,1,1,37,0,low,0.5,
25037,371281,1,1,12,0,45,2,1,4,37,0,high,1.0,
25038,371282,1,5,12,4,45,3,1,1,37,1,low,0.2,
25039,371283,1,5,12,4,45,1,1,1,37,0,low,0.2,
25040,371284,1,7,12,1,55,2,3,4,37,0,low,0.14285714285714285,
25041,371285,1,3,12,4,45,2,1,1,37,0,low,0.3333333333333333,
25042,371286,1,2,12,2,55,1,1,2,37,0,low,0.5,
25043,371287,1,1,12,0,45,2,1,1,37,0,high,1.0,
25044,371288,1,2,12,2,45,1,1,1,37,0,low,0.5,
25045,371289,1,2,12,2,55,5,1,1,37,0,low,0.5,
25046,371290,1,1,12,0,35,1,1,1,37,0,high,1.0,
25047,371291,1,1,12,0,55,1,2,2,37,0,high,1.0,
25048,371292,1,1,12,0,45,2,1,1,37,0,high,1.0,
25049,371293,1,1,12,0,55,2,1,1,37,0,high,1.0,
25050,371294,1,1,12,0,60,2,2,2,37,1,high,1.0,
25051,371295,2,8,12,2,55,2,1,1,37,0,low,0.25,
25052,371296,2,2,12,11,55,1,1,1,37,0,high,1.0,
25053,371297,1,2,12,0,65,2,1,1,37,0,low,0.5,
25054,371298,1,2,12,4,55,1,1,2,37,0,low,0.5,
25055,371299,1,2,12,0,65,1,1,1,37,0,low,0.5,
25056,371300,1,3,12,1,55,2,1,1,37,0,low,0.3333333333333333,
25057,371301,1,2,12,4,55,2,2,2,37,0,low,0.5,
25058,371302,1,1,12,0,55,2,1,1,37,0,high,1.0,
25059,371303,1,2,12,0,65,2,1,1,37,1,low,0.5,
25060,371304,1,5,12,2,55,2,1,1,37,0,low,0.2,
25061,371305,1,2,12,0,55,2,1,1,37,1,low,0.5,
25062,371306,1,3,12,4,45,1,2,2,37,0,low,0.3333333333333333,
25063,371307,1,1,12,0,45,2,1,1,37,0,high,1.0,
25064,371308,1,2,12,0,55,1,1,1,37,0,low,0.5,
25065,371309,1,1,12,0,55,2,1,2,37,0,high,1.0,
25066,371310,2,2,12,2,45,1,1,1,37,0,high,1.0,
25067,371311,1,2,12,4,45,1,1,1,37,0,low,0.5,
25068,371312,1,7,12,4,55,2,2,2,37,0,low,0.14285714285714285,
25069,371313,1,1,9,0,55,2,1,1,37,0,high,1.0,
25070,371314,1,2,9,2,55,1,1,1,37,0,low,0.5,
25071,371315,1,1,9,0,55,1,1,1,37,0,high,1.0,
25072,371316,1,7,9,1,55,1,1,1,37,0,low,0.14285714285714285,
25073,371317,1,1,9,0,55,1,1,1,37,0,high,1.0,
25074,371318,1,3,9,0,45,2,2,1,37,1,low,0.3333333333333333,
25075,371319,1,1,9,0,55,2,1,1,37,1,high,1.0,
25076,371320,1,6,9,1,65,1,1,1,37,0,low,0.16666666666666666,
25077,371321,3,8,9,0,45,1,1,1,37,0,low,0.375,
25078,371322,1,2,9,0,55,2,1,1,37,1,low,0.5,
25079,371323,1,1,9,0,55,1,1,1,37,1,high,1.0,
25080,371324,1,3,9,0,45,1,1,1,37,0,low,0.3333333333333333,
25081,371325,1,1,9,0,35,1,1,1,37,0,high,1.0,
25082,371326,1,1,9,0,55,1,1,1,37,0,high,1.0,
25083,371327,1,2,9,0,55,5,1,1,37,1,low,0.5,
25084,371328,1,2,9,5,55,2,1,1,37,0,low,0.5,
25085,371329,2,2,9,0,55,2,1,1,37,0,high,1.0,
25086,371330,1,8,9,1,70,1,1,1,37,0,low,0.125,
25087,371331,1,2,9,1,45,2,1,1,37,0,low,0.5,
25088,371332,1,2,9,0,60,1,1,1,37,0,low,0.5,
25089,371333,1,2,9,0,70,2,1,1,37,0,low,0.5,
25090,371334,1,2,9,5,55,1,1,1,37,0,low,0.5,
25091,371335,1,1,9,0,55,2,1,1,37,1,high,1.0,
25092,371336,1,1,9,0,45,2,1,1,37,0,high,1.0,
25093,371337,1,7,9,5,35,1,1,1,37,0,low,0.14285714285714285,
25094,371338,1,5,9,5,55,1,1,1,37,1,low,0.2,
25095,371339,1,1,9,0,70,1,2,2,37,0,high,1.0,
25096,371340,1,3,9,5,55,1,1,1,37,0,low,0.3333333333333333,
25097,371341,1,2,9,5,55,1,1,1,37,0,low,0.5,
25098,371342,1,1,9,0,45,2,1,1,37,1,high,1.0,
25099,371343,1,4,9,0,65,1,1,1,37,0,low,0.25,
25100,371344,1,1,9,0,55,2,1,1,37,0,high,1.0,
25101,371345,2,5,9,5,55,1,1,1,37,0,low,0.4,
25102,371346,1,4,9,5,45,1,1,1,37,0,low,0.25,
25103,371347,1,1,10,0,55,1,2,2,37,0,high,1.0,
25104,371348,1,2,10,5,55,1,2,2,37,0,low,0.5,
25105,371349,1,2,10,0,45,2,1,1,37,1,low,0.5,
25106,371350,1,1,10,0,45,2,1,1,37,0,high,1.0,
25107,371351,1,4,10,0,55,3,2,2,37,0,low,0.25,
25108,371352,1,1,10,0,55,1,1,1,37,0,high,1.0,
25109,371353,1,3,10,4,45,1,1,1,37,0,low,0.3333333333333333,
25110,371354,1,2,10,4,55,2,1,1,37,0,low,0.5,
25111,371355,1,2,10,0,55,1,3,2,37,0,low,0.5,
25112,371356,1,2,10,1,55,1,1,1,37,0,low,0.5,
25113,371357,1,1,10,0,35,1,1,1,37,0,high,1.0,
25114,371358,1,2,10,4,45,1,1,1,37,0,low,0.5,
25115,371359,1,3,10,0,55,1,1,1,37,0,low,0.3333333333333333,
25116,371360,1,2,10,0,45,2,2,2,37,0,low,0.5,
25117,371361,1,2,10,4,55,1,1,1,37,0,low,0.5,
25118,371362,1,2,10,7,65,2,1,1,37,0,low,0.5,
25119,371363,1,5,10,1,55,2,1,1,37,0,low,0.2,
25120,371364,1,3,10,7,35,1,1,1,37,0,low,0.3333333333333333,
25121,371365,1,2,10,2,45,1,1,1,37,0,low,0.5,
25122,371366,1,1,10,0,55,1,1,1,37,0,high,1.0,
25123,371367,1,2,10,0,35,5,1,1,37,0,low,0.5,
25124,371368,1,3,10,7,55,1,1,1,37,0,low,0.3333333333333333,
25125,371369,1,5,10,4,50,3,1,1,37,1,low,0.2,
25126,371370,1,2,10,2,55,1,5,1,37,0,low,0.5,
25127,371371,1,2,10,0,35,1,1,1,37,0,low,0.5,
25128,371372,1,3,10,8,55,1,1,1,37,0,low,0.3333333333333333,
25129,371373,1,2,10,2,55,1,1,1,37,0,low,0.5,
25130,371374,2,12,10,0,70,2,1,1,37,0,low,0.16666666666666666,
25131,371375,1,1,12,0,55,1,1,1,37,1,high,1.0,
25132,371376,1,1,11,0,25,2,1,1,37,0,high,1.0,
25133,371377,1,2,11,1,55,1,1,1,37,0,low,0.5,
25134,371378,1,4,11,1,55,4,5,2,37,0,low,0.25,
25135,371379,1,6,11,2,55,2,1,1,37,0,low,0.16666666666666666,
25136,371380,1,3,11,0,45,3,1,1,37,1,low,0.3333333333333333,
25137,371381,1,2,11,4,40,1,1,1,37,0,low,0.5,
25138,371382,2,3,11,0,55,1,2,2,37,0,high,0.6666666666666666,
25139,371383,1,1,11,0,35,1,1,1,37,0,high,1.0,
25140,371384,1,4,11,4,35,1,1,1,37,0,low,0.25,
25141,371385,1,3,11,0,35,3,1,1,37,0,low,0.3333333333333333,
25142,371386,1,2,11,2,55,2,1,1,37,0,low,0.5,
25143,371387,1,2,11,0,55,1,1,1,37,0,low,0.5,
25144,371388,1,5,11,1,55,1,1,2,37,0,low,0.2,
25145,371389,1,1,11,0,55,2,1,1,37,0,high,1.0,
25146,371390,1,2,11,0,45,3,1,1,37,1,low,0.5,
25147,371391,1,6,11,0,65,3,1,1,37,1,low,0.16666666666666666,
25148,371392,2,3,12,2,45,3,1,1,37,0,high,0.6666666666666666,
25149,371393,1,1,12,0,65,2,1,1,37,0,high,1.0,
25150,371394,1,2,12,0,55,2,1,1,37,0,low,0.5,
25151,371395,1,1,12,0,35,1,1,1,37,0,high,1.0,
25152,371396,1,2,12,0,35,3,1,1,37,1,low,0.5,
25153,371397,1,2,12,4,35,1,1,1,37,0,low,0.5,
25154,371399,1,3,12,0,45,2,1,1,37,0,low,0.3333333333333333,
25155,371400,1,1,12,0,45,1,1,1,37,1,high,1.0,
25156,371401,1,3,11,5,55,2,1,1,37,0,low,0.3333333333333333,
25157,371402,1,3,11,4,55,2,2,2,37,0,low,0.3333333333333333,
25158,371403,1,2,12,5,45,1,1,1,37,0,low,0.5,
25159,371404,1,1,12,0,65,2,1,4,37,0,high,1.0,
25160,371405,1,3,12,0,45,2,1,1,37,1,low,0.3333333333333333,
25161,371406,1,2,12,2,45,1,1,1,37,0,low,0.5,
25162,371407,1,1,12,0,55,2,1,1,37,1,high,1.0,
25163,371408,1,5,12,0,55,2,1,1,37,1,low,0.2,
25164,371409,1,2,12,2,55,2,2,2,37,1,low,0.5,
25165,371410,1,3,12,0,45,2,2,6,37,0,low,0.3333333333333333,
25166,371411,1,1,12,0,55,1,2,2,37,0,high,1.0,
25167,371412,1,2,12,0,45,2,1,1,37,1,low,0.5,
25168,371413,1,4,12,2,55,2,2,2,37,0,low,0.25,
25169,371414,1,4,12,4,55,3,2,2,37,0,low,0.25,
25170,371415,1,2,12,0,45,2,1,1,37,0,low,0.5,
25171,371416,1,2,12,0,55,2,1,1,37,0,low,0.5,
25172,371417,1,3,12,4,55,4,1,1,37,0,low,0.3333333333333333,
25173,371418,1,2,12,2,35,2,1,1,37,0,low,0.5,
25174,371419,2,2,12,2,55,2,1,1,37,0,high,1.0,
25175,371420,1,2,12,0,55,1,1,1,37,0,low,0.5,
25176,371421,1,8,12,4,55,1,1,1,37,0,low,0.125,
25177,371422,1,3,12,0,60,3,1,1,37,0,low,0.3333333333333333,
25178,371423,1,5,12,4,55,2,5,2,37,0,low,0.2,
25179,371424,1,2,12,0,55,1,3,4,37,0,low,0.5,
25180,371425,1,2,12,0,55,2,1,1,37,0,low,0.5,
25181,371426,1,4,12,0,35,3,1,1,37,1,low,0.25,
25182,371427,1,2,9,1,55,1,1,1,37,0,low,0.5,
25183,371428,1,2,9,0,35,3,1,1,37,0,low,0.5,
25184,371429,1,2,11,8,55,1,1,1,37,0,low,0.5,
25185,371430,1,1,11,0,55,2,1,1,37,0,high,1.0,
25186,371431,1,3,11,0,55,2,1,1,37,1,low,0.3333333333333333,
25187,371432,1,1,11,0,55,2,1,1,37,1,high,1.0,
25188,371433,1,1,11,0,55,2,1,1,37,0,high,1.0,
25189,371434,1,1,11,0,50,2,1,1,37,0,high,1.0,
25190,371435,1,2,11,0,45,1,5,1,37,0,low,0.5,
25191,371436,1,1,11,0,45,2,1,1,37,0,high,1.0,
25192,371437,1,5,11,4,45,1,5,1,37,0,low,0.2,
25193,371438,1,2,11,0,45,3,1,1,37,0,low,0.5,
25194,371439,1,2,11,0,55,2,1,1,37,0,low,0.5,
25195,371440,1,3,11,0,45,2,1,1,37,0,low,0.3333333333333333,
25196,371441,1,1,11,0,65,2,1,1,37,0,high,1.0,
25197,371442,1,7,12,0,55,1,1,4,37,0,low,0.14285714285714285,
25198,371443,1,4,12,1,35,1,1,1,37,0,low,0.25,
25199,371444,1,4,12,7,55,1,1,1,37,0,low,0.25,
25200,371445,2,6,12,4,45,2,1,1,37,0,low,0.3333333333333333,
25201,371446,1,2,12,6,35,3,2,2,37,0,low,0.5,
25202,371447,1,1,12,0,70,2,1,1,37,0,high,1.0,
25203,371448,1,1,12,0,55,2,1,1,37,1,high,1.0,
25204,371449,1,4,8,5,45,1,1,1,37,0,low,0.25,
25205,371450,1,4,9,4,50,1,1,1,37,0,low,0.25,
25206,371451,1,3,9,5,55,1,1,1,37,0,low,0.3333333333333333,
25207,371452,1,5,9,2,50,1,1,1,37,1,low,0.2,
25208,371453,1,1,9,1,25,1,1,1,37,0,high,1.0,
25209,371454,1,2,9,0,45,2,1,1,37,0,low,0.5,
25210,371455,1,5,9,2,45,1,1,1,37,0,low,0.2,
25211,371456,1,2,9,1,45,2,1,1,37,0,low,0.5,
25212,371457,1,1,9,0,30,5,1,1,37,0,high,1.0,
25213,371458,1,2,9,5,45,1,1,1,37,0,low,0.5,
25214,371459,1,3,9,5,55,3,1,1,37,0,low,0.3333333333333333,
25215,371460,1,2,9,4,35,4,1,1,37,0,low,0.5,
25216,371461,1,2,9,0,35,1,1,1,37,1,low,0.5,
25217,371462,1,2,9,0,45,1,1,1,37,0,low,0.5,
25218,371463,1,1,10,0,45,3,1,1,37,0,high,1.0,
25219,371464,1,2,10,2,45,1,1,1,37,0,low,0.5,
25220,371465,1,1,10,0,35,1,1,1,37,0,high,1.0,
25221,371466,1,2,10,1,45,4,1,1,37,0,low,0.5,
25222,371467,1,3,10,0,35,2,1,1,37,0,low,0.3333333333333333,
25223,371468,1,2,10,5,55,1,1,1,37,0,low,0.5,
25224,371469,1,2,10,6,50,1,1,1,37,0,low,0.5,
25225,371470,1,2,10,8,45,1,1,1,37,0,low,0.5,
25226,371471,1,4,10,0,35,1,1,1,37,0,low,0.25,
25227,371472,1,3,11,1,60,2,1,1,37,1,low,0.3333333333333333,
25228,371473,1,1,11,0,55,2,1,1,37,0,high,1.0,
25229,371474,3,6,11,0,65,2,1,1,37,0,low,0.5,
25230,371475,1,1,11,0,55,1,1,1,37,0,high,1.0,
25231,371476,1,3,11,0,35,2,1,1,37,0,low,0.3333333333333333,
25232,371477,1,4,12,4,55,2,2,2,37,0,low,0.25,
25233,371478,1,2,12,0,45,3,1,1,37,2,low,0.5,
25234,371479,1,3,12,2,55,2,1,1,37,1,low,0.3333333333333333,
25235,371480,2,3,12,1,65,4,1,1,37,0,high,0.6666666666666666,
25236,371481,1,2,12,2,55,1,1,1,37,0,low,0.5,
25237,371482,1,2,12,9,65,2,1,1,37,0,low,0.5,
25238,371483,1,7,12,7,60,3,1,1,37,0,low,0.14285714285714285,
25239,371484,1,2,12,0,55,2,5,2,37,1,low,0.5,
25240,371485,1,5,12,4,55,1,1,1,37,0,low,0.2,
25241,371486,1,5,10,4,15,1,1,1,37,0,low,0.2,
25242,371487,1,2,10,2,45,1,1,1,37,0,low,0.5,
25243,371488,1,3,10,1,50,1,1,1,37,0,low,0.3333333333333333,
25244,371489,1,1,10,0,25,1,1,1,37,0,high,1.0,
25245,371490,2,2,10,0,35,3,1,1,37,1,high,1.0,
25246,371491,1,5,10,7,25,3,1,1,37,0,low,0.2,
25247,371492,1,2,10,0,35,1,1,1,37,0,low,0.5,
25248,371493,1,5,11,8,35,1,1,1,37,0,low,0.2,
25249,371494,1,1,11,0,45,1,1,1,37,0,high,1.0,
25250,371495,1,2,11,0,45,1,1,1,37,0,low,0.5,
25251,371496,1,1,11,0,70,2,1,1,37,0,high,1.0,
25252,371497,1,3,11,4,45,1,1,1,37,0,low,0.3333333333333333,
25253,371498,1,6,11,11,60,5,1,1,37,0,low,0.16666666666666666,
25254,371499,1,1,11,0,55,2,1,1,37,0,high,1.0,
25255,371500,1,2,11,4,35,1,1,1,37,0,low,0.5,
25256,371501,1,2,11,0,45,2,1,1,37,0,low,0.5,
25257,371502,1,2,11,4,35,1,1,1,37,0,low,0.5,
25258,371503,1,4,11,2,35,3,1,1,37,2,low,0.25,
25259,371504,1,1,11,0,35,2,1,1,37,1,high,1.0,
25260,371505,1,3,9,0,25,1,1,1,37,0,low,0.3333333333333333,
25261,371506,1,2,12,0,35,2,1,1,37,1,low,0.5,
25262,371507,1,6,12,1,45,1,1,1,37,0,low,0.16666666666666666,
25263,371508,1,2,12,0,99,3,1,2,37,0,low,0.5,
25264,371509,1,4,12,6,45,1,1,1,37,0,low,0.25,
25265,371510,1,5,12,2,55,2,1,1,37,1,low,0.2,
25266,371511,1,1,12,0,45,3,1,2,37,1,high,1.0,
25267,371512,1,3,12,5,45,3,1,1,37,0,low,0.3333333333333333,
25268,371513,1,4,12,1,35,3,1,1,37,1,low,0.25,
25269,371514,1,6,12,0,35,3,1,1,37,0,low,0.16666666666666666,
25270,371515,1,1,12,0,45,1,1,2,37,0,high,1.0,
25271,371516,1,2,12,0,30,3,1,1,37,0,low,0.5,
25272,371517,1,1,12,0,35,2,1,1,37,0,high,1.0,
25273,371518,1,2,11,4,45,3,1,1,37,1,low,0.5,