,ST_CASE,FATALS,PERSONS,MONTH,MAN_COLL,SP_LIMIT,LGT_COND,WEATHER,SUR_COND,STATE,DRUNK_DR,rate,rate_numerical,arrival_time
25676,390311,1,1,4,0,55,1,1,1,39,0,high,1.0,
25677,390312,1,1,4,0,55,1,1,1,39,0,high,1.0,
25678,390313,1,1,4,0,55,2,1,2,39,1,high,1.0,
25679,390314,2,2,4,2,55,1,1,1,39,1,high,1.0,
25680,390315,1,6,4,2,35,1,1,1,39,0,low,0.16666666666666666,
25681,390316,1,1,4,0,30,3,1,1,39,1,high,1.0,
25682,390317,1,3,4,5,55,1,1,1,39,1,low,0.3333333333333333,
25683,390318,1,2,5,0,40,2,1,1,39,1,low,0.5,
25684,390319,2,9,4,0,65,1,1,1,39,0,low,0.2222222222222222,
25685,390320,1,2,5,0,55,1,1,1,39,1,low,0.5,
25686,390321,1,2,5,5,60,1,1,1,39,0,low,0.5,
25687,390322,1,3,4,5,55,1,1,1,39,0,low,0.3333333333333333,
25688,390323,1,2,4,2,55,1,1,1,39,0,low,0.5,
25689,390324,1,2,4,0,99,3,1,1,39,1,low,0.5,
25690,390325,1,3,5,0,65,3,2,2,39,1,low,0.3333333333333333,
25691,390326,1,3,5,2,55,1,1,1,39,0,low,0.3333333333333333,
25692,390327,1,2,5,0,35,3,1,2,39,1,low,0.5,
25693,390328,1,2,5,0,55,3,1,1,39,2,low,0.5,
25694,390329,1,2,5,2,35,3,1,1,39,1,low,0.5,
25695,390330,1,2,4,5,35,1,1,1,39,0,low,0.5,
25696,390331,1,5,4,0,45,1,1,1,39,1,low,0.2,
25697,390332,1,2,4,0,55,1,1,1,39,1,low,0.5,
25698,390333,1,1,5,0,55,1,1,1,39,0,high,1.0,
25699,390334,1,8,5,9,30,1,1,1,39,0,low,0.125,
25700,390335,1,2,5,9,55,1,1,1,39,0,low,0.5,
25701,390336,1,3,5,0,55,1,1,1,39,0,low,0.3333333333333333,
25702,390337,1,1,5,0,30,4,1,1,39,0,high,1.0,
25703,390338,1,5,5,0,55,1,1,1,39,0,low,0.2,
25704,390339,1,1,5,0,45,2,1,1,39,1,high,1.0,
25705,390340,2,3,5,0,55,1,1,1,39,0,high,0.6666666666666666,
25706,390341,1,4,5,0,50,2,1,1,39,1,low,0.25,
25707,390342,1,3,1,0,50,1,4,3,39,0,low,0.3333333333333333,
25708,390343,1,2,1,0,99,2,1,1,39,2,low,0.5,
25709,390344,1,2,5,0,55,1,1,1,39,0,low,0.5,
25710,390345,1,2,5,0,45,1,1,1,39,2,low,0.5,
25711,390346,1,1,5,0,25,3,1,1,39,1,high,1.0,
25712,390348,1,1,5,1,55,1,1,1,39,0,high,1.0,
25713,390349,1,1,5,0,35,2,1,1,39,1,high,1.0,
25714,390351,1,1,5,0,55,2,1,1,39,1,high,1.0,
25715,390352,1,3,2,3,25,3,1,2,39,3,low,0.3333333333333333,
25716,390353,1,3,4,4,35,1,1,1,39,0,low,0.3333333333333333,
25717,390354,1,3,5,5,35,3,2,2,39,0,low,0.3333333333333333,
25718,390355,1,1,5,0,65,2,1,1,39,1,high,1.0,
25719,390356,1,2,5,0,45,1,1,1,39,0,low,0.5,
25720,390357,1,1,5,0,55,2,1,1,39,1,high,1.0,
25721,390358,1,1,5,0,35,3,1,1,39,1,high,1.0,
25722,390359,1,3,5,2,55,1,1,1,39,0,low,0.3333333333333333,
25723,390360,1,5,5,4,55,2,1,1,39,0,low,0.2,
25724,390361,1,1,5,0,35,2,1,1,39,1,high,1.0,
25725,390362,1,1,4,0,35,1,1,1,39,0,high,1.0,
25726,390363,1,9,4,5,55,5,4,3,39,0,low,0.1111111111111111,
25727,390364,1,1,5,0,65,2,1,1,39,1,high,1.0,
25728,390365,1,2,5,5,65,1,1,1,39,1,low,0.5,
25729,390366,1,2,5,0,45,1,1,1,39,2,low,0.5,
25730,390367,1,1,5,0,45,3,1,1,39,1,high,1.0,
25731,390368,1,3,5,2,50,2,1,1,39,1,low,0.3333333333333333,
25732,390369,1,2,5,4,55,1,8,2,39,0,low,0.5,
25733,390370,1,3,5,1,55,2,1,1,39,1,low,0.3333333333333333,
25734,390371,1,2,5,0,55,2,1,1,39,0,low,0.5,
25735,390372,2,2,5,0,45,2,1,1,39,1,high,1.0,
25736,390373,1,8,5,4,65,3,1,1,39,0,low,0.125,
25737,390374,1,2,5,0,55,1,1,5,39,0,low,0.5,
25738,390375,1,3,5,8,45,1,1,1,39,0,low,0.3333333333333333,
25739,390376,1,2,5,1,25,1,1,1,39,0,low,0.5,
25740,390377,1,3,5,5,55,1,1,1,39,0,low,0.3333333333333333,
25741,390378,1,1,5,0,55,1,1,1,39,0,high,1.0,
25742,390379,1,4,2,2,55,1,1,1,39,0,low,0.25,
25743,390380,1,1,5,0,45,2,1,1,39,1,high,1.0,
25744,390382,1,2,5,0,55,2,1,1,39,0,low,0.5,
25745,390383,1,4,5,5,25,3,1,1,39,0,low,0.25,
25746,390384,1,2,5,0,99,3,1,1,39,1,low,0.5,
25747,390385,1,2,5,5,55,1,1,1,39,0,low,0.5,
25748,390386,1,2,5,0,55,2,1,1,39,2,low,0.5,
25749,390387,1,2,5,0,45,2,1,1,39,1,low,0.5,
25750,390388,1,1,5,0,25,1,1,1,39,0,high,1.0,
25751,390389,1,1,6,0,55,2,1,1,39,0,high,1.0,
25752,390390,1,2,1,5,55,1,4,2,39,0,low,0.5,
25753,390391,1,1,5,0,35,3,1,1,39,1,high,1.0,
25754,390392,1,1,5,0,35,5,1,1,39,0,high,1.0,
25755,390393,1,7,5,5,65,1,1,1,39,0,low,0.14285714285714285,
25756,390394,1,1,5,0,55,1,1,1,39,1,high,1.0,
25757,390395,1,2,5,0,55,1,1,1,39,0,low,0.5,
25758,390396,1,1,6,0,65,2,1,1,39,0,high,1.0,
25759,390397,1,1,6,0,35,1,1,1,39,0,high,1.0,
25760,390398,1,4,6,5,45,1,1,2,39,0,low,0.25,
25761,390399,1,2,6,2,55,5,1,1,39,0,low,0.5,
25762,390400,2,2,4,0,25,1,1,1,39,0,high,1.0,
25763,390401,1,2,5,8,25,3,1,1,39,1,low,0.5,
25764,390402,1,3,5,0,40,2,1,1,39,0,low,0.3333333333333333,
25765,390403,1,1,5,0,35,3,1,1,39,1,high,1.0,
25766,390404,1,1,5,0,55,1,1,1,39,0,high,1.0,
25767,390405,2,5,5,0,35,1,1,1,39,0,low,0.4,
25768,390406,1,2,5,2,55,1,1,1,39,1,low,0.5,
25769,390407,1,4,5,0,45,1,1,1,39,0,low,0.25,
25770,390408,1,1,5,0,55,1,1,1,39,0,high,1.0,
25771,390409,1,3,5,5,35,1,1,1,39,0,low,0.3333333333333333,
25772,390410,2,3,5,0,35,2,9,1,39,2,high,0.6666666666666666,
25773,390411,1,2,5,9,25,3,1,1,39,0,low,0.5,
25774,390412,1,1,5,0,55,1,1,1,39,0,high,1.0,
25775,390413,1,2,5,0,35,2,1,1,39,1,low,0.5,
25776,390414,1,1,5,0,25,1,1,1,39,1,high,1.0,
25777,390415,1,1,5,0,35,3,1,1,39,1,high,1.0,
25778,390416,1,3,5,1,55,1,1,1,39,0,low,0.3333333333333333,
25779,390417,1,6,5,5,25,5,1,1,39,1,low,0.16666666666666666,
25780,390418,1,2,5,7,45,1,1,1,39,0,low,0.5,
25781,390419,1,1,5,0,35,3,1,1,39,1,high,1.0,
25782,390420,1,2,5,8,50,1,1,1,39,1,low,0.5,
25783,390421,1,2,5,5,55,1,1,1,39,0,low,0.5,
25784,390422,1,1,5,0,40,2,1,1,39,1,high,1.0,
25785,390423,1,1,6,0,55,2,1,2,39,0,high,1.0,
25786,390424,1,2,6,0,35,1,2,2,39,0,low,0.5,
25787,390425,1,1,6,0,65,1,2,2,39,0,high,1.0,
25788,390426,1,1,6,0,35,3,1,1,39,0,high,1.0,
25789,390427,1,6,4,8,35,1,1,1,39,0,low,0.16666666666666666,
25790,390428,1,2,6,8,45,2,1,1,39,1,low,0.5,
25791,390429,1,2,5,0,50,1,1,1,39,1,low,0.5,
25792,390430,1,2,5,5,45,1,1,1,39,0,low,0.5,
25793,390431,1,2,5,0,35,3,1,1,39,1,low,0.5,
25794,390432,1,2,6,0,55,1,1,1,39,1,low,0.5,
25795,390433,1,3,6,0,55,1,1,1,39,0,low,0.3333333333333333,
25796,390434,1,1,6,0,50,2,9,1,39,0,high,1.0,
25797,390435,2,4,6,0,55,1,1,1,39,2,low,0.5,
25798,390436,1,1,6,0,25,3,1,5,39,1,high,1.0,
25799,390437,1,2,6,2,55,1,1,1,39,1,low,0.5,
25800,390438,1,1,6,0,45,2,1,1,39,1,high,1.0,
25801,390439,1,3,5,4,55,1,1,1,39,0,low,0.3333333333333333,
25802,390440,1,2,5,0,35,3,1,1,39,0,low,0.5,
25803,390441,1,3,6,5,40,1,1,2,39,0,low,0.3333333333333333,
25804,390442,1,3,6,0,55,2,1,1,39,1,low,0.3333333333333333,
25805,390443,1,3,6,5,55,1,1,1,39,0,low,0.3333333333333333,
25806,390444,1,1,6,2,35,1,1,1,39,1,high,1.0,
25807,390445,1,1,6,0,55,1,1,1,39,0,high,1.0,
25808,390446,1,2,6,0,30,1,1,1,39,0,low,0.5,
25809,390447,1,2,6,2,55,1,1,1,39,1,low,0.5,
25810,390448,1,2,6,1,65,2,1,1,39,1,low,0.5,
25811,390449,1,3,6,4,50,5,1,1,39,1,low,0.3333333333333333,
25812,390450,1,2,6,2,55,2,1,1,39,1,low,0.5,
25813,390451,1,3,6,0,55,1,1,1,39,1,low,0.3333333333333333,
25814,390452,1,1,6,0,55,2,1,1,39,1,high,1.0,
25815,390453,2,3,6,0,55,2,1,1,39,2,high,0.6666666666666666,
25816,390454,1,3,6,1,55,1,1,1,39,0,low,0.3333333333333333,
25817,390455,1,3,6,5,55,1,1,1,39,0,low,0.3333333333333333,
25818,390456,1,1,6,0,55,1,1,1,39,1,high,1.0,
25819,390457,1,3,6,5,55,1,1,1,39,0,low,0.3333333333333333,
25820,390458,1,1,6,0,65,5,1,1,39,0,high,1.0,
25821,390459,1,2,5,0,55,2,1,1,39,2,low,0.5,
25822,390460,1,2,5,5,35,1,1,1,39,0,low,0.5,
25823,390461,1,2,5,5,35,1,1,1,39,0,low,0.5,
25824,390462,1,7,5,5,55,1,1,1,39,1,low,0.14285714285714285,
25825,390463,1,4,6,0,55,1,1,1,39,0,low,0.25,
25826,390464,1,3,4,5,35,1,1,1,39,0,low,0.3333333333333333,
25827,390465,1,4,6,5,55,2,1,1,39,0,low,0.25,
25828,390466,1,2,6,2,35,1,8,1,39,0,low,0.5,
25829,390467,1,4,6,5,55,1,1,1,39,0,low,0.25,
25830,390468,1,5,6,4,55,5,1,1,39,0,low,0.2,
25831,390469,1,1,6,0,35,1,1,1,39,1,high,1.0,
25832,390470,1,3,6,0,55,1,1,1,39,0,low,0.3333333333333333,
25833,390471,1,3,6,0,55,2,1,1,39,1,low,0.3333333333333333,
25834,390472,1,2,6,1,65,1,1,1,39,0,low,0.5,
25835,390473,1,5,6,1,35,1,1,1,39,0,low,0.2,
25836,390474,1,3,6,4,55,1,1,1,39,0,low,0.3333333333333333,
25837,390475,1,1,6,0,35,3,1,1,39,1,high,1.0,
25838,390476,1,1,6,0,55,1,1,1,39,0,high,1.0,
25839,390477,1,1,6,0,55,1,1,1,39,1,high,1.0,
25840,390478,1,1,6,0,65,1,1,1,39,0,high,1.0,
25841,390479,2,4,6,0,25,1,1,1,39,0,low,0.5,
25842,390480,2,5,6,8,35,3,1,1,39,0,low,0.4,
25843,390481,1,2,6,8,55,1,1,1,39,0,low,0.5,
25844,390482,1,4,6,1,65,3,1,1,39,1,low,0.25,
25845,390483,1,3,6,2,45,1,1,1,39,0,low,0.3333333333333333,
25846,390484,1,2,6,0,55,2,1,1,39,1,low,0.5,
25847,390485,1,2,6,0,35,1,1,1,39,0,low,0.5,
25848,390486,1,1,6,0,25,1,1,2,39,0,high,1.0,
25849,390487,1,2,6,8,45,2,1,1,39,1,low,0.5,
25850,390488,1,2,6,5,35,3,1,1,39,0,low,0.5,
25851,390489,1,1,6,0,25,2,1,1,39,1,high,1.0,
25852,390490,1,2,6,0,35,1,1,1,39,0,low,0.5,
25853,390491,2,3,6,5,65,1,2,2,39,0,high,0.6666666666666666,
25854,390492,2,6,6,1,55,1,2,2,39,0,low,0.3333333333333333,
25855,390493,1,2,6,0,55,5,1,1,39,0,low,0.5,
25856,390494,1,3,6,0,55,2,1,1,39,0,low,0.3333333333333333,
25857,390495,1,4,6,5,55,1,1,1,39,0,low,0.25,
25858,390496,2,6,6,1,55,1,1,1,39,0,low,0.3333333333333333,
25859,390497,1,1,6,99,99,1,1,9,39,0,high,1.0,
25860,390498,1,2,6,0,40,1,1,1,39,0,low,0.5,
25861,390499,1,1,6,0,55,2,1,1,39,1,high,1.0,
25862,390500,1,3,6,0,45,1,1,1,39,2,low,0.3333333333333333,
25863,390501,1,5,6,5,35,1,1,1,39,0,low,0.2,
25864,390502,1,2,6,5,45,1,1,2,39,0,low,0.5,
25865,390503,1,3,6,8,50,1,2,2,39,0,low,0.3333333333333333,
25866,390504,1,4,6,0,65,1,1,1,39,0,low,0.25,
25867,390505,1,2,6,0,35,5,1,1,39,0,low,0.5,
25868,390506,1,1,6,0,35,1,1,1,39,0,high,1.0,
25869,390507,2,3,6,1,65,1,1,1,39,1,high,0.6666666666666666,
25870,390508,1,3,6,2,55,2,1,1,39,1,low,0.3333333333333333,
25871,390509,1,1,6,0,55,1,1,1,39,1,high,1.0,
25872,390510,1,3,6,8,55,1,1,1,39,1,low,0.3333333333333333,
25873,390511,1,1,5,0,35,1,1,1,39,0,high,1.0,
25874,390512,1,1,6,7,35,1,1,1,39,0,high,1.0,
25875,390513,1,2,6,2,35,1,1,1,39,0,low,0.5,
25876,390514,1,3,6,5,55,1,1,1,39,0,low,0.3333333333333333,
25877,390515,1,4,6,4,55,1,2,2,39,0,low,0.25,
25878,390516,1,2,6,5,55,1,2,2,39,0,low,0.5,
25879,390517,1,3,6,2,55,1,1,1,39,1,low,0.3333333333333333,
25880,390518,1,2,7,2,55,1,1,1,39,0,low,0.5,
25881,390519,1,3,7,0,55,1,1,1,39,0,low,0.3333333333333333,
25882,390520,1,3,7,0,55,1,1,1,39,1,low,0.3333333333333333,
25883,390521,1,1,5,0,45,3,1,1,39,0,high,1.0,
25884,390522,1,4,6,0,45,1,1,1,39,0,low,0.25,
25885,390523,2,4,7,5,55,2,1,1,39,1,low,0.5,
25886,390524,2,2,7,0,55,1,1,1,39,1,high,1.0,
25887,390525,1,5,7,4,35,1,1,1,39,1,low,0.2,
25888,390526,1,1,7,0,45,2,2,2,39,1,high,1.0,
25889,390527,1,1,7,0,55,2,1,1,39,1,high,1.0,
25890,390528,1,2,7,0,25,1,1,1,39,0,low,0.5,
25891,390529,2,5,7,5,55,1,1,1,39,1,low,0.4,
25892,390530,1,1,7,0,55,1,1,1,39,1,high,1.0,
25893,390531,1,2,6,0,15,2,1,1,39,0,low,0.5,
25894,390532,1,1,7,0,55,1,1,1,39,0,high,1.0,
25895,390533,2,2,7,5,25,1,1,1,39,0,high,1.0,
25896,390534,1,2,6,8,55,1,1,1,39,0,low,0.5,
25897,390535,1,2,7,0,45,2,1,1,39,0,low,0.5,
25898,390536,1,2,7,4,55,1,1,1,39,0,low,0.5,
25899,390537,1,3,7,5,55,1,1,1,39,0,low,0.3333333333333333,
25900,390538,1,4,7,4,55,1,1,1,39,0,low,0.25,
25901,390539,1,4,6,4,50,3,1,1,39,1,low,0.25,
25902,390540,1,1,6,0,55,2,1,1,39,1,high,1.0,
25903,390541,1,2,7,0,60,3,1,1,39,2,low,0.5,
25904,390542,1,2,7,0,55,2,1,1,39,2,low,0.5,
25905,390543,1,2,7,0,40,1,1,1,39,0,low,0.5,
25906,390544,1,8,7,9,55,1,1,1,39,0,low,0.125,
25907,390545,1,2,7,5,35,1,1,1,39,0,low,0.5,
25908,390546,1,5,6,8,25,1,1,1,39,2,low,0.2,
25909,390547,1,1,7,0,55,1,1,1,39,0,high,1.0,
25910,390548,1,5,7,2,35,3,1,1,39,0,low,0.2,
25911,390549,3,3,7,8,55,1,1,1,39,1,high,1.0,
25912,390550,1,2,7,0,30,3,1,2,39,0,low,0.5,
25913,390551,1,1,7,0,55,1,1,1,39,0,high,1.0,
25914,390552,1,1,7,0,55,1,1,1,39,0,high,1.0,
25915,390553,1,3,7,5,55,1,2,2,39,0,low,0.3333333333333333,
25916,390554,1,2,7,5,25,3,1,1,39,1,low,0.5,
25917,390555,1,1,7,0,55,1,1,1,39,0,high,1.0,
25918,390556,1,2,7,8,55,1,1,1,39,0,low,0.5,
25919,390557,2,5,7,5,55,1,1,1,39,0,low,0.4,
25920,390558,1,2,7,5,55,4,1,1,39,0,low,0.5,
25921,390559,1,1,7,0,45,1,1,1,39,0,high,1.0,
25922,390560,1,1,7,0,35,2,9,1,39,1,high,1.0,
25923,390561,1,2,4,8,55,1,1,1,39,0,low,0.5,
25924,390562,1,2,5,0,35,3,1,1,39,0,low,0.5,
25925,390563,1,1,6,0,55,1,1,1,39,0,high,1.0,
25926,390564,1,2,6,0,25,2,1,1,39,1,low,0.5,
25927,390565,1,2,6,0,35,3,1,1,39,1,low,0.5,
25928,390566,1,4,7,5,40,1,1,1,39,0,low,0.25,
25929,390567,1,2,7,5,55,1,1,1,39,0,low,0.5,
25930,390568,1,2,7,0,25,2,1,1,39,0,low,0.5,
25931,390569,1,1,7,0,55,2,2,2,39,1,high,1.0,
25932,390570,1,1,7,0,65,1,1,2,39,0,high,1.0,
25933,390571,1,1,7,0,45,2,1,1,39,0,high,1.0,
25934,390572,1,6,7,0,55,1,2,2,39,0,low,0.16666666666666666,
25935,390573,1,1,7,0,55,1,1,1,39,1,high,1.0,
25936,390574,1,2,7,4,55,1,1,1,39,0,low,0.5,
25937,390575,1,1,7,0,55,1,1,1,39,0,high,1.0,
25938,390576,1,2,7,8,55,2,1,1,39,0,low,0.5,
25939,390577,2,5,5,8,65,1,1,1,39,0,low,0.4,
25940,390578,1,1,6,0,60,3,1,1,39,1,high,1.0,
25941,390579,1,1,6,0,99,1,1,1,39,0,high,1.0,
25942,390580,1,3,6,8,55,1,1,1,39,0,low,0.3333333333333333,
25943,390581,1,5,7,0,65,2,1,1,39,0,low,0.2,
25944,390582,2,3,7,0,50,2,1,1,39,1,high,0.6666666666666666,
25945,390583,2,3,7,8,55,5,1,1,39,0,high,0.6666666666666666,
25946,390584,1,2,7,0,45,1,1,1,39,0,low,0.5,
25947,390585,1,3,7,5,50,1,1,1,39,0,low,0.3333333333333333,
25948,390586,1,2,7,5,55,1,1,1,39,0,low,0.5,
25949,390587,1,2,7,5,55,1,1,1,39,0,low,0.5,
25950,390588,1,1,7,0,55,2,1,1,39,1,high,1.0,
25951,390589,1,1,7,0,55,2,1,1,39,1,high,1.0,
25952,390590,1,7,7,1,45,1,1,1,39,0,low,0.14285714285714285,
25953,390591,1,15,7,8,55,1,1,1,39,0,low,0.06666666666666667,
25954,390592,1,2,7,0,55,1,1,1,39,0,low,0.5,
25955,390593,1,5,7,5,55,1,1,1,39,1,low,0.2,
25956,390594,2,3,7,0,55,2,1,1,39,3,high,0.6666666666666666,
25957,390595,1,4,7,8,55,1,1,1,39,1,low,0.25,
25958,390596,1,1,7,0,55,1,1,1,39,0,high,1.0,
25959,390597,1,1,7,0,55,1,1,1,39,0,high,1.0,
25960,390598,1,2,7,4,55,1,1,1,39,0,low,0.5,
25961,390599,2,4,7,1,55,1,1,1,39,1,low,0.5,
25962,390600,1,3,7,4,55,1,1,1,39,0,low,0.3333333333333333,
25963,390601,1,2,7,0,40,1,1,1,39,0,low,0.5,
25964,390602,1,2,7,0,35,1,1,1,39,1,low,0.5,
25965,390603,1,1,7,0,55,1,1,1,39,1,high,1.0,
25966,390604,1,1,7,0,35,3,1,1,39,1,high,1.0,
25967,390605,1,1,7,0,55,2,1,1,39,1,high,1.0,
25968,390606,1,1,7,0,55,2,1,2,39,1,high,1.0,
25969,390608,1,1,4,0,35,3,1,1,39,1,high,1.0,
25970,390609,1,1,5,0,25,1,1,1,39,1,high,1.0,
25971,390610,1,2,6,5,45,1,1,1,39,0,low,0.5,
25972,390612,3,3,7,8,55,2,1,1,39,3,high,1.0,
25973,390613,5,7,7,5,55,1,1,1,39,0,high,0.7142857142857143,
25974,390614,1,2,7,2,55,1,1,1,39,0,low,0.5,
25975,390615,1,3,7,2,45,2,1,1,39,0,low,0.3333333333333333,
25976,390616,1,2,7,0,55,1,1,1,39,0,low,0.5,
25977,390617,1,2,7,0,35,2,1,1,39,1,low,0.5,
25978,390618,1,1,7,0,55,1,1,1,39,0,high,1.0,
25979,390619,1,1,7,7,60,3,1,1,39,1,high,1.0,
25980,390620,1,4,7,5,25,3,1,1,39,2,low,0.25,
25981,390621,1,1,7,0,55,1,1,1,39,0,high,1.0,
25982,390622,1,3,7,0,55,5,1,1,39,1,low,0.3333333333333333,
25983,390623,1,2,7,0,99,2,1,1,39,0,low,0.5,
25984,390624,1,3,7,5,55,1,1,1,39,0,low,0.3333333333333333,
25985,390625,1,3,7,7,55,1,1,1,39,1,low,0.3333333333333333,
25986,390626,1,5,7,0,55,1,1,1,39,0,low,0.2,
25987,390627,1,2,7,0,55,2,1,1,39,1,low,0.5,
25988,390628,1,2,7,0,65,3,1,1,39,1,low,0.5,
25989,390630,1,1,8,0,65,1,1,1,39,1,high,1.0,
25990,390631,1,1,8,0,45,2,1,1,39,1,high,1.0,
25991,390632,1,2,8,2,55,1,1,1,39,1,low,0.5,
25992,390633,1,3,8,7,55,1,1,1,39,0,low,0.3333333333333333,
25993,390634,1,1,8,0,55,1,1,1,39,0,high,1.0,
25994,390635,1,5,8,7,40,1,1,1,39,1,low,0.2,
25995,390636,1,4,8,0,40,1,1,1,39,0,low,0.25,
25996,390637,1,2,6,2,55,1,1,1,39,0,low,0.5,
25997,390638,1,1,7,0,55,2,1,1,39,1,high,1.0,
25998,390639,1,3,7,2,55,1,1,1,39,0,low,0.3333333333333333,
25999,390640,1,1,8,0,35,2,1,1,39,1,high,1.0,
26000,390641,1,1,8,0,65,1,1,1,39,1,high,1.0,
26001,390642,1,2,8,0,55,3,1,1,39,1,low,0.5,
26002,390643,1,2,8,0,35,1,1,1,39,0,low,0.5,
26003,390644,2,3,8,7,55,2,1,1,39,1,high,0.6666666666666666,
26004,390645,1,2,7,0,35,3,1,1,39,1,low,0.5,
26005,390646,2,2,7,0,35,3,1,2,39,1,high,1.0,
26006,390647,1,2,7,0,55,1,1,1,39,0,low,0.5,
26007,390648,1,1,7,0,55,1,1,1,39,1,high,1.0,
26008,390649,1,2,7,4,45,1,1,1,39,0,low,0.5,
26009,390650,1,1,7,0,55,5,1,1,39,1,high,1.0,
26010,390651,1,2,7,0,50,2,1,1,39,1,low,0.5,
26011,390652,1,1,7,0,50,1,1,1,39,0,high,1.0,
26012,390653,1,2,7,0,65,2,1,1,39,0,low,0.5,
26013,390654,1,2,7,0,35,2,1,1,39,1,low,0.5,
26014,390655,1,3,7,5,45,1,1,1,39,1,low,0.3333333333333333,
26015,390656,1,2,7,5,55,1,1,1,39,0,low,0.5,
26016,390657,1,3,7,5,60,3,1,1,39,0,low,0.3333333333333333,
26017,390658,2,3,7,2,55,1,1,1,39,0,high,0.6666666666666666,
26018,390659,1,3,7,5,60,1,1,1,39,0,low,0.3333333333333333,
26019,390660,1,2,7,4,55,1,1,1,39,0,low,0.5,
26020,390661,1,1,7,0,55,1,1,1,39,0,high,1.0,
26021,390662,1,7,8,2,55,1,1,1,39,0,low,0.14285714285714285,
26022,390663,1,5,8,8,65,2,1,1,39,1,low,0.2,
26023,390664,1,2,8,1,65,2,1,1,39,1,low,0.5,
26024,390665,1,3,8,5,45,1,1,1,39,0,low,0.3333333333333333,
26025,390666,1,1,8,0,55,1,1,1,39,1,high,1.0,
26026,390667,1,3,6,0,35,1,1,1,39,0,low,0.3333333333333333,
26027,390668,1,2,7,0,40,3,1,1,39,1,low,0.5,
26028,390669,1,1,7,0,45,1,1,1,39,1,high,1.0,
26029,390670,1,2,6,0,55,1,1,1,39,0,low,0.5,
26030,390671,1,1,7,0,55,2,1,1,39,1,high,1.0,
26031,390672,1,1,7,0,60,3,1,1,39,0,high,1.0,
26032,390673,1,3,7,8,35,3,1,1,39,0,low,0.3333333333333333,
26033,390674,1,1,7,0,99,1,1,1,39,0,high,1.0,
26034,390675,1,3,8,7,45,2,1,1,39,2,low,0.3333333333333333,
26035,390676,1,2,8,0,35,1,2,2,39,0,low,0.5,
26036,390677,1,2,8,0,25,3,1,1,39,1,low,0.5,
26037,390678,1,2,8,2,35,1,1,1,39,0,low,0.5,
26038,390679,1,2,8,5,45,3,1,1,39,2,low,0.5,
26039,390680,1,6,8,5,55,2,1,1,39,1,low,0.16666666666666666,
26040,390681,1,1,7,0,99,3,1,2,39,0,high,1.0,
26041,390682,1,1,7,0,55,2,9,1,39,0,high,1.0,
26042,390683,1,1,8,0,99,2,1,1,39,1,high,1.0,
26043,390684,1,2,8,0,55,1,1,1,39,0,low,0.5,
26044,390685,1,2,8,0,55,1,1,1,39,1,low,0.5,
26045,390686,1,1,8,0,55,1,1,1,39,1,high,1.0,
26046,390688,1,1,6,0,99,3,1,1,39,1,high,1.0,
26047,390689,1,2,6,2,55,1,1,1,39,1,low,0.5,
26048,390690,1,1,7,0,25,3,1,1,39,0,high,1.0,
26049,390691,1,1,7,0,55,2,1,1,39,1,high,1.0,
26050,390692,1,1,7,0,55,2,1,1,39,1,high,1.0,
26051,390693,1,1,7,0,50,5,1,1,39,1,high,1.0,
26052,390694,1,2,8,0,35,1,1,1,39,2,low,0.5,
26053,390695,1,1,8,0,55,4,1,1,39,0,high,1.0,
26054,390696,1,3,8,5,55,1,1,1,39,0,low,0.3333333333333333,
26055,390697,1,5,8,1,65,1,1,1,39,0,low,0.2,
26056,390698,1,1,6,7,25,1,1,1,39,0,high,1.0,
26057,390699,1,1,7,0,40,3,1,1,39,0,high,1.0,
26058,390700,1,2,8,5,35,1,1,1,39,0,low,0.5,
26059,390701,1,1,8,0,55,1,1,1,39,0,high,1.0,
26060,390702,1,2,8,4,55,1,1,1,39,0,low,0.5,
26061,390703,1,1,6,0,99,1,1,1,39,0,high,1.0,
26062,390704,1,1,6,0,35,1,1,1,39,0,high,1.0,
26063,390705,1,5,8,5,55,1,1,1,39,0,low,0.2,
26064,390706,1,1,9,0,35,3,1,1,39,1,high,1.0,
26065,390707,1,5,8,1,35,1,2,2,39,0,low,0.2,
26066,390708,1,5,9,5,55,1,1,1,39,0,low,0.2,
26067,390709,1,2,8,0,55,2,1,1,39,1,low,0.5,
26068,390710,1,1,8,0,55,1,1,1,39,0,high,1.0,
26069,390711,2,2,9,0,45,2,1,1,39,2,high,1.0,
26070,390712,1,2,8,0,55,2,1,1,39,2,low,0.5,
26071,390713,1,3,8,8,55,1,1,1,39,1,low,0.3333333333333333,
26072,390714,1,2,8,0,25,5,1,1,39,0,low,0.5,
26073,390715,1,3,7,0,55,1,1,1,39,0,low,0.3333333333333333,
26074,390716,1,2,8,0,15,1,2,2,39,0,low,0.5,
26075,390717,1,2,6,0,35,2,1,1,39,1,low,0.5,