,ST_CASE,FATALS,PERSONS,MONTH,MAN_COLL,SP_LIMIT,LGT_COND,WEATHER,SUR_COND,STATE,DRUNK_DR,rate,rate_numerical,arrival_time
26076,390718,2,4,7,6,35,1,1,1,39,0,low,0.5,
26077,390719,1,1,7,4,25,1,1,1,39,0,high,1.0,
26078,390720,2,3,7,0,55,2,1,1,39,1,high,0.6666666666666666,
26079,390721,1,2,7,0,25,1,1,1,39,1,low,0.5,
26080,390722,1,1,7,0,55,1,1,1,39,1,high,1.0,
26081,390723,1,2,7,0,50,1,1,1,39,0,low,0.5,
26082,390724,1,2,7,5,55,1,1,1,39,0,low,0.5,
26083,390725,2,4,8,5,60,1,1,1,39,0,low,0.5,
26084,390726,1,3,8,0,55,2,1,1,39,1,low,0.3333333333333333,
26085,390727,1,2,8,5,55,1,1,1,39,0,low,0.5,
26086,390728,1,1,8,0,50,9,1,9,39,1,high,1.0,
26087,390729,1,3,8,0,55,3,1,1,39,1,low,0.3333333333333333,
26088,390730,1,1,8,0,45,1,1,1,39,0,high,1.0,
26089,390731,1,2,8,0,55,2,1,1,39,1,low,0.5,
26090,390732,1,1,8,0,35,3,1,1,39,1,high,1.0,
26091,390733,1,8,8,0,55,3,1,1,39,0,low,0.125,
26092,390734,1,4,8,0,25,1,1,1,39,0,low,0.25,
26093,390735,1,4,8,5,55,1,1,1,39,0,low,0.25,
26094,390736,1,3,8,5,55,1,1,1,39,0,low,0.3333333333333333,
26095,390737,1,3,8,0,55,2,5,1,39,2,low,0.3333333333333333,
26096,390738,1,1,8,0,99,3,1,1,39,1,high,1.0,
26097,390739,1,4,8,0,45,5,1,1,39,0,low,0.25,
26098,390740,1,3,8,2,55,2,1,1,39,1,low,0.3333333333333333,
26099,390741,1,2,8,99,55,1,1,1,39,0,low,0.5,
26100,390742,1,2,8,5,55,1,1,1,39,0,low,0.5,
26101,390744,1,4,8,5,55,1,1,1,39,0,low,0.25,
26102,390745,1,3,8,0,50,2,1,1,39,1,low,0.3333333333333333,
26103,390746,1,3,8,7,60,1,1,1,39,0,low,0.3333333333333333,
26104,390747,1,1,7,0,55,1,2,2,39,0,high,1.0,
26105,390748,1,1,8,0,25,3,1,1,39,0,high,1.0,
26106,390749,1,2,8,5,60,2,1,1,39,1,low,0.5,
26107,390750,1,5,8,5,55,1,1,1,39,0,low,0.2,
26108,390751,1,1,8,0,55,1,2,2,39,0,high,1.0,
26109,390752,2,2,9,0,55,2,1,1,39,2,high,1.0,
26110,390753,1,2,9,0,55,1,1,1,39,2,low,0.5,
26111,390754,1,3,8,5,55,1,1,1,39,0,low,0.3333333333333333,
26112,390755,1,1,8,0,55,2,1,1,39,1,high,1.0,
26113,390756,1,2,8,8,55,1,1,1,39,0,low,0.5,
26114,390757,1,3,8,2,55,1,1,1,39,1,low,0.3333333333333333,
26115,390758,1,1,8,0,35,3,1,1,39,1,high,1.0,
26116,390759,1,1,8,0,25,3,1,1,39,1,high,1.0,
26117,390760,1,3,8,0,55,1,1,1,39,0,low,0.3333333333333333,
26118,390761,1,1,8,0,55,1,1,1,39,0,high,1.0,
26119,390762,1,4,8,5,35,3,1,1,39,0,low,0.25,
26120,390763,1,1,8,0,35,3,1,1,39,1,high,1.0,
26121,390764,1,1,8,0,55,2,1,5,39,1,high,1.0,
26122,390766,1,1,8,0,55,1,1,1,39,0,high,1.0,
26123,390767,1,2,8,2,45,2,1,1,39,0,low,0.5,
26124,390768,1,2,8,2,25,3,1,1,39,0,low,0.5,
26125,390769,1,3,6,0,35,3,1,1,39,2,low,0.3333333333333333,
26126,390770,1,1,8,0,35,1,1,1,39,0,high,1.0,
26127,390771,1,3,8,5,35,3,2,2,39,0,low,0.3333333333333333,
26128,390773,1,1,8,0,35,1,1,1,39,0,high,1.0,
26129,390774,1,2,8,0,55,2,1,1,39,1,low,0.5,
26130,390775,1,2,8,0,55,2,1,2,39,2,low,0.5,
26131,390776,1,1,8,0,65,1,1,2,39,0,high,1.0,
26132,390777,1,1,8,0,55,1,1,1,39,0,high,1.0,
26133,390778,1,4,8,1,30,3,1,1,39,0,low,0.25,
26134,390779,1,1,8,0,35,1,1,1,39,0,high,1.0,
26135,390780,1,1,8,0,65,1,1,1,39,0,high,1.0,
26136,390781,1,2,8,2,55,1,1,1,39,0,low,0.5,
26137,390782,1,3,8,0,55,2,1,1,39,3,low,0.3333333333333333,
26138,390783,1,3,8,0,55,2,1,2,39,0,low,0.3333333333333333,
26139,390784,2,3,8,2,65,1,1,1,39,0,high,0.6666666666666666,
26140,390785,1,1,8,0,35,1,1,1,39,0,high,1.0,
26141,390786,1,3,9,2,45,1,1,1,39,0,low,0.3333333333333333,
26142,390787,1,2,8,5,35,1,1,1,39,1,low,0.5,
26143,390788,1,2,8,3,35,1,1,1,39,0,low,0.5,
26144,390789,1,2,7,8,35,4,2,2,39,0,low,0.5,
26145,390790,1,5,8,0,25,1,1,1,39,0,low,0.2,
26146,390791,1,2,8,1,60,1,1,1,39,0,low,0.5,
26147,390792,1,2,8,0,45,2,1,1,39,0,low,0.5,
26148,390793,1,1,9,0,55,2,1,1,39,0,high,1.0,
26149,390794,1,2,9,0,25,3,1,1,39,1,low,0.5,
26150,390795,1,5,9,5,40,3,1,1,39,0,low,0.2,
26151,390796,1,2,9,5,55,1,1,1,39,0,low,0.5,
26152,390797,1,2,9,0,45,3,1,1,39,0,low,0.5,
26153,390798,1,2,9,0,55,2,1,1,39,1,low,0.5,
26154,390799,1,7,9,8,55,1,1,1,39,0,low,0.14285714285714285,
26155,390800,1,1,9,0,55,2,1,1,39,1,high,1.0,
26156,390801,1,3,9,0,35,1,1,1,39,1,low,0.3333333333333333,
26157,390802,1,1,9,0,55,2,2,2,39,1,high,1.0,
26158,390803,1,3,9,5,55,1,2,2,39,0,low,0.3333333333333333,
26159,390804,1,1,9,0,55,1,1,1,39,1,high,1.0,
26160,390805,1,1,9,0,55,2,9,1,39,0,high,1.0,
26161,390806,1,1,9,0,55,3,1,1,39,0,high,1.0,
26162,390807,1,2,9,0,55,2,1,1,39,0,low,0.5,
26163,390808,1,1,9,0,55,1,1,1,39,1,high,1.0,
26164,390809,1,2,9,5,35,1,1,1,39,0,low,0.5,
26165,390810,1,1,9,0,35,5,1,1,39,0,high,1.0,
26166,390811,2,3,9,5,55,1,1,1,39,0,high,0.6666666666666666,
26167,390812,1,5,9,2,45,2,1,1,39,1,low,0.2,
26168,390813,1,5,9,8,55,1,1,1,39,1,low,0.2,
26169,390814,1,1,9,0,45,2,1,1,39,1,high,1.0,
26170,390815,1,1,9,0,55,1,1,1,39,0,high,1.0,
26171,390816,1,1,9,0,55,2,1,1,39,1,high,1.0,
26172,390817,1,4,9,0,45,3,1,1,39,0,low,0.25,
26173,390818,1,2,9,0,45,3,1,1,39,0,low,0.5,
26174,390819,1,1,9,0,25,2,1,1,39,1,high,1.0,
26175,390820,1,2,9,8,40,1,1,1,39,0,low,0.5,
26176,390822,1,1,9,0,55,2,1,1,39,1,high,1.0,
26177,390823,1,4,9,5,35,3,1,1,39,1,low,0.25,
26178,390824,1,1,9,0,55,1,1,1,39,1,high,1.0,
26179,390825,1,2,9,4,45,1,1,1,39,1,low,0.5,
26180,390826,1,1,9,0,55,1,1,1,39,1,high,1.0,
26181,390827,1,3,9,0,55,1,1,1,39,1,low,0.3333333333333333,
26182,390828,1,2,9,1,55,1,1,1,39,0,low,0.5,
26183,390829,1,2,9,0,55,2,1,1,39,2,low,0.5,
26184,390830,1,1,9,0,45,1,1,1,39,0,high,1.0,
26185,390831,1,3,9,5,55,1,1,1,39,0,low,0.3333333333333333,
26186,390832,1,2,9,0,55,2,1,1,39,0,low,0.5,
26187,390833,1,1,9,0,50,1,1,1,39,0,high,1.0,
26188,390834,1,2,8,0,55,2,1,1,39,2,low,0.5,
26189,390835,1,1,8,0,40,2,1,1,39,0,high,1.0,
26190,390836,1,6,8,1,35,1,1,1,39,0,low,0.16666666666666666,
26191,390837,1,1,9,0,45,2,2,2,39,1,high,1.0,
26192,390838,1,3,9,2,55,3,1,1,39,1,low,0.3333333333333333,
26193,390839,1,1,9,0,55,1,2,2,39,0,high,1.0,
26194,390840,1,6,9,5,55,1,2,2,39,0,low,0.16666666666666666,
26195,390841,1,2,9,5,35,3,1,1,39,0,low,0.5,
26196,390842,1,2,9,0,25,1,1,1,39,1,low,0.5,
26197,390843,1,1,9,0,55,1,1,1,39,0,high,1.0,
26198,390845,1,3,9,7,65,1,1,1,39,1,low,0.3333333333333333,
26199,390846,1,1,9,0,35,2,1,1,39,0,high,1.0,
26200,390847,1,1,9,0,55,2,1,1,39,1,high,1.0,
26201,390848,1,1,9,0,55,2,1,1,39,1,high,1.0,
26202,390849,1,2,9,0,45,2,1,1,39,2,low,0.5,
26203,390850,1,3,9,7,55,1,1,1,39,0,low,0.3333333333333333,
26204,390851,1,2,9,5,55,2,1,1,39,0,low,0.5,
26205,390852,1,3,9,0,85,2,1,1,39,0,low,0.3333333333333333,
26206,390853,1,1,9,0,35,1,1,1,39,1,high,1.0,
26207,390854,1,3,9,5,55,1,1,1,39,0,low,0.3333333333333333,
26208,390855,1,1,9,0,55,2,1,1,39,0,high,1.0,
26209,390856,1,1,9,0,30,3,1,1,39,1,high,1.0,
26210,390857,1,2,9,0,25,1,1,1,39,0,low,0.5,
26211,390858,1,1,9,0,55,1,1,1,39,0,high,1.0,
26212,390859,1,2,9,5,55,1,1,1,39,0,low,0.5,
26213,390860,1,2,9,0,55,2,1,1,39,1,low,0.5,
26214,390861,1,5,9,2,55,1,1,1,39,1,low,0.2,
26215,390862,2,3,9,0,40,2,1,1,39,3,high,0.6666666666666666,
26216,390863,1,3,9,2,25,5,1,1,39,1,low,0.3333333333333333,
26217,390864,1,1,9,0,55,1,1,1,39,0,high,1.0,
26218,390865,1,4,9,8,55,1,1,1,39,0,low,0.25,
26219,390866,1,1,9,0,55,1,1,1,39,0,high,1.0,
26220,390867,1,2,5,0,65,1,1,2,39,0,low,0.5,
26221,390868,1,4,9,0,35,3,1,1,39,0,low,0.25,
26222,390869,1,1,9,0,55,2,1,1,39,0,high,1.0,
26223,390870,1,3,9,0,55,5,2,2,39,1,low,0.3333333333333333,
26224,390871,1,3,9,7,65,1,2,2,39,0,low,0.3333333333333333,
26225,390872,1,2,9,0,55,2,1,1,39,1,low,0.5,
26226,390873,1,4,9,2,35,3,1,1,39,0,low,0.25,
26227,390874,1,2,9,0,50,3,1,1,39,1,low,0.5,
26228,390875,1,3,9,0,35,4,8,1,39,0,low,0.3333333333333333,
26229,390876,2,2,9,0,55,2,1,1,39,1,high,1.0,
26230,390877,1,2,9,0,35,3,1,1,39,1,low,0.5,
26231,390878,1,1,9,0,55,1,1,1,39,0,high,1.0,
26232,390879,1,1,9,0,55,1,1,1,39,0,high,1.0,
26233,390880,1,2,9,0,55,1,1,1,39,0,low,0.5,
26234,390881,2,2,9,2,50,2,1,1,39,1,high,1.0,
26235,390882,1,2,9,0,65,2,1,1,39,1,low,0.5,
26236,390883,1,1,9,0,55,2,1,1,39,1,high,1.0,
26237,390885,1,2,9,0,60,1,1,1,39,1,low,0.5,
26238,390886,1,2,10,0,65,1,1,1,39,1,low,0.5,
26239,390887,1,3,10,2,55,1,1,1,39,1,low,0.3333333333333333,
26240,390888,1,1,10,0,55,1,1,1,39,0,high,1.0,
26241,390889,1,1,10,0,55,1,1,1,39,0,high,1.0,
26242,390890,1,1,10,0,50,2,1,1,39,1,high,1.0,
26243,390891,1,1,8,0,99,3,1,1,39,0,high,1.0,
26244,390892,2,3,9,1,60,1,1,1,39,1,high,0.6666666666666666,
26245,390893,1,1,9,0,55,1,1,1,39,0,high,1.0,
26246,390894,1,9,9,1,65,1,1,1,39,0,low,0.1111111111111111,
26247,390895,1,2,9,1,55,2,1,1,39,0,low,0.5,
26248,390896,1,2,10,0,30,3,1,1,39,0,low,0.5,
26249,390897,1,2,10,1,65,1,1,1,39,0,low,0.5,
26250,390898,1,1,10,0,55,2,1,1,39,1,high,1.0,
26251,390899,1,1,10,0,35,1,1,1,39,0,high,1.0,
26252,390901,1,3,10,2,65,1,1,1,39,0,low,0.3333333333333333,
26253,390902,1,2,10,0,65,4,1,1,39,0,low,0.5,
26254,390903,1,5,10,5,55,1,1,2,39,0,low,0.2,
26255,390904,1,2,10,5,50,3,1,1,39,0,low,0.5,
26256,390905,1,1,10,0,55,2,1,2,39,1,high,1.0,
26257,390906,1,3,10,4,55,1,1,1,39,0,low,0.3333333333333333,
26258,390907,1,2,10,5,55,1,1,1,39,0,low,0.5,
26259,390908,1,4,10,5,55,1,1,1,39,0,low,0.25,
26260,390909,1,3,10,5,55,1,1,1,39,0,low,0.3333333333333333,
26261,390910,1,1,9,0,55,1,1,1,39,0,high,1.0,
26262,390911,1,2,9,0,35,2,1,1,39,2,low,0.5,
26263,390912,1,1,9,0,55,1,1,1,39,0,high,1.0,
26264,390913,1,1,10,0,45,1,1,1,39,0,high,1.0,
26265,390914,1,2,10,0,65,3,1,1,39,1,low,0.5,
26266,390915,1,5,10,3,55,1,1,1,39,0,low,0.2,
26267,390917,1,2,10,7,65,3,1,1,39,0,low,0.5,
26268,390918,1,2,10,0,65,1,1,1,39,0,low,0.5,
26269,390919,1,2,10,0,55,2,1,1,39,2,low,0.5,
26270,390920,1,2,10,5,50,2,1,1,39,0,low,0.5,
26271,390921,1,2,10,2,35,2,1,2,39,0,low,0.5,
26272,390922,1,2,10,0,40,2,1,2,39,0,low,0.5,
26273,390923,1,2,10,0,55,5,1,1,39,1,low,0.5,
26274,390924,2,2,10,2,50,2,1,1,39,0,high,1.0,
26275,390925,1,2,7,4,25,1,1,1,39,1,low,0.5,
26276,390926,1,4,8,0,35,3,1,1,39,1,low,0.25,
26277,390927,1,3,8,4,35,1,1,1,39,1,low,0.3333333333333333,
26278,390928,1,2,9,0,55,5,1,1,39,1,low,0.5,
26279,390929,1,2,9,0,25,3,1,1,39,0,low,0.5,
26280,390931,1,2,9,0,25,3,1,1,39,2,low,0.5,
26281,390932,1,1,9,0,60,1,1,1,39,0,high,1.0,
26282,390933,1,2,9,5,35,3,1,1,39,1,low,0.5,
26283,390934,1,2,10,0,55,2,1,1,39,2,low,0.5,
26284,390935,1,4,1,0,30,3,2,2,39,0,low,0.25,
26285,390936,1,3,9,0,60,3,1,1,39,0,low,0.3333333333333333,
26286,390937,1,1,9,0,35,1,1,1,39,0,high,1.0,
26287,390938,1,1,10,0,45,2,5,1,39,1,high,1.0,
26288,390939,1,2,10,0,55,2,1,1,39,0,low,0.5,
26289,390940,1,4,10,0,55,2,1,1,39,0,low,0.25,
26290,390941,1,2,10,2,55,2,1,1,39,0,low,0.5,
26291,390942,1,1,10,0,50,1,1,1,39,0,high,1.0,
26292,390943,1,2,8,5,45,1,1,1,39,2,low,0.5,
26293,390944,1,3,10,1,55,3,1,2,39,1,low,0.3333333333333333,
26294,390945,1,1,10,0,35,3,1,2,39,1,high,1.0,
26295,390946,1,2,10,5,50,1,1,1,39,0,low,0.5,
26296,390947,1,1,10,0,99,2,1,1,39,1,high,1.0,
26297,390948,1,3,10,0,35,2,1,1,39,1,low,0.3333333333333333,
26298,390949,1,1,10,0,65,1,1,1,39,0,high,1.0,
26299,390950,1,4,10,0,55,1,1,1,39,0,low,0.25,
26300,390951,1,3,10,0,35,3,1,1,39,0,low,0.3333333333333333,
26301,390952,1,1,10,0,55,2,1,1,39,1,high,1.0,
26302,390953,1,3,10,0,55,2,1,1,39,1,low,0.3333333333333333,
26303,390954,1,3,10,4,40,1,1,1,39,0,low,0.3333333333333333,
26304,390955,1,2,10,0,65,3,1,1,39,1,low,0.5,
26305,390956,1,1,10,0,55,1,1,1,39,0,high,1.0,
26306,390957,1,2,10,0,55,2,1,1,39,1,low,0.5,
26307,390958,1,1,10,0,55,2,1,1,39,0,high,1.0,
26308,390959,1,2,10,1,55,1,1,1,39,0,low,0.5,
26309,390960,1,5,10,5,65,1,1,1,39,1,low,0.2,
26310,390961,1,2,10,4,45,3,2,2,39,1,low,0.5,
26311,390962,1,4,10,0,55,1,2,2,39,1,low,0.25,
26312,390963,1,2,7,5,35,1,1,1,39,0,low,0.5,
26313,390964,1,5,8,5,35,3,1,1,39,1,low,0.2,
26314,390965,1,1,9,0,25,3,1,1,39,1,high,1.0,
26315,390966,1,1,10,0,55,1,2,2,39,1,high,1.0,
26316,390967,1,2,10,0,55,1,1,1,39,0,low,0.5,
26317,390968,1,1,10,0,35,2,1,1,39,1,high,1.0,
26318,390969,1,2,10,8,55,1,1,1,39,0,low,0.5,
26319,390970,1,1,10,0,35,1,1,1,39,0,high,1.0,
26320,390971,1,3,10,5,55,1,1,1,39,0,low,0.3333333333333333,
26321,390972,1,2,10,4,55,1,1,1,39,0,low,0.5,
26322,390973,1,5,10,0,55,5,1,1,39,0,low,0.2,
26323,390974,1,2,10,8,40,3,1,1,39,2,low,0.5,
26324,390975,1,2,10,0,55,2,1,1,39,0,low,0.5,
26325,390976,1,2,10,5,55,1,1,1,39,1,low,0.5,
26326,390977,1,1,10,0,50,3,1,2,39,1,high,1.0,
26327,390978,1,2,10,0,35,3,2,2,39,0,low,0.5,
26328,390979,1,3,10,5,55,1,1,1,39,0,low,0.3333333333333333,
26329,390980,1,4,10,7,60,2,1,2,39,1,low,0.25,
26330,390981,1,2,11,0,25,3,1,1,39,1,low,0.5,
26331,390982,1,2,11,0,40,1,1,1,39,0,low,0.5,
26332,390983,1,1,11,0,55,2,1,1,39,1,high,1.0,
26333,390984,1,2,11,0,45,3,1,1,39,0,low,0.5,
26334,390985,2,4,11,9,65,2,1,1,39,0,low,0.5,
26335,390986,2,2,11,5,55,2,2,2,39,0,high,1.0,
26336,390987,1,3,11,0,55,1,1,1,39,1,low,0.3333333333333333,
26337,390988,2,4,11,2,55,1,1,1,39,0,low,0.5,
26338,390989,1,3,11,1,65,1,1,1,39,1,low,0.3333333333333333,
26339,390990,1,1,11,0,55,2,1,1,39,1,high,1.0,
26340,390991,1,1,8,0,65,1,1,1,39,0,high,1.0,
26341,390992,1,1,10,0,55,2,1,1,39,1,high,1.0,
26342,390993,1,1,10,0,55,2,1,1,39,0,high,1.0,
26343,390994,1,2,10,0,25,1,1,1,39,0,low,0.5,
26344,390995,1,2,11,0,55,1,1,1,39,0,low,0.5,
26345,390996,1,1,11,0,55,3,1,1,39,1,high,1.0,
26346,390997,1,2,11,5,40,1,1,1,39,1,low,0.5,
26347,390998,1,2,9,5,35,1,1,1,39,0,low,0.5,
26348,390999,1,3,11,4,55,2,1,1,39,1,low,0.3333333333333333,
26349,391000,1,2,11,0,45,2,1,1,39,1,low,0.5,
26350,391001,1,3,11,5,65,1,1,1,39,0,low,0.3333333333333333,
26351,391002,1,3,11,0,65,2,1,1,39,0,low,0.3333333333333333,
26352,391003,1,1,11,0,55,2,1,1,39,0,high,1.0,
26353,391004,1,1,11,0,50,2,1,1,39,1,high,1.0,
26354,391006,1,1,11,0,55,1,2,2,39,0,high,1.0,
26355,391007,1,1,11,0,50,3,1,1,39,1,high,1.0,
26356,391008,1,2,11,0,55,2,1,1,39,0,low,0.5,
26357,391009,1,4,11,5,55,1,1,1,39,0,low,0.25,
26358,391010,1,1,11,0,55,3,2,2,39,0,high,1.0,
26359,391011,2,2,11,8,55,1,1,1,39,0,high,1.0,
26360,391012,1,2,9,0,65,1,1,1,39,0,low,0.5,
26361,391013,2,3,9,5,50,1,1,1,39,0,high,0.6666666666666666,
26362,391014,1,3,10,5,50,1,1,1,39,0,low,0.3333333333333333,
26363,391015,2,4,11,2,55,1,1,1,39,0,low,0.5,
26364,391016,1,1,11,0,55,1,1,1,39,0,high,1.0,
26365,391017,1,2,11,0,45,2,1,1,39,1,low,0.5,
26366,391018,1,2,11,0,55,2,1,1,39,2,low,0.5,
26367,391019,1,2,11,1,50,3,1,1,39,1,low,0.5,
26368,391020,1,2,11,2,55,1,1,1,39,1,low,0.5,
26369,391021,2,4,11,2,55,1,1,1,39,1,low,0.5,
26370,391022,1,3,11,1,55,1,1,1,39,0,low,0.3333333333333333,
26371,391023,1,9,11,2,45,1,1,1,39,1,low,0.1111111111111111,
26372,391024,1,2,11,8,45,1,1,1,39,0,low,0.5,
26373,391025,1,2,11,4,55,1,1,2,39,0,low,0.5,
26374,391026,1,1,11,0,25,3,1,2,39,0,high,1.0,
26375,391027,1,3,11,0,35,1,1,1,39,0,low,0.3333333333333333,
26376,391028,1,2,11,0,40,2,1,1,39,1,low,0.5,
26377,391029,1,3,9,5,35,3,1,1,39,1,low,0.3333333333333333,
26378,391030,1,2,9,0,35,1,1,1,39,0,low,0.5,
26379,391031,1,1,10,0,65,1,2,2,39,0,high,1.0,
26380,391032,2,5,10,0,65,2,1,1,39,1,low,0.4,
26381,391033,1,1,11,0,55,2,1,1,39,1,high,1.0,
26382,391034,1,2,11,0,45,1,1,1,39,0,low,0.5,
26383,391035,1,1,11,0,55,1,1,1,39,0,high,1.0,
26384,391036,1,7,11,1,55,5,1,1,39,0,low,0.14285714285714285,
26385,391037,1,2,11,0,35,2,1,1,39,2,low,0.5,
26386,391038,1,5,11,0,45,2,1,1,39,1,low,0.2,
26387,391039,1,2,11,8,55,1,1,2,39,0,low,0.5,
26388,391040,1,1,11,0,65,3,1,2,39,1,high,1.0,
26389,391041,1,1,11,0,65,5,1,1,39,0,high,1.0,
26390,391042,1,3,11,5,55,1,1,1,39,0,low,0.3333333333333333,
26391,391043,1,2,11,4,50,1,2,2,39,0,low,0.5,
26392,391044,1,2,11,2,55,2,1,1,39,1,low,0.5,
26393,391045,1,2,11,0,40,2,9,2,39,0,low,0.5,
26394,391046,1,5,11,0,55,2,1,1,39,1,low,0.2,
26395,391047,1,2,11,0,55,2,1,1,39,1,low,0.5,
26396,391048,1,2,11,2,55,2,1,1,39,0,low,0.5,
26397,391049,1,4,12,2,55,2,1,1,39,0,low,0.25,
26398,391050,1,1,12,0,45,2,1,2,39,1,high,1.0,
26399,391051,2,4,12,5,65,2,4,4,39,0,low,0.5,
26400,391052,1,3,12,0,35,1,1,1,39,0,low,0.3333333333333333,
26401,391053,1,1,12,0,35,3,1,1,39,1,high,1.0,
26402,391054,1,1,9,0,99,1,1,1,39,0,high,1.0,
26403,391055,1,1,10,0,25,1,1,2,39,0,high,1.0,
26404,391056,1,2,10,0,25,1,1,1,39,0,low,0.5,
26405,391057,1,2,11,7,60,1,1,4,39,0,low,0.5,
26406,391058,1,3,11,0,45,2,1,1,39,3,low,0.3333333333333333,
26407,391059,1,2,11,4,55,1,2,2,39,0,low,0.5,
26408,391060,1,1,11,0,65,1,1,1,39,0,high,1.0,
26409,391061,1,2,11,5,50,1,1,1,39,0,low,0.5,
26410,391062,1,1,11,0,55,2,1,1,39,0,high,1.0,
26411,391063,1,2,12,0,55,1,1,1,39,0,low,0.5,
26412,391064,1,2,12,9,65,1,1,2,39,0,low,0.5,
26413,391065,1,1,12,0,55,2,2,2,39,1,high,1.0,
26414,391066,1,5,12,0,40,2,1,1,39,1,low,0.2,
26415,391067,3,4,12,4,65,1,1,1,39,0,high,0.75,
26416,391068,1,2,12,2,55,1,4,3,39,0,low,0.5,
26417,391069,1,1,12,0,55,1,1,2,39,0,high,1.0,
26418,391070,1,1,12,0,55,2,3,2,39,1,high,1.0,
26419,391071,1,1,10,0,25,3,1,1,39,1,high,1.0,
26420,391072,1,5,11,4,35,1,1,1,39,0,low,0.2,
26421,391073,1,10,11,7,55,1,1,1,39,0,low,0.1,
26422,391074,1,2,11,2,45,1,2,2,39,0,low,0.5,
26423,391075,1,1,11,0,40,1,1,1,39,0,high,1.0,
26424,391076,1,1,11,0,65,1,1,1,39,0,high,1.0,
26425,391077,1,1,11,0,55,2,1,1,39,1,high,1.0,
26426,391078,1,3,12,5,55,1,1,1,39,0,low,0.3333333333333333,
26427,391079,1,1,12,0,55,2,1,1,39,1,high,1.0,
26428,391080,1,1,12,0,45,2,1,1,39,1,high,1.0,
26429,391081,1,2,11,5,55,2,1,1,39,1,low,0.5,
26430,391082,1,3,11,8,55,1,1,2,39,0,low,0.3333333333333333,
26431,391083,1,4,10,1,25,3,1,1,39,1,low,0.25,
26432,391084,1,2,10,5,35,1,1,1,39,0,low,0.5,
26433,391085,1,2,10,0,55,2,1,1,39,0,low,0.5,
26434,391086,1,2,10,1,55,2,1,1,39,1,low,0.5,
26435,391087,1,1,11,0,50,1,3,2,39,0,high,1.0,
26436,391088,1,1,11,0,55,2,1,2,39,1,high,1.0,
26437,391089,1,3,12,0,25,2,1,2,39,1,low,0.3333333333333333,
26438,391090,1,3,12,2,55,1,1,2,39,0,low,0.3333333333333333,
26439,391091,1,3,12,0,55,2,2,2,39,2,low,0.3333333333333333,
26440,391092,1,2,12,0,55,1,1,1,39,0,low,0.5,
26441,391093,1,2,12,0,25,3,1,2,39,0,low,0.5,
26442,391094,1,4,10,1,65,1,1,1,39,0,low,0.25,
26443,391095,1,1,10,0,55,2,1,1,39,1,high,1.0,
26444,391096,1,9,11,8,35,1,1,1,39,0,low,0.1111111111111111,
26445,391097,1,1,11,0,25,3,1,1,39,1,high,1.0,
26446,391098,1,1,11,0,25,3,1,1,39,1,high,1.0,
26447,391099,1,2,11,2,55,1,1,1,39,1,low,0.5,
26448,391100,1,1,11,0,65,1,1,2,39,0,high,1.0,
26449,391101,1,1,11,0,55,2,1,1,39,1,high,1.0,
26450,391102,1,3,11,0,45,3,1,1,39,0,low,0.3333333333333333,
26451,391103,2,2,12,0,65,1,3,2,39,0,high,1.0,
26452,391104,2,4,12,2,25,3,1,1,39,0,low,0.5,
26453,391105,1,1,12,0,35,3,2,2,39,0,high,1.0,
26454,391106,1,1,12,0,55,2,4,3,39,0,high,1.0,
26455,391107,1,4,12,0,55,3,2,2,39,1,low,0.25,
26456,391108,1,2,12,0,55,1,1,1,39,0,low,0.5,
26457,391109,1,1,10,0,30,1,1,1,39,0,high,1.0,
26458,391110,1,1,12,0,55,2,1,2,39,0,high,1.0,
26459,391111,1,3,12,5,55,1,2,2,39,0,low,0.3333333333333333,
26460,391112,1,2,12,2,25,1,1,1,39,0,low,0.5,
26461,391113,1,4,12,8,45,3,1,1,39,1,low,0.25,
26462,391114,1,4,12,2,45,1,4,2,39,0,low,0.25,
26463,391115,1,1,12,0,55,2,1,2,39,0,high,1.0,
26464,391116,1,1,12,0,55,2,1,1,39,1,high,1.0,
26465,391117,1,1,12,0,55,2,1,1,39,0,high,1.0,
26466,391118,1,2,12,0,35,1,2,2,39,0,low,0.5,
26467,391119,1,2,12,5,55,1,1,1,39,0,low,0.5,
26468,391120,2,3,12,8,35,2,1,2,39,2,high,0.6666666666666666,
26469,391121,1,1,12,0,60,3,2,2,39,1,high,1.0,
26470,391122,1,3,12,8,45,1,1,1,39,1,low,0.3333333333333333,
26471,391123,1,1,12,0,45,2,1,1,39,1,high,1.0,
26472,391125,1,2,10,0,35,1,1,1,39,0,low,0.5,
26473,391126,1,1,12,0,55,2,1,2,39,0,high,1.0,
26474,391127,1,1,12,0,30,1,1,1,39,0,high,1.0,
26475,391128,1,1,12,0,55,2,1,1,39,0,high,1.0,