,ST_CASE,FATALS,PERSONS,MONTH,MAN_COLL,SP_LIMIT,LGT_COND,WEATHER,SUR_COND,STATE,DRUNK_DR,rate,rate_numerical,arrival_time
26872,400342,1,3,7,2,65,1,1,1,40,0,low,0.3333333333333333,
26873,400343,1,5,8,4,65,1,1,1,40,0,low,0.2,
26874,400344,4,4,8,0,65,1,1,1,40,0,high,1.0,
26875,400345,1,1,8,0,65,2,1,1,40,0,high,1.0,
26876,400346,1,3,8,5,65,1,1,1,40,0,low,0.3333333333333333,
26877,400347,1,6,8,0,65,1,1,1,40,1,low,0.16666666666666666,
26878,400348,1,1,8,0,40,2,1,1,40,1,high,1.0,
26879,400349,1,1,8,0,25,2,1,1,40,1,high,1.0,
26880,400350,1,1,8,0,55,2,1,1,40,0,high,1.0,
26881,400351,1,2,8,1,60,1,1,1,40,0,low,0.5,
26882,400352,1,3,8,2,45,3,1,1,40,2,low,0.3333333333333333,
26883,400353,1,3,8,2,65,1,1,1,40,1,low,0.3333333333333333,
26884,400354,2,2,8,0,65,1,1,1,40,0,high,1.0,
26885,400355,1,1,8,0,65,2,1,1,40,1,high,1.0,
26886,400356,2,2,8,0,65,2,1,1,40,2,high,1.0,
26887,400357,1,2,8,0,25,2,1,1,40,1,low,0.5,
26888,400358,1,2,8,0,65,1,1,1,40,0,low,0.5,
26889,400359,1,7,8,0,70,1,1,1,40,0,low,0.14285714285714285,
26890,400360,1,3,8,0,65,2,1,1,40,1,low,0.3333333333333333,
26891,400361,3,6,8,5,65,1,1,1,40,0,low,0.5,
26892,400362,1,2,8,2,55,1,1,1,40,0,low,0.5,
26893,400363,1,3,8,0,45,2,2,2,40,1,low,0.3333333333333333,
26894,400364,1,1,8,0,35,2,1,1,40,0,high,1.0,
26895,400365,1,3,8,0,30,2,1,1,40,0,low,0.3333333333333333,
26896,400366,1,1,8,0,65,1,1,1,40,0,high,1.0,
26897,400367,1,1,8,0,60,3,1,2,40,0,high,1.0,
26898,400368,1,6,8,5,35,2,1,1,40,0,low,0.16666666666666666,
26899,400369,1,2,8,1,45,5,1,1,40,0,low,0.5,
26900,400370,1,2,8,4,40,1,1,1,40,0,low,0.5,
26901,400371,1,3,8,9,40,4,1,1,40,0,low,0.3333333333333333,
26902,400372,1,3,8,4,45,1,1,1,40,0,low,0.3333333333333333,
26903,400373,1,2,6,0,35,2,1,1,40,0,low,0.5,
26904,400374,1,2,8,4,45,1,1,1,40,0,low,0.5,
26905,400375,1,4,8,0,45,1,1,1,40,0,low,0.25,
26906,400376,1,2,8,0,70,1,1,1,40,0,low,0.5,
26907,400377,3,3,8,0,65,2,2,6,40,0,high,1.0,
26908,400378,1,2,8,4,65,1,2,2,40,0,low,0.5,
26909,400379,1,1,8,0,99,2,1,1,40,1,high,1.0,
26910,400380,1,2,8,0,65,2,1,1,40,0,low,0.5,
26911,400381,1,2,8,2,65,1,1,1,40,0,low,0.5,
26912,400382,1,2,7,0,75,5,1,1,40,0,low,0.5,
26913,400383,1,2,8,4,65,2,1,1,40,0,low,0.5,
26914,400384,1,1,8,0,70,1,1,1,40,0,high,1.0,
26915,400385,1,1,8,0,40,2,1,1,40,1,high,1.0,
26916,400386,1,1,8,0,70,1,1,1,40,1,high,1.0,
26917,400387,1,1,8,0,65,1,1,2,40,0,high,1.0,
26918,400388,2,2,8,2,65,1,1,1,40,0,high,1.0,
26919,400389,2,2,8,0,70,2,1,1,40,0,high,1.0,
26920,400390,1,5,8,0,75,1,1,1,40,0,low,0.2,
26921,400391,4,5,8,4,65,1,2,2,40,0,high,0.8,
26922,400392,1,1,8,0,45,1,1,1,40,0,high,1.0,
26923,400393,1,5,1,4,45,3,1,2,40,1,low,0.2,
26924,400394,1,3,4,2,40,1,1,2,40,0,low,0.3333333333333333,
26925,400395,1,1,5,1,35,3,1,2,40,1,high,1.0,
26926,400396,1,4,2,4,55,1,2,2,40,0,low,0.25,
26927,400397,1,2,5,0,99,2,1,9,40,1,low,0.5,
26928,400398,1,2,6,2,50,2,1,2,40,1,low,0.5,
26929,400399,1,4,6,5,65,1,1,1,40,0,low,0.25,
26930,400400,3,9,8,4,65,1,1,1,40,1,low,0.3333333333333333,
26931,400401,1,2,8,2,45,1,1,1,40,0,low,0.5,
26932,400402,1,3,8,0,50,2,1,1,40,1,low,0.3333333333333333,
26933,400403,1,1,7,0,45,3,1,1,40,1,high,1.0,
26934,400404,1,1,8,0,65,1,1,1,40,1,high,1.0,
26935,400405,1,2,8,0,70,1,1,1,40,0,low,0.5,
26936,400406,1,1,9,0,55,3,1,1,40,0,high,1.0,
26937,400407,1,5,9,1,65,1,1,1,40,0,low,0.2,
26938,400408,1,3,9,4,35,1,1,1,40,0,low,0.3333333333333333,
26939,400409,1,2,9,4,55,4,1,2,40,0,low,0.5,
26940,400410,1,1,9,0,65,1,1,1,40,0,high,1.0,
26941,400411,1,1,9,0,65,1,1,2,40,0,high,1.0,
26942,400412,1,2,9,0,70,2,1,1,40,1,low,0.5,
26943,400413,1,2,9,5,65,1,1,1,40,0,low,0.5,
26944,400414,2,5,9,0,70,1,1,1,40,0,low,0.4,
26945,400415,1,2,9,0,70,2,1,1,40,0,low,0.5,
26946,400416,1,1,9,0,60,1,1,1,40,0,high,1.0,
26947,400417,1,1,9,0,65,1,1,1,40,0,high,1.0,
26948,400418,1,2,9,0,70,2,1,1,40,1,low,0.5,
26949,400419,1,5,9,4,45,2,1,1,40,1,low,0.2,
26950,400420,1,1,9,0,45,2,1,1,40,1,high,1.0,
26951,400421,1,1,9,0,65,2,1,1,40,0,high,1.0,
26952,400422,1,2,9,0,55,1,1,1,40,0,low,0.5,
26953,400423,1,1,9,0,70,4,1,1,40,0,high,1.0,
26954,400424,1,3,9,0,25,1,1,1,40,1,low,0.3333333333333333,
26955,400425,1,3,9,0,45,2,1,1,40,0,low,0.3333333333333333,
26956,400426,1,2,9,0,45,2,1,1,40,1,low,0.5,
26957,400427,1,1,9,0,65,1,1,1,40,1,high,1.0,
26958,400428,2,2,9,0,25,2,1,1,40,1,high,1.0,
26959,400429,1,4,9,4,45,1,1,1,40,0,low,0.25,
26960,400430,1,1,9,0,45,1,1,1,40,0,high,1.0,
26961,400431,1,1,9,0,45,2,1,1,40,1,high,1.0,
26962,400432,2,2,9,0,45,2,1,1,40,0,high,1.0,
26963,400433,1,2,9,0,45,1,1,1,40,0,low,0.5,
26964,400434,3,5,9,4,70,2,1,1,40,0,high,0.6,
26965,400435,1,1,9,0,70,2,1,1,40,0,high,1.0,
26966,400436,1,2,9,0,40,3,1,1,40,0,low,0.5,
26967,400437,1,3,9,0,70,2,1,1,40,1,low,0.3333333333333333,
26968,400438,1,1,9,0,45,1,1,1,40,0,high,1.0,
26969,400439,1,2,9,0,25,2,1,1,40,1,low,0.5,
26970,400440,1,1,9,0,45,2,1,1,40,0,high,1.0,
26971,400441,1,3,9,0,45,2,1,1,40,1,low,0.3333333333333333,
26972,400442,1,4,9,4,55,2,1,1,40,1,low,0.25,
26973,400443,1,3,9,5,65,1,1,1,40,0,low,0.3333333333333333,
26974,400444,1,3,9,2,45,1,1,1,40,0,low,0.3333333333333333,
26975,400445,3,8,9,3,65,1,1,1,40,0,low,0.375,
26976,400446,1,1,9,0,65,2,1,1,40,1,high,1.0,
26977,400447,1,3,9,4,55,2,1,1,40,1,low,0.3333333333333333,
26978,400448,1,3,9,5,65,1,1,1,40,0,low,0.3333333333333333,
26979,400449,1,2,9,1,55,1,1,1,40,0,low,0.5,
26980,400450,1,1,4,0,30,2,1,1,40,0,high,1.0,
26981,400451,1,1,9,0,45,2,1,1,40,1,high,1.0,
26982,400452,1,1,10,0,65,1,1,1,40,0,high,1.0,
26983,400453,1,2,10,1,40,2,1,1,40,0,low,0.5,
26984,400454,2,3,10,4,65,1,1,1,40,0,high,0.6666666666666666,
26985,400455,1,4,10,2,55,1,1,1,40,0,low,0.25,
26986,400456,1,3,9,0,55,2,1,1,40,1,low,0.3333333333333333,
26987,400457,1,1,9,0,65,2,1,1,40,0,high,1.0,
26988,400458,3,4,9,2,55,2,1,1,40,1,high,0.75,
26989,400459,1,1,9,0,55,2,1,1,40,1,high,1.0,
26990,400460,2,2,10,0,45,2,1,1,40,1,high,1.0,
26991,400461,1,2,10,0,60,1,1,1,40,1,low,0.5,
26992,400462,2,7,10,0,65,2,1,1,40,2,low,0.2857142857142857,
26993,400463,1,1,10,0,70,1,1,1,40,0,high,1.0,
26994,400464,1,2,10,4,40,1,1,1,40,0,low,0.5,
26995,400465,1,2,10,4,65,1,1,1,40,0,low,0.5,
26996,400466,1,2,10,5,55,1,1,1,40,0,low,0.5,
26997,400467,1,1,10,0,25,3,1,1,40,0,high,1.0,
26998,400469,1,1,10,0,45,1,1,1,40,0,high,1.0,
26999,400470,1,4,10,4,65,2,1,2,40,0,low,0.25,
27000,400471,1,5,10,4,65,1,1,1,40,0,low,0.2,
27001,400472,1,1,10,0,55,1,1,1,40,1,high,1.0,
27002,400473,1,3,10,0,65,1,1,1,40,0,low,0.3333333333333333,
27003,400474,1,4,10,4,70,2,1,1,40,0,low,0.25,
27004,400475,1,1,10,0,45,1,1,1,40,0,high,1.0,
27005,400476,1,1,10,0,40,2,1,1,40,1,high,1.0,
27006,400477,1,1,10,0,65,2,1,1,40,0,high,1.0,
27007,400478,1,1,10,0,65,2,1,1,40,0,high,1.0,
27008,400479,1,1,10,0,40,3,1,1,40,1,high,1.0,
27009,400480,1,4,10,0,65,1,1,1,40,0,low,0.25,
27010,400481,1,6,10,4,70,1,1,1,40,0,low,0.16666666666666666,
27011,400482,1,2,10,2,45,1,1,1,40,0,low,0.5,
27012,400483,2,6,10,0,45,1,1,1,40,0,low,0.3333333333333333,
27013,400484,1,1,10,0,45,2,1,1,40,1,high,1.0,
27014,400485,1,1,10,0,65,2,1,1,40,1,high,1.0,
27015,400486,1,1,10,0,65,1,1,1,40,1,high,1.0,
27016,400487,1,1,10,0,20,1,1,1,40,0,high,1.0,
27017,400488,1,7,5,4,30,2,1,1,40,0,low,0.14285714285714285,
27018,400489,2,7,5,3,65,2,1,1,40,0,low,0.2857142857142857,
27019,400490,1,3,8,5,65,1,1,1,40,0,low,0.3333333333333333,
27020,400491,1,1,8,0,55,2,1,1,40,1,high,1.0,
27021,400492,1,3,8,4,65,1,1,1,40,0,low,0.3333333333333333,
27022,400493,1,8,9,0,55,1,1,1,40,1,low,0.125,
27023,400494,1,1,10,0,65,1,1,1,40,1,high,1.0,
27024,400495,1,7,10,0,70,1,1,1,40,0,low,0.14285714285714285,
27025,400496,1,1,10,0,35,2,1,1,40,1,high,1.0,
27026,400497,1,1,10,0,45,5,2,2,40,1,high,1.0,
27027,400498,1,2,10,0,45,2,1,1,40,0,low,0.5,
27028,400499,4,8,10,1,65,1,1,1,40,0,low,0.5,
27029,400500,1,2,10,5,45,1,1,1,40,0,low,0.5,
27030,400501,1,3,10,4,55,1,1,1,40,0,low,0.3333333333333333,
27031,400502,1,3,10,1,70,1,1,1,40,0,low,0.3333333333333333,
27032,400503,1,2,10,2,65,2,1,1,40,0,low,0.5,
27033,400504,1,6,10,5,55,1,1,1,40,1,low,0.16666666666666666,
27034,400505,1,2,10,0,65,1,1,1,40,0,low,0.5,
27035,400506,1,3,10,4,45,2,1,1,40,0,low,0.3333333333333333,
27036,400507,1,1,10,0,45,2,1,1,40,1,high,1.0,
27037,400508,1,2,10,0,70,3,1,1,40,1,low,0.5,
27038,400509,1,1,10,0,60,1,1,1,40,0,high,1.0,
27039,400510,1,1,10,0,70,3,1,1,40,0,high,1.0,
27040,400511,1,4,10,0,65,2,1,1,40,0,low,0.25,
27041,400512,1,2,10,2,65,1,1,1,40,0,low,0.5,
27042,400513,1,2,9,1,65,3,1,1,40,1,low,0.5,
27043,400514,1,3,10,1,65,3,1,1,40,0,low,0.3333333333333333,
27044,400515,5,8,11,2,70,2,1,1,40,1,high,0.625,
27045,400516,2,5,11,0,65,2,1,1,40,0,low,0.4,
27046,400517,2,5,11,1,70,2,1,1,40,0,low,0.4,
27047,400518,1,3,11,2,40,1,1,1,40,0,low,0.3333333333333333,
27048,400519,2,3,11,2,65,1,1,1,40,0,high,0.6666666666666666,
27049,400520,1,1,11,0,45,2,1,1,40,1,high,1.0,
27050,400521,1,1,11,0,45,2,1,1,40,1,high,1.0,
27051,400522,1,3,11,4,65,4,1,1,40,0,low,0.3333333333333333,
27052,400523,5,7,11,0,40,3,1,1,40,6,high,0.7142857142857143,
27053,400524,1,1,11,0,65,2,1,1,40,1,high,1.0,
27054,400525,1,2,11,4,65,3,2,2,40,0,low,0.5,
27055,400526,1,1,10,0,65,1,1,2,40,1,high,1.0,
27056,400527,1,3,10,0,55,3,1,1,40,1,low,0.3333333333333333,
27057,400528,1,1,10,0,45,1,1,1,40,0,high,1.0,
27058,400529,1,3,4,4,65,1,1,1,40,1,low,0.3333333333333333,
27059,400530,1,1,4,0,55,1,2,2,40,0,high,1.0,
27060,400531,1,2,3,1,65,2,1,1,40,0,low,0.5,
27061,400532,1,2,7,0,40,3,1,1,40,1,low,0.5,
27062,400533,1,4,11,5,40,1,1,1,40,0,low,0.25,
27063,400534,1,2,11,0,55,4,1,1,40,0,low,0.5,
27064,400535,2,5,11,5,55,1,1,1,40,0,low,0.4,
27065,400536,1,4,11,1,65,1,1,1,40,0,low,0.25,
27066,400537,1,2,11,5,55,1,1,1,40,0,low,0.5,
27067,400538,1,2,11,0,65,2,1,1,40,0,low,0.5,
27068,400539,1,3,11,1,40,1,1,1,40,0,low,0.3333333333333333,
27069,400540,1,5,11,4,65,1,1,1,40,0,low,0.2,
27070,400541,1,1,11,0,65,1,1,1,40,0,high,1.0,
27071,400542,1,2,11,1,70,2,1,1,40,1,low,0.5,
27072,400543,1,3,11,0,40,3,1,1,40,1,low,0.3333333333333333,
27073,400544,1,1,11,0,55,1,1,1,40,1,high,1.0,
27074,400545,1,3,11,0,30,2,1,1,40,1,low,0.3333333333333333,
27075,400546,2,2,12,0,50,2,1,1,40,1,high,1.0,
27076,400547,3,5,12,4,65,1,1,1,40,0,high,0.6,
27077,400548,1,1,12,0,40,2,1,1,40,1,high,1.0,
27078,400549,1,2,12,0,70,2,3,4,40,0,low,0.5,
27079,400550,1,3,12,0,70,2,3,4,40,0,low,0.3333333333333333,
27080,400551,1,5,12,4,70,2,3,4,40,0,low,0.2,
27081,400552,1,2,12,9,70,1,3,4,40,0,low,0.5,
27082,400553,1,1,12,0,65,2,2,2,40,0,high,1.0,
27083,400554,1,1,12,0,55,2,3,4,40,0,high,1.0,
27084,400555,1,2,12,0,45,2,8,4,40,1,low,0.5,
27085,400556,1,1,12,0,35,1,1,1,40,0,high,1.0,
27086,400557,1,1,12,0,65,1,1,1,40,0,high,1.0,
27087,400558,1,1,12,0,60,1,1,1,40,0,high,1.0,
27088,400559,1,3,12,0,70,2,5,2,40,1,low,0.3333333333333333,
27089,400560,1,1,12,0,50,3,1,2,40,1,high,1.0,
27090,400561,1,1,12,0,55,1,1,1,40,0,high,1.0,
27091,400562,1,3,12,2,40,1,4,4,40,0,low,0.3333333333333333,
27092,400563,1,1,12,0,45,2,1,5,40,1,high,1.0,
27093,400564,1,2,12,0,35,1,1,1,40,1,low,0.5,
27094,400565,1,4,12,0,65,1,4,4,40,0,low,0.25,
27095,400566,1,1,12,0,45,2,1,1,40,1,high,1.0,
27096,400567,1,4,12,0,45,2,1,1,40,0,low,0.25,
27097,400568,1,4,12,4,70,1,1,1,40,0,low,0.25,
27098,400569,1,1,12,0,60,2,1,1,40,0,high,1.0,
27099,400570,1,4,1,0,35,2,1,1,40,0,low,0.25,
27100,400571,1,2,12,2,70,1,1,1,40,0,low,0.5,
27101,400572,1,2,11,0,45,2,1,1,40,1,low,0.5,
27102,400573,1,1,11,0,75,1,1,1,40,0,high,1.0,
27103,400574,1,1,11,0,45,1,1,1,40,1,high,1.0,
27104,400575,1,2,11,0,25,1,1,1,40,0,low,0.5,
27105,400576,1,1,11,0,50,1,1,1,40,0,high,1.0,
27106,400577,2,3,11,0,70,1,1,1,40,0,high,0.6666666666666666,
27107,400578,1,1,11,0,65,2,1,2,40,1,high,1.0,
27108,400579,1,2,11,0,45,1,2,2,40,0,low,0.5,
27109,400580,1,4,11,4,70,1,1,1,40,0,low,0.25,
27110,400581,1,2,11,3,70,1,1,2,40,0,low,0.5,
27111,400582,2,2,11,4,45,1,1,1,40,2,high,1.0,
27112,400583,1,2,11,1,70,5,1,1,40,1,low,0.5,
27113,400584,1,2,11,2,45,5,1,1,40,0,low,0.5,
27114,400585,1,1,10,0,70,4,1,1,40,0,high,1.0,
27115,400586,1,2,11,0,40,3,1,1,40,1,low,0.5,
27116,400587,1,2,11,4,55,2,1,1,40,1,low,0.5,
27117,400588,1,2,11,2,65,1,1,1,40,1,low,0.5,
27118,400589,1,1,11,0,65,2,1,1,40,1,high,1.0,
27119,400590,1,1,11,0,99,2,1,1,40,1,high,1.0,
27120,400591,1,3,11,2,70,2,5,2,40,1,low,0.3333333333333333,
27121,400592,1,3,3,5,45,1,1,1,40,0,low,0.3333333333333333,
27122,400593,1,1,10,0,45,2,1,1,40,0,high,1.0,
27123,400594,1,1,11,0,45,1,1,1,40,0,high,1.0,
27124,400595,1,4,11,0,65,2,1,2,40,1,low,0.25,
27125,400596,1,3,11,4,55,3,1,1,40,0,low,0.3333333333333333,
27126,400597,1,1,11,0,25,1,2,2,40,0,high,1.0,
27127,400598,1,2,11,0,65,1,2,2,40,0,low,0.5,
27128,400599,1,1,11,0,35,2,1,1,40,1,high,1.0,
27129,400600,1,2,3,0,60,1,1,1,40,0,low,0.5,
27130,400601,1,2,12,0,45,2,1,1,40,1,low,0.5,
27131,400602,2,6,12,2,65,5,1,1,40,1,low,0.3333333333333333,
27132,400603,1,3,12,4,40,3,1,1,40,0,low,0.3333333333333333,
27133,400604,1,5,12,1,65,1,1,1,40,0,low,0.2,
27134,400605,1,5,12,4,35,3,1,1,40,2,low,0.2,
27135,400606,1,3,7,2,60,1,1,1,40,0,low,0.3333333333333333,
27136,400607,1,2,12,3,65,1,1,1,40,0,low,0.5,
27137,400608,2,2,12,2,45,1,1,1,40,1,high,1.0,
27138,400609,1,2,12,0,65,4,1,1,40,0,low,0.5,
27139,400610,1,3,12,2,65,9,3,2,40,0,low,0.3333333333333333,
27140,400611,1,1,12,0,35,2,2,2,40,1,high,1.0,
27141,400612,1,4,12,2,55,1,1,1,40,0,low,0.25,
27142,400613,2,5,12,5,45,3,1,1,40,0,low,0.4,
27143,400614,1,2,12,0,55,3,1,1,40,1,low,0.5,
27144,400615,1,3,12,0,60,2,1,1,40,1,low,0.3333333333333333,
27145,400616,1,2,12,0,65,2,1,1,40,1,low,0.5,
27146,400617,1,1,7,0,70,1,1,1,40,0,high,1.0,
27147,400618,1,1,10,0,35,1,1,1,40,0,high,1.0,
27148,400619,5,6,11,0,70,1,1,1,40,0,high,0.8333333333333334,
27149,400620,1,2,12,0,40,3,1,1,40,0,low,0.5,
27150,400621,1,3,12,4,40,1,1,2,40,0,low,0.3333333333333333,
27151,400622,1,6,12,0,70,2,3,4,40,0,low,0.16666666666666666,
27152,400623,1,5,12,4,35,1,1,2,40,0,low,0.2,
27153,400624,1,2,12,0,65,2,1,1,40,0,low,0.5,
27154,400625,1,2,12,0,25,2,5,2,40,1,low,0.5,
27155,400626,1,1,9,0,50,3,1,1,40,0,high,1.0,
27156,400627,1,3,8,0,50,2,1,1,40,2,low,0.3333333333333333,
27157,400628,1,3,9,4,45,1,1,1,40,0,low,0.3333333333333333,
27158,400629,1,5,12,3,75,2,1,1,40,0,low,0.2,
27159,400630,1,2,12,5,55,1,1,1,40,0,low,0.5,
27160,400631,1,1,12,0,40,2,3,4,40,0,high,1.0,
27161,400632,1,2,12,0,25,1,1,1,40,0,low,0.5,
27162,400633,2,4,12,0,35,1,1,1,40,0,low,0.5,
27163,400634,1,2,9,0,35,1,1,1,40,0,low,0.5,
27164,400635,1,5,12,2,65,2,1,1,40,1,low,0.2,
27165,400636,1,3,12,0,75,2,1,1,40,0,low,0.3333333333333333,
27166,400638,3,6,12,0,70,2,1,1,40,0,low,0.5,
27167,400639,4,17,12,0,70,2,3,4,40,0,low,0.23529411764705882,
27168,400640,1,2,5,0,25,1,1,1,40,0,low,0.5,
27169,400641,1,1,8,0,70,1,1,1,40,0,high,1.0,
27170,400643,1,1,12,0,70,1,1,1,40,0,high,1.0,
27171,400644,1,4,3,0,40,3,1,2,40,0,low,0.25,
27172,400645,1,7,4,2,45,1,1,1,40,0,low,0.14285714285714285,
27173,410001,1,1,1,0,55,2,1,1,41,0,high,1.0,
27174,410002,1,2,1,0,30,2,1,2,41,0,low,0.5,
27175,410003,1,4,1,5,25,1,1,1,41,0,low,0.25,
27176,410004,1,2,1,0,50,2,1,2,41,0,low,0.5,
27177,410005,1,3,1,0,99,3,1,1,41,1,low,0.3333333333333333,
27178,410006,2,3,1,4,55,1,4,4,41,0,high,0.6666666666666666,
27179,410007,2,6,1,2,55,1,1,4,41,0,low,0.3333333333333333,
27180,410008,1,2,1,0,25,2,1,1,41,1,low,0.5,
27181,410009,1,2,1,2,55,2,1,1,41,0,low,0.5,
27182,410010,1,3,1,2,45,3,1,1,41,0,low,0.3333333333333333,
27183,410011,1,2,1,1,65,2,2,2,41,1,low,0.5,
27184,410012,1,3,1,2,65,1,1,1,41,0,low,0.3333333333333333,
27185,410013,1,1,1,0,45,2,5,4,41,1,high,1.0,
27186,410014,1,1,1,0,55,2,1,1,41,0,high,1.0,
27187,410015,1,5,1,2,40,1,1,1,41,0,low,0.2,
27188,410016,1,1,1,0,45,2,1,1,41,1,high,1.0,
27189,410017,1,2,1,0,99,1,1,1,41,0,low,0.5,
27190,410018,1,2,1,0,50,2,1,1,41,1,low,0.5,
27191,410019,1,2,1,0,35,2,1,1,41,2,low,0.5,
27192,410020,2,3,2,5,55,1,1,4,41,0,high,0.6666666666666666,
27193,410021,1,2,2,0,30,2,1,1,41,0,low,0.5,
27194,410022,1,3,2,0,55,2,1,1,41,0,low,0.3333333333333333,
27195,410023,1,3,1,2,55,2,1,4,41,0,low,0.3333333333333333,
27196,410024,1,1,1,0,65,9,9,9,41,0,high,1.0,
27197,410025,1,3,1,5,55,1,1,1,41,1,low,0.3333333333333333,
27198,410026,1,2,2,0,65,2,1,4,41,0,low,0.5,
27199,410027,1,6,2,2,55,2,1,1,41,1,low,0.16666666666666666,
27200,410028,2,4,2,0,55,2,1,1,41,0,low,0.5,
27201,410029,1,1,2,0,55,9,1,1,41,0,high,1.0,
27202,410030,1,1,2,0,55,1,1,1,41,1,high,1.0,
27203,410031,2,2,2,0,45,2,1,2,41,0,high,1.0,
27204,410032,1,2,2,0,55,1,1,1,41,0,low,0.5,
27205,410033,2,4,2,4,65,2,1,1,41,1,low,0.5,
27206,410034,1,2,2,5,55,1,2,2,41,0,low,0.5,
27207,410035,1,2,2,2,55,1,1,2,41,1,low,0.5,
27208,410036,1,3,2,0,40,3,2,2,41,0,low,0.3333333333333333,
27209,410037,1,1,2,0,65,1,1,1,41,0,high,1.0,
27210,410038,1,3,2,5,25,1,1,1,41,0,low,0.3333333333333333,
27211,410039,1,2,2,0,35,3,1,1,41,0,low,0.5,
27212,410040,1,2,3,1,55,1,1,2,41,0,low,0.5,
27213,410041,1,2,3,1,55,4,2,2,41,1,low,0.5,
27214,410042,1,2,3,0,25,3,1,1,41,1,low,0.5,
27215,410043,1,2,2,2,55,1,2,2,41,0,low,0.5,
27216,410044,1,3,2,2,45,3,2,2,41,1,low,0.3333333333333333,
27217,410045,1,2,2,4,40,1,1,1,41,0,low,0.5,
27218,410046,1,2,2,2,65,3,1,2,41,1,low,0.5,
27219,410047,1,7,2,0,55,2,1,4,41,0,low,0.14285714285714285,
27220,410048,1,4,2,5,45,1,1,1,41,0,low,0.25,
27221,410049,1,8,2,2,40,3,2,2,41,1,low,0.125,
27222,410050,1,6,2,0,55,2,1,4,41,3,low,0.16666666666666666,
27223,410051,1,3,1,2,45,1,2,2,41,0,low,0.3333333333333333,
27224,410052,1,2,1,0,35,3,2,2,41,0,low,0.5,
27225,410053,1,1,1,0,99,1,1,1,41,0,high,1.0,
27226,410054,1,2,1,0,99,2,1,4,41,2,low,0.5,
27227,410055,1,2,1,0,25,2,1,2,41,0,low,0.5,
27228,410056,1,5,1,0,55,2,5,4,41,0,low,0.2,
27229,410057,1,4,1,2,55,1,1,1,41,0,low,0.25,
27230,410058,1,1,1,0,99,1,4,4,41,0,high,1.0,
27231,410059,1,3,1,1,55,2,5,2,41,0,low,0.3333333333333333,
27232,410060,1,1,3,0,55,1,2,2,41,0,high,1.0,
27233,410061,1,1,3,0,99,9,9,1,41,1,high,1.0,
27234,410062,1,1,3,0,99,1,1,1,41,1,high,1.0,
27235,410063,1,2,3,2,55,1,1,1,41,0,low,0.5,
27236,410064,1,2,3,0,40,1,2,2,41,0,low,0.5,
27237,410065,1,5,2,2,55,1,1,2,41,0,low,0.2,
27238,410066,1,1,3,0,55,2,1,1,41,0,high,1.0,
27239,410067,1,2,3,0,35,2,1,2,41,0,low,0.5,
27240,410068,2,4,3,4,55,1,2,2,41,1,low,0.5,
27241,410069,1,2,3,0,55,3,1,1,41,1,low,0.5,
27242,410070,2,4,3,2,55,1,1,1,41,0,low,0.5,
27243,410071,1,1,3,0,0,3,1,3,41,1,high,1.0,
27244,410072,1,2,3,0,55,1,1,1,41,0,low,0.5,
27245,410073,1,11,3,2,55,1,1,1,41,0,low,0.09090909090909091,
27246,410074,1,1,3,0,65,4,1,1,41,0,high,1.0,
27247,410075,1,2,3,1,45,1,1,1,41,0,low,0.5,
27248,410076,1,2,3,2,55,3,1,2,41,0,low,0.5,
27249,410077,1,1,3,0,55,2,1,1,41,1,high,1.0,
27250,410078,1,2,3,2,55,2,1,2,41,1,low,0.5,
27251,410079,1,3,3,5,40,3,1,1,41,1,low,0.3333333333333333,
27252,410080,1,6,1,0,0,2,1,4,41,6,low,0.16666666666666666,
27253,410081,1,1,3,0,55,1,1,2,41,0,high,1.0,
27254,410082,1,3,4,2,99,1,1,1,41,0,low,0.3333333333333333,
27255,410083,1,3,4,2,35,3,1,1,41,1,low,0.3333333333333333,
27256,410084,1,3,4,0,35,1,1,9,41,0,low,0.3333333333333333,
27257,410085,2,3,4,0,55,9,1,9,41,0,high,0.6666666666666666,
27258,410086,1,1,4,0,55,1,1,1,41,0,high,1.0,
27259,410087,1,1,4,0,99,1,1,1,41,0,high,1.0,
27260,410088,1,2,4,0,45,1,1,1,41,2,low,0.5,
27261,410089,1,1,4,0,55,2,1,2,41,1,high,1.0,
27262,410090,1,1,4,0,45,3,1,1,41,1,high,1.0,
27263,410091,1,1,4,0,55,1,1,1,41,0,high,1.0,
27264,410092,1,2,4,2,55,1,1,1,41,0,low,0.5,
27265,410093,1,1,4,0,55,2,1,2,41,1,high,1.0,
27266,410094,1,1,4,0,55,1,1,1,41,0,high,1.0,