,ST_CASE,FATALS,PERSONS,MONTH,MAN_COLL,SP_LIMIT,LGT_COND,WEATHER,SUR_COND,STATE,DRUNK_DR,rate,rate_numerical,arrival_time
28066,420484,1,1,6,0,35,5,1,1,42,1,high,1.0,
28067,420485,1,4,6,2,30,3,1,1,42,2,low,0.25,
28068,420486,1,1,6,0,35,3,1,1,42,0,high,1.0,
28069,420487,1,2,6,7,25,1,1,1,42,0,low,0.5,
28070,420488,1,4,6,3,55,1,1,1,42,0,low,0.25,
28071,420489,1,3,5,1,35,1,1,1,42,0,low,0.3333333333333333,
28072,420490,1,2,6,2,25,1,1,1,42,0,low,0.5,
28073,420491,1,2,6,4,25,1,1,1,42,0,low,0.5,
28074,420492,1,3,5,0,35,3,1,1,42,0,low,0.3333333333333333,
28075,420493,1,1,5,0,35,3,1,1,42,1,high,1.0,
28076,420494,1,3,5,4,25,1,1,1,42,0,low,0.3333333333333333,
28077,420495,1,1,6,0,55,2,1,1,42,1,high,1.0,
28078,420496,1,1,6,0,25,1,2,2,42,1,high,1.0,
28079,420497,1,1,6,0,35,2,1,2,42,1,high,1.0,
28080,420498,1,4,6,0,40,1,1,1,42,0,low,0.25,
28081,420499,1,2,6,5,55,1,1,1,42,0,low,0.5,
28082,420500,1,5,6,5,45,1,1,1,42,0,low,0.2,
28083,420501,1,8,6,4,45,3,1,1,42,1,low,0.125,
28084,420502,1,2,6,0,25,1,1,1,42,0,low,0.5,
28085,420503,1,2,6,0,25,1,1,1,42,0,low,0.5,
28086,420504,1,2,6,0,45,1,1,1,42,0,low,0.5,
28087,420505,2,3,6,0,55,3,1,1,42,1,high,0.6666666666666666,
28088,420506,1,1,6,0,55,1,1,1,42,0,high,1.0,
28089,420507,1,4,6,0,55,1,1,1,42,0,low,0.25,
28090,420508,1,2,6,4,25,1,1,1,42,0,low,0.5,
28091,420509,1,1,6,0,35,3,1,1,42,1,high,1.0,
28092,420510,1,5,6,0,55,2,1,1,42,0,low,0.2,
28093,420511,1,4,6,0,55,2,2,2,42,1,low,0.25,
28094,420512,3,14,6,1,65,1,1,1,42,1,low,0.21428571428571427,
28095,420513,1,1,6,0,45,1,1,1,42,0,high,1.0,
28096,420514,1,1,6,0,65,2,1,1,42,0,high,1.0,
28097,420515,1,4,6,7,65,1,1,1,42,0,low,0.25,
28098,420516,2,5,6,3,65,1,1,1,42,0,low,0.4,
28099,420517,1,1,6,3,99,1,1,1,42,0,high,1.0,
28100,420518,1,3,6,2,35,3,1,1,42,0,low,0.3333333333333333,
28101,420519,1,3,6,5,35,1,1,1,42,0,low,0.3333333333333333,
28102,420520,3,4,6,0,55,5,1,1,42,3,high,0.75,
28103,420521,1,1,6,0,45,2,1,1,42,1,high,1.0,
28104,420522,1,4,6,0,30,2,2,2,42,4,low,0.25,
28105,420523,1,1,6,0,55,2,1,1,42,1,high,1.0,
28106,420524,1,2,6,0,45,2,1,1,42,1,low,0.5,
28107,420525,1,1,6,0,55,2,9,9,42,1,high,1.0,
28108,420526,1,1,6,0,45,2,1,1,42,1,high,1.0,
28109,420527,1,4,6,5,45,1,1,1,42,0,low,0.25,
28110,420528,1,3,6,5,45,1,1,1,42,0,low,0.3333333333333333,
28111,420529,1,2,6,0,35,1,1,1,42,0,low,0.5,
28112,420530,1,4,6,1,35,1,1,1,42,0,low,0.25,
28113,420531,1,3,6,2,25,1,2,2,42,1,low,0.3333333333333333,
28114,420532,1,1,6,0,45,2,1,1,42,1,high,1.0,
28115,420533,3,15,6,1,50,1,1,1,42,0,low,0.2,
28116,420534,1,1,6,0,45,2,1,1,42,1,high,1.0,
28117,420535,1,2,6,0,25,3,1,1,42,0,low,0.5,
28118,420536,1,6,6,5,55,2,1,1,42,4,low,0.16666666666666666,
28119,420537,1,2,6,2,55,1,1,1,42,0,low,0.5,
28120,420538,1,5,6,5,30,1,1,1,42,0,low,0.2,
28121,420539,1,2,6,0,25,3,1,1,42,1,low,0.5,
28122,420540,1,3,6,5,45,1,1,1,42,0,low,0.3333333333333333,
28123,420541,1,4,6,7,55,2,1,1,42,2,low,0.25,
28124,420542,1,6,6,5,45,1,1,1,42,0,low,0.16666666666666666,
28125,420543,1,3,6,3,40,1,1,1,42,0,low,0.3333333333333333,
28126,420544,1,2,6,0,35,2,1,1,42,0,low,0.5,
28127,420545,1,1,6,0,45,2,1,1,42,0,high,1.0,
28128,420546,1,3,6,0,55,2,1,1,42,0,low,0.3333333333333333,
28129,420547,1,3,6,0,55,1,1,1,42,0,low,0.3333333333333333,
28130,420548,1,3,6,0,55,1,1,1,42,0,low,0.3333333333333333,
28131,420549,1,2,6,0,55,1,1,1,42,0,low,0.5,
28132,420550,1,1,6,0,55,1,1,1,42,0,high,1.0,
28133,420551,1,2,6,0,35,1,1,1,42,0,low,0.5,
28134,420552,1,2,6,0,40,1,1,1,42,0,low,0.5,
28135,420553,1,2,6,0,45,2,1,1,42,1,low,0.5,
28136,420554,1,6,6,2,55,1,1,1,42,0,low,0.16666666666666666,
28137,420555,2,2,6,0,65,2,1,1,42,0,high,1.0,
28138,420556,1,3,6,2,35,1,1,1,42,0,low,0.3333333333333333,
28139,420557,1,2,6,0,45,3,1,2,42,0,low,0.5,
28140,420558,1,18,6,0,65,2,1,1,42,0,low,0.05555555555555555,
28141,420559,1,1,7,0,35,1,2,2,42,0,high,1.0,
28142,420560,1,3,6,5,55,2,1,1,42,0,low,0.3333333333333333,
28143,420561,1,2,7,0,35,1,1,1,42,1,low,0.5,
28144,420562,1,2,6,2,55,1,1,1,42,0,low,0.5,
28145,420563,1,1,6,0,35,1,1,1,42,1,high,1.0,
28146,420564,1,2,6,1,65,1,1,1,42,0,low,0.5,
28147,420565,1,3,7,2,45,3,1,1,42,1,low,0.3333333333333333,
28148,420566,1,3,6,0,40,2,1,1,42,1,low,0.3333333333333333,
28149,420567,1,1,6,0,45,1,1,1,42,0,high,1.0,
28150,420568,1,1,7,0,35,3,1,1,42,0,high,1.0,
28151,420569,1,2,6,0,55,1,1,1,42,0,low,0.5,
28152,420570,1,1,6,0,25,3,1,1,42,1,high,1.0,
28153,420571,1,4,6,0,45,1,1,1,42,1,low,0.25,
28154,420572,1,1,6,0,55,5,2,2,42,1,high,1.0,
28155,420573,1,1,6,0,45,2,1,1,42,0,high,1.0,
28156,420574,1,2,6,0,45,1,1,1,42,1,low,0.5,
28157,420575,1,1,6,0,45,2,1,1,42,1,high,1.0,
28158,420576,1,5,6,5,55,1,1,1,42,0,low,0.2,
28159,420577,1,2,6,0,35,1,1,1,42,0,low,0.5,
28160,420578,1,1,6,0,55,2,1,1,42,1,high,1.0,
28161,420579,1,1,6,0,25,1,1,1,42,0,high,1.0,
28162,420580,1,1,6,0,40,2,1,1,42,1,high,1.0,
28163,420581,1,1,6,0,55,1,1,1,42,1,high,1.0,
28164,420582,1,1,6,0,40,1,1,1,42,0,high,1.0,
28165,420583,1,2,6,0,55,2,1,1,42,2,low,0.5,
28166,420584,1,3,6,0,55,2,1,1,42,0,low,0.3333333333333333,
28167,420585,1,1,6,0,40,3,1,1,42,0,high,1.0,
28168,420586,3,3,6,0,55,2,1,1,42,3,high,1.0,
28169,420587,1,2,6,0,45,3,1,1,42,1,low,0.5,
28170,420588,1,1,6,0,45,2,1,1,42,1,high,1.0,
28171,420589,1,1,6,0,55,1,1,1,42,1,high,1.0,
28172,420590,1,2,6,0,65,1,1,1,42,1,low,0.5,
28173,420591,2,4,6,0,55,1,1,1,42,0,low,0.5,
28174,420592,1,1,6,0,40,1,1,1,42,1,high,1.0,
28175,420593,1,3,6,4,55,1,1,1,42,0,low,0.3333333333333333,
28176,420594,1,1,6,1,55,2,1,1,42,1,high,1.0,
28177,420595,1,4,6,4,40,1,1,1,42,0,low,0.25,
28178,420596,1,5,6,5,45,1,1,1,42,1,low,0.2,
28179,420597,1,2,6,2,45,2,1,1,42,1,low,0.5,
28180,420598,1,2,6,5,55,1,1,1,42,0,low,0.5,
28181,420599,2,9,6,7,65,1,1,1,42,0,low,0.2222222222222222,
28182,420600,1,2,6,4,40,2,1,1,42,0,low,0.5,
28183,420601,1,5,6,5,40,1,1,1,42,1,low,0.2,
28184,420602,1,1,7,0,45,1,1,1,42,1,high,1.0,
28185,420603,1,1,7,0,40,2,1,1,42,1,high,1.0,
28186,420604,1,3,7,0,35,3,1,1,42,0,low,0.3333333333333333,
28187,420605,1,5,7,2,35,1,1,1,42,0,low,0.2,
28188,420606,1,3,7,2,55,2,1,1,42,1,low,0.3333333333333333,
28189,420607,1,2,7,0,30,3,1,1,42,1,low,0.5,
28190,420608,1,2,7,0,25,5,1,1,42,0,low,0.5,
28191,420609,1,2,7,0,40,2,1,1,42,1,low,0.5,
28192,420610,1,1,7,0,30,1,1,1,42,0,high,1.0,
28193,420611,1,2,6,0,40,2,5,1,42,2,low,0.5,
28194,420612,1,1,7,0,55,4,1,1,42,1,high,1.0,
28195,420613,1,3,7,0,35,3,1,1,42,1,low,0.3333333333333333,
28196,420614,1,2,7,5,45,1,1,1,42,1,low,0.5,
28197,420615,1,1,7,0,35,1,1,1,42,0,high,1.0,
28198,420616,1,5,7,0,35,1,1,1,42,0,low,0.2,
28199,420617,1,2,7,0,25,1,1,1,42,0,low,0.5,
28200,420618,1,2,7,0,35,1,2,2,42,0,low,0.5,
28201,420619,1,1,7,0,55,2,1,1,42,1,high,1.0,
28202,420620,1,2,7,0,55,2,1,1,42,2,low,0.5,
28203,420621,1,5,7,4,35,1,1,1,42,0,low,0.2,
28204,420622,1,1,7,0,35,1,2,2,42,0,high,1.0,
28205,420623,1,1,7,0,50,1,1,1,42,1,high,1.0,
28206,420624,1,2,7,0,45,1,1,2,42,0,low,0.5,
28207,420625,1,2,7,5,25,3,1,1,42,1,low,0.5,
28208,420626,1,1,7,0,35,1,1,1,42,0,high,1.0,
28209,420627,1,2,7,0,35,1,1,1,42,2,low,0.5,
28210,420628,1,1,7,0,30,1,1,1,42,0,high,1.0,
28211,420629,1,1,7,0,55,2,1,1,42,1,high,1.0,
28212,420630,1,2,7,4,40,1,1,1,42,0,low,0.5,
28213,420631,1,3,7,5,35,1,1,1,42,0,low,0.3333333333333333,
28214,420632,1,2,7,0,55,1,1,1,42,1,low,0.5,
28215,420633,1,5,7,1,65,2,1,1,42,1,low,0.2,
28216,420634,1,2,7,1,55,1,1,1,42,0,low,0.5,
28217,420635,1,1,7,0,55,1,1,1,42,1,high,1.0,
28218,420636,1,3,7,2,40,1,1,1,42,0,low,0.3333333333333333,
28219,420637,1,3,7,0,55,2,1,1,42,1,low,0.3333333333333333,
28220,420638,1,3,7,0,45,1,1,1,42,0,low,0.3333333333333333,
28221,420639,1,1,7,0,45,1,1,1,42,0,high,1.0,
28222,420640,1,5,7,1,55,1,1,1,42,0,low,0.2,
28223,420641,1,2,7,0,35,3,1,1,42,0,low,0.5,
28224,420642,1,2,7,4,25,1,1,1,42,0,low,0.5,
28225,420643,1,3,7,4,35,1,1,1,42,0,low,0.3333333333333333,
28226,420644,1,1,7,0,25,2,1,1,42,0,high,1.0,
28227,420645,1,1,7,0,55,2,1,1,42,1,high,1.0,
28228,420646,1,1,7,0,40,2,2,2,42,0,high,1.0,
28229,420647,1,1,7,0,99,1,1,1,42,0,high,1.0,
28230,420648,1,2,7,5,40,3,1,1,42,1,low,0.5,
28231,420649,1,3,7,2,55,1,1,1,42,0,low,0.3333333333333333,
28232,420650,1,2,7,1,65,1,1,1,42,0,low,0.5,
28233,420651,1,1,7,0,25,1,1,1,42,0,high,1.0,
28234,420652,1,2,7,2,45,1,1,1,42,0,low,0.5,
28235,420653,1,2,7,5,45,3,1,1,42,1,low,0.5,
28236,420654,1,2,7,0,35,3,1,1,42,2,low,0.5,
28237,420655,1,1,7,0,55,2,1,8,42,1,high,1.0,
28238,420656,1,5,7,4,35,1,1,1,42,0,low,0.2,
28239,420657,1,2,7,4,55,1,1,1,42,0,low,0.5,
28240,420658,1,2,7,5,45,1,1,1,42,0,low,0.5,
28241,420659,1,1,7,7,40,1,1,1,42,0,high,1.0,
28242,420660,1,2,7,3,40,1,1,1,42,0,low,0.5,
28243,420661,1,3,7,4,35,1,1,1,42,0,low,0.3333333333333333,
28244,420662,1,4,7,3,40,1,1,1,42,0,low,0.25,
28245,420663,1,1,7,3,25,1,1,1,42,0,high,1.0,
28246,420664,1,5,7,8,25,1,1,1,42,1,low,0.2,
28247,420665,1,3,7,5,55,1,1,1,42,0,low,0.3333333333333333,
28248,420666,1,2,7,4,45,2,1,1,42,1,low,0.5,
28249,420667,1,4,7,0,55,3,1,1,42,0,low,0.25,
28250,420668,1,4,7,2,55,2,1,1,42,1,low,0.25,
28251,420669,1,2,7,4,55,1,1,1,42,0,low,0.5,
28252,420670,1,3,7,0,45,1,1,1,42,0,low,0.3333333333333333,
28253,420671,1,5,7,4,40,1,1,1,42,0,low,0.2,
28254,420672,1,3,7,7,65,1,1,1,42,1,low,0.3333333333333333,
28255,420673,1,2,7,1,55,4,5,1,42,0,low,0.5,
28256,420674,1,1,7,0,45,1,1,1,42,0,high,1.0,
28257,420675,1,2,7,5,40,1,1,1,42,0,low,0.5,
28258,420676,1,2,7,0,40,3,1,1,42,1,low,0.5,
28259,420677,1,5,7,5,45,1,1,1,42,0,low,0.2,
28260,420678,1,1,7,0,55,1,1,1,42,1,high,1.0,
28261,420679,1,4,7,0,40,2,1,1,42,2,low,0.25,
28262,420680,1,2,7,0,55,2,1,1,42,2,low,0.5,
28263,420681,2,2,7,0,45,2,1,1,42,2,high,1.0,
28264,420682,1,1,7,0,65,1,1,1,42,1,high,1.0,
28265,420683,1,1,7,0,25,3,1,1,42,1,high,1.0,
28266,420684,1,1,7,0,55,1,1,1,42,0,high,1.0,
28267,420685,1,2,7,0,35,2,1,1,42,1,low,0.5,
28268,420686,1,1,7,0,55,2,1,1,42,1,high,1.0,
28269,420687,1,1,7,0,55,1,1,2,42,0,high,1.0,
28270,420688,1,1,7,0,45,2,1,1,42,1,high,1.0,
28271,420689,1,1,8,0,35,1,1,1,42,0,high,1.0,
28272,420690,1,2,8,2,55,2,1,1,42,0,low,0.5,
28273,420691,1,1,8,0,25,1,1,1,42,0,high,1.0,
28274,420692,2,6,8,4,55,1,1,1,42,0,low,0.3333333333333333,
28275,420693,1,3,8,2,55,1,1,1,42,1,low,0.3333333333333333,
28276,420694,1,3,8,5,35,1,1,1,42,1,low,0.3333333333333333,
28277,420695,1,2,8,2,55,1,1,1,42,0,low,0.5,
28278,420696,1,2,8,2,55,1,1,1,42,0,low,0.5,
28279,420697,1,4,8,0,30,3,1,1,42,2,low,0.25,
28280,420698,1,1,5,0,55,2,1,1,42,1,high,1.0,
28281,420699,1,2,8,2,55,2,1,1,42,0,low,0.5,
28282,420700,1,2,8,4,55,1,1,1,42,0,low,0.5,
28283,420701,1,4,8,2,45,1,1,1,42,0,low,0.25,
28284,420702,1,1,8,0,35,3,1,1,42,0,high,1.0,
28285,420703,1,2,8,0,40,1,1,1,42,0,low,0.5,
28286,420705,1,5,8,3,35,3,1,1,42,1,low,0.2,
28287,420706,1,1,8,0,25,2,1,1,42,1,high,1.0,
28288,420707,1,2,8,5,25,3,1,1,42,0,low,0.5,
28289,420708,2,4,8,2,45,3,1,1,42,1,low,0.5,
28290,420709,1,3,8,5,45,1,1,1,42,0,low,0.3333333333333333,
28291,420710,1,1,8,0,45,1,1,1,42,0,high,1.0,
28292,420711,1,2,8,8,45,2,2,2,42,0,low,0.5,
28293,420712,1,4,6,2,45,1,1,1,42,0,low,0.25,
28294,420713,1,2,4,0,99,5,1,1,42,0,low,0.5,
28295,420714,1,3,8,8,55,1,1,1,42,0,low,0.3333333333333333,
28296,420715,1,2,8,4,40,1,1,1,42,1,low,0.5,
28297,420716,1,3,6,4,55,1,1,1,42,0,low,0.3333333333333333,
28298,420717,1,2,8,0,40,2,1,1,42,2,low,0.5,
28299,420718,1,2,8,0,35,3,1,1,42,1,low,0.5,
28300,420719,1,1,6,0,45,2,1,1,42,1,high,1.0,
28301,420720,1,2,8,4,30,2,1,1,42,1,low,0.5,
28302,420721,1,2,8,2,45,1,1,1,42,0,low,0.5,
28303,420722,2,2,6,2,45,1,1,1,42,0,high,1.0,
28304,420723,1,4,7,0,35,3,1,1,42,1,low,0.25,
28305,420724,1,2,8,2,45,1,2,2,42,0,low,0.5,
28306,420725,1,2,8,2,55,1,1,1,42,0,low,0.5,
28307,420726,1,4,7,4,45,1,1,1,42,1,low,0.25,
28308,420727,1,2,8,4,55,1,1,1,42,0,low,0.5,
28309,420728,1,2,7,0,25,1,1,1,42,0,low,0.5,
28310,420729,1,1,8,0,55,1,1,1,42,0,high,1.0,
28311,420730,1,5,7,2,45,1,1,1,42,1,low,0.2,
28312,420731,1,2,8,4,45,1,1,1,42,0,low,0.5,
28313,420732,1,2,8,4,55,1,1,1,42,1,low,0.5,
28314,420733,1,6,7,7,55,4,1,1,42,0,low,0.16666666666666666,
28315,420734,1,1,8,0,50,9,1,1,42,1,high,1.0,
28316,420735,1,2,7,1,55,2,1,1,42,1,low,0.5,
28317,420736,1,2,7,0,45,2,1,1,42,0,low,0.5,
28318,420737,1,1,8,0,40,2,1,1,42,1,high,1.0,
28319,420738,1,4,8,0,35,2,1,1,42,1,low,0.25,
28320,420739,1,9,7,0,65,1,1,1,42,1,low,0.1111111111111111,
28321,420740,1,1,8,0,55,2,1,1,42,1,high,1.0,
28322,420741,2,2,8,0,55,1,1,1,42,0,high,1.0,
28323,420742,1,4,7,5,99,3,1,1,42,0,low,0.25,
28324,420743,1,1,8,0,35,1,1,1,42,1,high,1.0,
28325,420744,1,1,8,0,35,2,2,2,42,0,high,1.0,
28326,420745,1,5,7,0,35,3,1,1,42,0,low,0.2,
28327,420746,1,3,7,7,55,3,1,1,42,0,low,0.3333333333333333,
28328,420747,1,1,7,0,35,3,1,2,42,0,high,1.0,
28329,420748,1,3,7,2,45,1,1,1,42,1,low,0.3333333333333333,
28330,420749,2,4,7,0,25,1,1,1,42,0,low,0.5,
28331,420750,1,3,7,4,45,1,2,2,42,1,low,0.3333333333333333,
28332,420751,1,2,8,0,55,3,1,1,42,1,low,0.5,
28333,420752,1,1,8,0,35,1,1,1,42,1,high,1.0,
28334,420753,2,4,8,5,45,2,1,1,42,0,low,0.5,
28335,420754,1,2,8,2,45,1,1,2,42,0,low,0.5,
28336,420755,1,4,8,2,45,1,1,1,42,0,low,0.25,
28337,420756,1,2,8,5,45,1,1,1,42,1,low,0.5,
28338,420757,1,3,8,1,65,1,1,1,42,0,low,0.3333333333333333,
28339,420758,1,3,8,0,45,2,5,1,42,0,low,0.3333333333333333,
28340,420759,1,2,8,2,55,1,1,1,42,0,low,0.5,
28341,420760,1,3,8,0,25,3,1,1,42,0,low,0.3333333333333333,
28342,420761,1,3,8,1,65,1,2,2,42,0,low,0.3333333333333333,
28343,420762,1,2,8,0,35,2,1,1,42,1,low,0.5,
28344,420763,1,2,8,0,40,1,1,1,42,0,low,0.5,
28345,420764,1,1,4,0,55,1,2,2,42,0,high,1.0,
28346,420765,1,3,8,5,40,4,1,1,42,0,low,0.3333333333333333,
28347,420766,1,3,7,4,55,5,1,1,42,0,low,0.3333333333333333,
28348,420767,2,3,8,4,45,1,1,1,42,0,high,0.6666666666666666,
28349,420768,1,4,7,1,55,1,1,1,42,0,low,0.25,
28350,420769,2,3,8,5,55,1,1,1,42,0,high,0.6666666666666666,
28351,420770,1,3,7,5,35,1,1,1,42,0,low,0.3333333333333333,
28352,420771,1,1,8,0,35,1,1,1,42,0,high,1.0,
28353,420772,1,8,8,3,99,3,1,1,42,0,low,0.125,
28354,420773,1,1,8,0,35,2,2,2,42,1,high,1.0,
28355,420774,1,6,7,0,35,3,1,1,42,0,low,0.16666666666666666,
28356,420775,1,4,8,3,35,1,1,1,42,0,low,0.25,
28357,420776,1,5,7,0,65,3,1,1,42,0,low,0.2,
28358,420777,1,2,8,0,55,2,1,1,42,2,low,0.5,
28359,420778,1,1,8,0,35,2,1,1,42,0,high,1.0,
28360,420779,1,1,7,0,99,1,1,1,42,0,high,1.0,
28361,420780,1,1,8,0,55,2,1,1,42,1,high,1.0,
28362,420781,1,1,7,0,45,3,1,1,42,0,high,1.0,
28363,420782,1,4,8,2,55,1,1,1,42,0,low,0.25,
28364,420783,1,2,7,0,65,1,1,1,42,0,low,0.5,
28365,420784,1,1,7,0,55,1,1,1,42,0,high,1.0,
28366,420785,1,4,8,5,30,1,1,1,42,0,low,0.25,
28367,420786,2,6,8,4,45,1,1,1,42,0,low,0.3333333333333333,
28368,420787,1,2,7,1,65,1,1,1,42,0,low,0.5,
28369,420788,1,1,8,0,45,2,1,1,42,1,high,1.0,
28370,420789,1,4,7,4,35,1,1,1,42,0,low,0.25,
28371,420790,1,5,8,0,50,3,1,1,42,0,low,0.2,
28372,420791,1,1,8,7,55,3,1,1,42,0,high,1.0,
28373,420792,1,3,7,5,45,1,1,1,42,0,low,0.3333333333333333,
28374,420793,1,2,8,4,25,3,1,1,42,1,low,0.5,
28375,420794,1,1,8,0,55,1,1,1,42,0,high,1.0,
28376,420795,1,3,8,4,45,5,1,1,42,0,low,0.3333333333333333,
28377,420796,1,1,8,0,45,2,1,1,42,0,high,1.0,
28378,420797,1,2,8,1,25,2,1,1,42,0,low,0.5,
28379,420798,1,2,8,0,55,1,1,1,42,0,low,0.5,
28380,420799,1,1,8,0,45,2,1,1,42,0,high,1.0,
28381,420800,1,2,8,0,65,2,1,1,42,0,low,0.5,
28382,420801,1,3,8,5,45,1,1,1,42,0,low,0.3333333333333333,
28383,420802,1,1,8,0,65,1,1,2,42,0,high,1.0,
28384,420803,1,2,8,0,55,3,1,1,42,1,low,0.5,
28385,420804,1,3,8,0,55,1,2,2,42,0,low,0.3333333333333333,
28386,420805,1,2,8,0,25,3,1,1,42,0,low,0.5,
28387,420806,1,2,8,5,35,1,1,1,42,0,low,0.5,
28388,420807,1,1,8,0,35,1,1,1,42,1,high,1.0,
28389,420808,1,2,8,0,55,1,1,1,42,0,low,0.5,
28390,420809,1,2,8,0,65,1,1,1,42,1,low,0.5,
28391,420810,1,1,8,0,55,2,5,1,42,1,high,1.0,
28392,420811,1,2,3,0,55,2,2,2,42,1,low,0.5,
28393,420812,1,2,8,0,99,1,1,1,42,0,low,0.5,
28394,420813,1,2,8,4,50,1,1,1,42,0,low,0.5,
28395,420814,1,1,8,0,55,2,1,1,42,0,high,1.0,
28396,420815,2,6,7,1,45,1,1,1,42,1,low,0.3333333333333333,
28397,420816,1,2,8,0,40,5,1,8,42,2,low,0.5,
28398,420817,1,1,8,0,45,2,1,1,42,1,high,1.0,
28399,420818,1,1,8,0,25,3,2,2,42,1,high,1.0,
28400,420819,1,1,8,0,30,1,1,1,42,0,high,1.0,
28401,420820,1,20,7,0,55,4,1,1,42,0,low,0.05,
28402,420821,1,2,8,1,45,3,1,1,42,1,low,0.5,
28403,420822,1,2,7,0,35,3,1,1,42,2,low,0.5,
28404,420823,1,3,8,4,55,1,1,1,42,0,low,0.3333333333333333,
28405,420824,1,1,8,0,40,2,1,1,42,1,high,1.0,
28406,420825,1,2,8,0,25,3,1,1,42,0,low,0.5,
28407,420826,1,1,8,0,25,2,1,1,42,1,high,1.0,
28408,420827,1,2,8,1,55,1,2,2,42,0,low,0.5,
28409,420828,1,1,8,0,40,2,1,1,42,0,high,1.0,
28410,420829,1,3,7,2,0,1,1,1,42,0,low,0.3333333333333333,
28411,420830,1,1,8,0,65,1,1,1,42,0,high,1.0,
28412,420831,1,4,8,0,55,2,1,1,42,1,low,0.25,
28413,420832,1,2,9,0,30,1,1,1,42,0,low,0.5,
28414,420833,1,3,8,4,45,2,1,1,42,2,low,0.3333333333333333,
28415,420834,1,1,9,0,35,1,1,1,42,1,high,1.0,
28416,420835,1,1,9,0,25,3,1,1,42,1,high,1.0,
28417,420836,1,1,9,0,40,1,1,1,42,0,high,1.0,
28418,420837,1,1,9,0,40,1,1,1,42,0,high,1.0,
28419,420838,1,1,9,0,25,3,1,1,42,1,high,1.0,
28420,420839,1,2,9,0,35,2,1,1,42,1,low,0.5,
28421,420840,1,1,9,0,35,1,1,1,42,0,high,1.0,
28422,420841,1,1,9,0,40,1,1,1,42,0,high,1.0,
28423,420842,2,2,9,0,25,2,1,1,42,1,high,1.0,
28424,420843,1,1,9,0,55,2,1,1,42,1,high,1.0,
28425,420844,1,1,9,0,55,2,1,1,42,1,high,1.0,
28426,420845,1,1,9,0,55,1,1,1,42,0,high,1.0,
28427,420846,2,5,9,5,40,3,1,1,42,3,low,0.4,
28428,420847,1,2,9,0,35,2,1,1,42,0,low,0.5,
28429,420848,1,3,9,0,25,1,1,1,42,0,low,0.3333333333333333,
28430,420849,1,2,9,0,15,1,1,1,42,0,low,0.5,
28431,420850,2,5,9,0,40,5,1,1,42,1,low,0.4,
28432,420851,1,1,9,0,45,2,1,1,42,1,high,1.0,
28433,420852,1,2,9,0,45,2,1,1,42,1,low,0.5,
28434,420853,1,2,9,2,25,1,1,1,42,1,low,0.5,
28435,420854,1,3,9,4,55,1,1,1,42,0,low,0.3333333333333333,
28436,420855,1,2,9,4,45,1,1,1,42,0,low,0.5,
28437,420856,1,2,9,4,55,1,1,1,42,0,low,0.5,
28438,420857,1,4,9,0,40,2,2,2,42,0,low,0.25,
28439,420858,1,2,9,0,55,4,1,1,42,1,low,0.5,
28440,420859,1,3,9,5,25,3,1,1,42,1,low,0.3333333333333333,
28441,420860,1,3,9,0,55,2,1,1,42,0,low,0.3333333333333333,
28442,420861,1,3,9,0,50,1,1,1,42,0,low,0.3333333333333333,
28443,420862,1,1,9,0,55,1,1,5,42,1,high,1.0,
28444,420863,1,2,9,5,45,1,1,1,42,0,low,0.5,
28445,420864,1,3,9,5,45,1,1,1,42,0,low,0.3333333333333333,
28446,420865,1,1,9,0,55,2,1,1,42,1,high,1.0,
28447,420866,1,2,9,5,40,1,1,1,42,0,low,0.5,
28448,420867,1,1,9,0,45,2,1,1,42,0,high,1.0,
28449,420868,1,3,9,5,40,2,1,1,42,0,low,0.3333333333333333,
28450,420869,1,1,9,0,40,1,1,1,42,1,high,1.0,
28451,420870,1,2,9,0,25,3,1,1,42,1,low,0.5,
28452,420871,1,2,9,2,55,1,1,1,42,0,low,0.5,
28453,420872,1,2,9,2,65,1,1,1,42,0,low,0.5,
28454,420873,1,2,9,0,35,1,1,1,42,0,low,0.5,
28455,420874,1,1,9,2,35,1,1,1,42,0,high,1.0,
28456,420875,1,3,9,0,35,1,1,1,42,0,low,0.3333333333333333,
28457,420876,1,2,9,4,45,1,1,1,42,0,low,0.5,
28458,420877,1,1,9,0,35,2,1,1,42,1,high,1.0,
28459,420878,1,2,9,0,35,3,1,1,42,0,low,0.5,
28460,420879,1,2,9,0,40,3,1,1,42,0,low,0.5,
28461,420880,1,3,9,0,25,3,1,1,42,2,low,0.3333333333333333,
28462,420881,1,1,9,0,65,1,1,1,42,0,high,1.0,
28463,420882,1,2,9,1,99,3,1,1,42,1,low,0.5,
28464,420883,1,4,9,0,0,1,1,1,42,0,low,0.25,
28465,420884,1,1,9,0,25,3,1,1,42,1,high,1.0,
28466,420885,1,2,9,0,99,3,1,1,42,1,low,0.5,
28467,420886,1,1,9,0,55,2,1,1,42,1,high,1.0,
28468,420887,1,1,9,0,45,1,1,1,42,1,high,1.0,
28469,420888,1,2,9,0,35,2,1,1,42,0,low,0.5,