,ST_CASE,FATALS,PERSONS,MONTH,MAN_COLL,SP_LIMIT,LGT_COND,WEATHER,SUR_COND,STATE,DRUNK_DR,rate,rate_numerical,arrival_time
28470,420889,1,1,9,0,25,2,1,1,42,1,high,1.0,
28471,420890,1,1,9,0,99,2,1,1,42,0,high,1.0,
28472,420891,1,1,9,0,35,2,1,1,42,1,high,1.0,
28473,420892,1,2,9,4,35,1,2,2,42,0,low,0.5,
28474,420893,2,2,9,0,45,2,1,1,42,2,high,1.0,
28475,420894,1,2,9,4,30,1,1,1,42,0,low,0.5,
28476,420895,1,2,9,0,45,2,1,1,42,0,low,0.5,
28477,420896,1,1,9,0,45,1,1,1,42,1,high,1.0,
28478,420897,1,1,9,0,55,2,2,2,42,1,high,1.0,
28479,420898,1,2,9,0,55,2,1,1,42,1,low,0.5,
28480,420899,1,1,9,0,40,1,1,1,42,0,high,1.0,
28481,420900,1,1,9,0,45,1,1,1,42,0,high,1.0,
28482,420901,1,3,9,0,55,2,1,1,42,3,low,0.3333333333333333,
28483,420902,1,2,9,0,65,2,1,1,42,1,low,0.5,
28484,420903,1,1,9,0,50,2,2,2,42,1,high,1.0,
28485,420904,1,2,9,0,25,1,1,1,42,0,low,0.5,
28486,420905,1,1,9,0,35,2,1,1,42,1,high,1.0,
28487,420906,1,2,9,0,55,2,1,1,42,0,low,0.5,
28488,420907,1,2,10,2,55,1,1,2,42,0,low,0.5,
28489,420908,1,3,10,4,40,1,2,2,42,0,low,0.3333333333333333,
28490,420909,1,2,10,5,35,1,1,1,42,0,low,0.5,
28491,420910,1,2,10,5,45,3,5,1,42,0,low,0.5,
28492,420911,1,3,9,2,55,1,1,1,42,0,low,0.3333333333333333,
28493,420912,1,2,9,2,45,1,1,1,42,1,low,0.5,
28494,420913,1,2,9,0,40,2,1,1,42,0,low,0.5,
28495,420914,1,2,9,0,45,5,1,1,42,0,low,0.5,
28496,420915,1,1,9,0,65,4,2,2,42,0,high,1.0,
28497,420916,1,2,9,2,50,1,1,1,42,1,low,0.5,
28498,420917,1,1,9,0,55,2,1,1,42,0,high,1.0,
28499,420918,1,1,9,0,45,2,1,1,42,1,high,1.0,
28500,420919,1,2,9,4,55,1,1,1,42,0,low,0.5,
28501,420920,1,1,9,0,45,1,1,1,42,0,high,1.0,
28502,420921,1,3,9,0,25,1,1,1,42,0,low,0.3333333333333333,
28503,420922,1,2,9,0,25,3,1,1,42,0,low,0.5,
28504,420923,3,4,9,4,55,2,1,2,42,1,high,0.75,
28505,420924,1,3,9,3,35,3,1,1,42,1,low,0.3333333333333333,
28506,420925,1,2,9,2,25,1,1,1,42,0,low,0.5,
28507,420926,1,2,9,1,65,2,1,1,42,0,low,0.5,
28508,420927,1,3,9,3,55,2,1,1,42,1,low,0.3333333333333333,
28509,420928,1,4,9,4,55,1,1,1,42,1,low,0.25,
28510,420929,1,2,9,5,55,1,1,1,42,1,low,0.5,
28511,420930,1,2,9,0,30,1,1,1,42,0,low,0.5,
28512,420931,1,1,9,0,35,1,2,2,42,0,high,1.0,
28513,420932,1,1,9,0,45,1,1,1,42,0,high,1.0,
28514,420933,1,1,9,0,55,4,1,1,42,0,high,1.0,
28515,420934,1,1,9,0,25,2,1,1,42,1,high,1.0,
28516,420935,1,1,9,0,65,1,1,1,42,0,high,1.0,
28517,420936,1,1,9,0,35,4,5,1,42,1,high,1.0,
28518,420937,1,2,9,0,25,3,1,2,42,1,low,0.5,
28519,420938,1,2,9,2,45,2,1,1,42,0,low,0.5,
28520,420939,1,2,9,0,55,3,1,1,42,2,low,0.5,
28521,420940,1,2,10,0,25,2,2,2,42,0,low,0.5,
28522,420941,1,2,10,0,35,2,1,1,42,1,low,0.5,
28523,420942,1,2,10,0,35,1,1,1,42,0,low,0.5,
28524,420943,1,1,10,0,35,2,5,1,42,1,high,1.0,
28525,420944,1,2,10,0,30,1,1,1,42,0,low,0.5,
28526,420945,1,3,10,0,35,1,1,1,42,0,low,0.3333333333333333,
28527,420946,1,2,10,0,35,4,5,2,42,0,low,0.5,
28528,420947,1,2,10,0,35,3,1,1,42,0,low,0.5,
28529,420948,2,2,10,0,55,1,1,1,42,0,high,1.0,
28530,420949,1,1,10,0,35,3,1,1,42,1,high,1.0,
28531,420950,1,3,10,0,55,5,2,2,42,0,low,0.3333333333333333,
28532,420951,1,1,10,0,45,2,1,1,42,1,high,1.0,
28533,420952,1,1,10,0,65,2,1,1,42,0,high,1.0,
28534,420953,1,3,10,2,35,2,1,1,42,1,low,0.3333333333333333,
28535,420954,1,2,10,0,55,3,1,1,42,0,low,0.5,
28536,420955,1,2,10,2,35,1,1,1,42,0,low,0.5,
28537,420956,1,3,10,0,55,3,1,1,42,1,low,0.3333333333333333,
28538,420957,1,2,10,0,55,2,1,2,42,1,low,0.5,
28539,420958,1,6,10,1,55,1,1,1,42,0,low,0.16666666666666666,
28540,420959,1,1,10,0,65,1,1,1,42,0,high,1.0,
28541,420960,1,5,10,0,65,3,2,2,42,0,low,0.2,
28542,420961,1,1,10,0,45,2,1,1,42,1,high,1.0,
28543,420962,1,2,10,0,65,1,1,1,42,0,low,0.5,
28544,420963,1,5,10,4,55,1,5,1,42,0,low,0.2,
28545,420964,1,3,10,4,30,3,1,1,42,1,low,0.3333333333333333,
28546,420965,1,2,10,5,50,3,1,1,42,0,low,0.5,
28547,420966,1,2,10,0,45,1,1,1,42,0,low,0.5,
28548,420967,1,1,10,0,55,2,5,1,42,1,high,1.0,
28549,420968,1,4,10,7,55,2,1,1,42,2,low,0.25,
28550,420969,1,4,10,7,35,3,1,1,42,0,low,0.25,
28551,420970,1,1,10,0,55,2,1,1,42,0,high,1.0,
28552,420971,1,1,10,0,55,2,1,1,42,1,high,1.0,
28553,420972,1,4,10,0,35,1,1,1,42,0,low,0.25,
28554,420973,1,2,10,0,99,3,1,1,42,0,low,0.5,
28555,420974,1,5,10,0,99,3,1,1,42,0,low,0.2,
28556,420975,1,1,10,0,45,2,1,1,42,1,high,1.0,
28557,420976,1,1,10,0,35,2,1,1,42,1,high,1.0,
28558,420977,1,3,10,4,35,2,2,2,42,1,low,0.3333333333333333,
28559,420978,1,1,10,0,55,1,1,1,42,1,high,1.0,
28560,420979,1,2,10,0,40,1,1,1,42,0,low,0.5,
28561,420980,1,2,10,0,65,2,1,1,42,0,low,0.5,
28562,420981,2,3,10,0,55,1,1,1,42,0,high,0.6666666666666666,
28563,420982,1,1,10,0,55,1,1,1,42,0,high,1.0,
28564,420983,1,2,10,0,45,2,2,2,42,0,low,0.5,
28565,420984,1,2,10,0,65,2,1,1,42,0,low,0.5,
28566,420985,1,1,10,0,55,1,1,1,42,0,high,1.0,
28567,420986,1,2,10,0,45,1,1,1,42,2,low,0.5,
28568,420987,1,1,10,0,55,1,1,1,42,1,high,1.0,
28569,420988,1,2,10,0,30,2,1,1,42,1,low,0.5,
28570,420989,2,5,1,1,99,3,1,1,42,1,low,0.4,
28571,420990,1,2,2,0,35,2,1,4,42,1,low,0.5,
28572,420991,1,2,10,5,55,2,1,1,42,2,low,0.5,
28573,420992,1,1,10,0,55,1,1,1,42,0,high,1.0,
28574,420993,1,5,3,0,55,2,1,1,42,0,low,0.2,
28575,420994,1,1,10,0,40,2,1,1,42,0,high,1.0,
28576,420995,1,1,10,0,45,2,1,1,42,0,high,1.0,
28577,420996,2,2,10,0,65,2,2,2,42,0,high,1.0,
28578,420997,1,3,3,5,45,1,1,1,42,0,low,0.3333333333333333,
28579,420998,1,1,10,0,65,2,2,2,42,0,high,1.0,
28580,420999,1,4,3,5,99,3,1,1,42,0,low,0.25,
28581,421000,1,1,10,0,35,2,1,1,42,0,high,1.0,
28582,421001,1,1,10,0,40,2,1,2,42,1,high,1.0,
28583,421002,1,1,10,0,55,1,2,2,42,0,high,1.0,
28584,421003,1,1,10,0,45,2,5,1,42,1,high,1.0,
28585,421004,1,1,4,0,25,3,1,1,42,1,high,1.0,
28586,421005,1,1,10,0,45,2,1,1,42,1,high,1.0,
28587,421006,1,3,4,4,45,1,1,1,42,0,low,0.3333333333333333,
28588,421007,1,1,10,0,45,2,1,1,42,0,high,1.0,
28589,421008,1,1,5,0,40,1,1,1,42,0,high,1.0,
28590,421009,2,2,10,0,35,2,1,1,42,2,high,1.0,
28591,421010,1,1,5,1,99,1,1,1,42,0,high,1.0,
28592,421011,1,2,10,2,35,1,1,1,42,0,low,0.5,
28593,421012,1,2,5,4,99,3,1,1,42,0,low,0.5,
28594,421013,1,1,5,0,45,5,1,1,42,1,high,1.0,
28595,421014,1,2,10,4,45,1,1,1,42,0,low,0.5,
28596,421015,2,2,10,2,25,3,1,1,42,0,high,1.0,
28597,421016,1,2,5,4,25,1,1,1,42,0,low,0.5,
28598,421017,1,2,5,0,35,1,2,2,42,0,low,0.5,
28599,421018,1,3,5,1,40,2,1,1,42,1,low,0.3333333333333333,
28600,421019,1,3,6,5,25,1,1,1,42,1,low,0.3333333333333333,
28601,421020,1,1,6,0,45,2,1,1,42,1,high,1.0,
28602,421021,1,1,6,0,35,1,2,2,42,0,high,1.0,
28603,421022,1,3,6,2,25,3,1,1,42,1,low,0.3333333333333333,
28604,421023,1,2,6,5,45,1,1,1,42,0,low,0.5,
28605,421024,1,1,6,1,99,2,1,1,42,0,high,1.0,
28606,421025,1,1,6,0,45,2,1,1,42,0,high,1.0,
28607,421026,1,2,6,0,99,1,1,1,42,0,low,0.5,
28608,421027,1,3,6,4,35,1,1,1,42,1,low,0.3333333333333333,
28609,421028,1,2,10,0,99,3,2,2,42,1,low,0.5,
28610,421029,2,2,10,0,25,3,1,1,42,1,high,1.0,
28611,421030,1,5,10,0,45,3,2,2,42,0,low,0.2,
28612,421031,1,2,10,5,45,1,2,2,42,0,low,0.5,
28613,421032,1,2,10,5,30,1,1,1,42,0,low,0.5,
28614,421033,1,2,10,5,35,3,2,2,42,1,low,0.5,
28615,421034,1,3,10,1,55,2,1,1,42,2,low,0.3333333333333333,
28616,421035,1,2,10,5,35,2,1,1,42,0,low,0.5,
28617,421036,1,2,10,0,25,1,1,1,42,0,low,0.5,
28618,421037,1,2,10,5,30,3,1,1,42,0,low,0.5,
28619,421038,1,3,10,5,99,1,1,1,42,0,low,0.3333333333333333,
28620,421039,1,4,10,5,65,1,2,2,42,0,low,0.25,
28621,421040,1,3,10,5,55,3,1,1,42,2,low,0.3333333333333333,
28622,421041,2,4,4,8,45,2,4,3,42,0,low,0.5,
28623,421042,1,7,10,5,25,1,1,1,42,0,low,0.14285714285714285,
28624,421043,1,2,10,2,55,2,1,1,42,0,low,0.5,
28625,421044,1,1,5,0,55,3,1,1,42,1,high,1.0,
28626,421045,1,3,10,2,35,2,1,2,42,1,low,0.3333333333333333,
28627,421046,1,1,10,0,65,2,1,1,42,0,high,1.0,
28628,421047,1,3,10,3,40,1,1,1,42,0,low,0.3333333333333333,
28629,421048,1,3,10,4,45,3,1,1,42,2,low,0.3333333333333333,
28630,421049,1,2,10,1,65,1,1,1,42,0,low,0.5,
28631,421050,1,2,10,4,45,1,2,2,42,0,low,0.5,
28632,421051,1,2,10,0,45,2,1,1,42,0,low,0.5,
28633,421052,1,2,10,4,55,1,2,2,42,0,low,0.5,
28634,421053,1,2,10,4,35,2,1,1,42,0,low,0.5,
28635,421054,1,2,10,0,40,5,1,1,42,0,low,0.5,
28636,421055,1,2,10,4,35,3,1,1,42,1,low,0.5,
28637,421056,1,4,5,0,55,5,1,1,42,4,low,0.25,
28638,421057,1,2,5,0,45,1,1,1,42,0,low,0.5,
28639,421058,1,2,5,0,35,2,1,1,42,0,low,0.5,
28640,421059,1,2,5,0,45,3,1,1,42,0,low,0.5,
28641,421060,1,4,5,0,40,1,1,1,42,0,low,0.25,
28642,421061,1,3,10,0,65,1,2,2,42,2,low,0.3333333333333333,
28643,421062,1,2,10,0,40,1,1,1,42,0,low,0.5,
28644,421063,1,3,10,0,35,3,1,1,42,1,low,0.3333333333333333,
28645,421064,1,2,10,0,45,1,2,2,42,0,low,0.5,
28646,421065,1,1,10,0,35,2,1,1,42,0,high,1.0,
28647,421066,1,2,10,0,45,1,1,1,42,2,low,0.5,
28648,421067,1,3,10,1,55,1,1,1,42,1,low,0.3333333333333333,
28649,421068,2,3,10,5,25,1,1,1,42,0,high,0.6666666666666666,
28650,421069,1,4,10,2,40,2,1,1,42,1,low,0.25,
28651,421070,1,3,10,5,35,1,2,2,42,0,low,0.3333333333333333,
28652,421071,1,2,10,0,25,1,1,1,42,0,low,0.5,
28653,421072,1,2,10,5,55,2,5,2,42,0,low,0.5,
28654,421073,1,2,6,4,35,3,1,1,42,1,low,0.5,
28655,421074,1,2,10,4,55,2,1,1,42,0,low,0.5,
28656,421075,1,4,10,8,40,1,1,1,42,0,low,0.25,
28657,421076,1,1,10,0,65,3,1,1,42,1,high,1.0,
28658,421077,1,1,6,0,65,1,1,1,42,0,high,1.0,
28659,421078,1,4,10,0,65,2,1,1,42,0,low,0.25,
28660,421079,1,1,11,0,45,2,1,1,42,1,high,1.0,
28661,421080,1,2,11,0,30,1,1,1,42,0,low,0.5,
28662,421081,1,5,11,0,45,2,1,1,42,0,low,0.2,
28663,421082,1,5,11,2,35,2,1,1,42,1,low,0.2,
28664,421083,1,1,11,0,45,2,1,1,42,1,high,1.0,
28665,421084,1,1,11,0,25,1,1,1,42,0,high,1.0,
28666,421085,1,1,11,0,55,1,1,1,42,0,high,1.0,
28667,421086,1,2,10,0,45,2,1,1,42,0,low,0.5,
28668,421087,1,1,11,0,45,2,1,1,42,0,high,1.0,
28669,421088,1,1,11,0,35,1,1,1,42,0,high,1.0,
28670,421089,1,1,7,0,45,1,1,1,42,0,high,1.0,
28671,421090,1,1,11,0,35,3,1,1,42,0,high,1.0,
28672,421091,1,4,7,0,65,2,1,1,42,0,low,0.25,
28673,421092,1,3,11,2,45,1,2,2,42,0,low,0.3333333333333333,
28674,421093,1,5,7,1,25,1,1,1,42,0,low,0.2,
28675,421094,1,7,11,5,25,1,5,2,42,0,low,0.14285714285714285,
28676,421095,1,5,7,5,35,5,1,1,42,0,low,0.2,
28677,421096,1,2,11,5,40,1,1,1,42,0,low,0.5,
28678,421097,1,5,11,2,55,2,1,1,42,0,low,0.2,
28679,421098,1,1,11,3,25,3,2,2,42,1,high,1.0,
28680,421099,3,3,11,2,35,2,1,1,42,1,high,1.0,
28681,421100,1,2,11,7,40,1,1,1,42,1,low,0.5,
28682,421101,1,2,7,0,40,1,1,1,42,0,low,0.5,
28683,421102,1,2,7,5,35,1,1,1,42,0,low,0.5,
28684,421103,1,1,7,0,40,2,1,1,42,1,high,1.0,
28685,421104,1,1,7,0,40,2,1,1,42,1,high,1.0,
28686,421105,1,2,7,8,35,1,1,1,42,0,low,0.5,
28687,421106,1,1,7,0,45,4,1,1,42,0,high,1.0,
28688,421107,1,3,8,5,35,1,1,1,42,0,low,0.3333333333333333,
28689,421108,1,2,8,0,35,2,1,1,42,1,low,0.5,
28690,421109,1,2,8,4,45,1,1,1,42,0,low,0.5,
28691,421110,1,2,8,0,35,3,1,1,42,1,low,0.5,
28692,421111,1,5,8,2,40,1,1,1,42,1,low,0.2,
28693,421112,1,9,8,5,45,1,1,1,42,0,low,0.1111111111111111,
28694,421113,1,2,8,0,65,1,1,1,42,0,low,0.5,
28695,421114,1,3,8,5,35,1,1,1,42,1,low,0.3333333333333333,
28696,421115,2,5,9,0,40,2,2,2,42,0,low,0.4,
28697,421116,1,2,9,0,65,1,1,1,42,0,low,0.5,
28698,421117,1,1,1,0,35,2,1,1,42,1,high,1.0,
28699,421118,1,2,1,0,35,2,4,3,42,2,low,0.5,
28700,421119,1,1,11,0,55,1,1,1,42,0,high,1.0,
28701,421120,1,1,11,0,45,1,2,2,42,0,high,1.0,
28702,421121,1,4,11,5,35,2,2,2,42,1,low,0.25,
28703,421122,1,3,11,5,30,1,2,2,42,0,low,0.3333333333333333,
28704,421123,1,2,11,5,45,1,1,1,42,0,low,0.5,
28705,421124,1,2,11,5,45,1,1,1,42,0,low,0.5,
28706,421125,1,3,11,5,40,1,1,1,42,1,low,0.3333333333333333,
28707,421126,1,2,11,2,35,3,1,1,42,1,low,0.5,
28708,421127,1,3,11,0,25,2,1,2,42,3,low,0.3333333333333333,
28709,421128,1,7,1,1,40,3,1,1,42,0,low,0.14285714285714285,
28710,421129,1,2,11,0,45,2,1,1,42,1,low,0.5,
28711,421130,1,2,11,5,45,1,1,2,42,0,low,0.5,
28712,421131,1,3,11,0,45,3,1,1,42,1,low,0.3333333333333333,
28713,421132,1,2,1,0,25,3,1,1,42,0,low,0.5,
28714,421133,1,3,11,1,65,1,1,1,42,0,low,0.3333333333333333,
28715,421134,1,2,11,0,99,3,1,1,42,0,low,0.5,
28716,421135,1,7,11,0,55,2,1,1,42,2,low,0.14285714285714285,
28717,421136,1,4,11,1,65,2,1,2,42,0,low,0.25,
28718,421137,1,2,11,2,45,5,1,1,42,0,low,0.5,
28719,421138,1,2,11,5,55,2,4,4,42,1,low,0.5,
28720,421139,1,3,11,4,55,2,1,1,42,0,low,0.3333333333333333,
28721,421140,1,2,1,0,45,1,1,1,42,2,low,0.5,
28722,421141,1,2,11,8,45,1,1,1,42,0,low,0.5,
28723,421142,3,7,11,5,40,1,1,1,42,3,low,0.42857142857142855,
28724,421143,1,2,11,0,35,3,2,2,42,0,low,0.5,
28725,421144,1,2,11,5,45,3,1,1,42,2,low,0.5,
28726,421145,1,2,2,2,45,1,1,1,42,0,low,0.5,
28727,421146,1,2,11,0,35,3,1,1,42,0,low,0.5,
28728,421147,1,1,11,0,99,3,1,1,42,1,high,1.0,
28729,421148,1,2,2,5,55,1,1,1,42,0,low,0.5,
28730,421149,2,2,11,0,40,1,1,1,42,2,high,1.0,
28731,421150,1,3,2,1,40,3,1,1,42,0,low,0.3333333333333333,
28732,421151,1,3,3,0,35,2,1,1,42,1,low,0.3333333333333333,
28733,421152,1,5,3,4,45,1,3,3,42,0,low,0.2,
28734,421153,1,1,4,0,45,1,1,1,42,0,high,1.0,
28735,421154,1,1,11,0,35,2,1,1,42,0,high,1.0,
28736,421155,1,1,11,0,40,2,4,3,42,0,high,1.0,
28737,421156,1,4,4,5,25,1,1,2,42,0,low,0.25,
28738,421157,1,1,11,0,45,4,1,2,42,0,high,1.0,
28739,421158,1,1,11,0,55,1,1,1,42,1,high,1.0,
28740,421159,1,1,11,0,45,2,1,1,42,1,high,1.0,
28741,421160,1,4,4,1,65,2,1,1,42,0,low,0.25,
28742,421161,1,1,5,0,55,2,1,1,42,1,high,1.0,
28743,421162,1,2,1,0,30,3,1,1,42,1,low,0.5,
28744,421163,1,2,4,0,25,1,1,1,42,0,low,0.5,
28745,421164,1,2,11,0,55,2,4,3,42,2,low,0.5,
28746,421165,1,3,11,4,55,1,1,1,42,0,low,0.3333333333333333,
28747,421166,2,3,11,2,55,1,1,1,42,0,high,0.6666666666666666,
28748,421167,1,2,11,4,45,1,2,2,42,0,low,0.5,
28749,421168,1,2,11,0,45,4,1,1,42,1,low,0.5,
28750,421169,1,2,10,5,40,1,1,1,42,1,low,0.5,
28751,421170,1,7,10,1,45,2,1,1,42,1,low,0.14285714285714285,
28752,421171,2,6,10,4,40,1,2,2,42,0,low,0.3333333333333333,
28753,421172,3,4,11,4,55,1,1,1,42,0,high,0.75,
28754,421173,1,1,11,0,55,1,1,1,42,0,high,1.0,
28755,421174,1,2,11,0,45,1,4,3,42,0,low,0.5,
28756,421175,1,3,11,0,55,2,1,1,42,3,low,0.3333333333333333,
28757,421176,1,2,12,2,55,1,1,1,42,0,low,0.5,
28758,421177,1,4,12,4,45,2,2,2,42,0,low,0.25,
28759,421178,2,3,12,5,35,1,1,1,42,0,high,0.6666666666666666,
28760,421179,1,3,12,7,50,5,1,1,42,0,low,0.3333333333333333,
28761,421180,1,4,12,5,45,1,4,3,42,0,low,0.25,
28762,421181,1,2,12,5,40,1,4,3,42,0,low,0.5,
28763,421182,1,4,4,0,45,2,8,2,42,0,low,0.25,
28764,421183,1,2,5,4,55,1,1,1,42,0,low,0.5,
28765,421184,1,3,5,5,55,1,1,1,42,0,low,0.3333333333333333,
28766,421185,1,2,5,0,40,2,1,1,42,0,low,0.5,
28767,421186,1,5,12,1,45,1,1,1,42,0,low,0.2,
28768,421187,1,2,12,8,55,1,2,2,42,0,low,0.5,
28769,421188,1,4,10,0,45,2,1,1,42,0,low,0.25,
28770,421189,1,3,11,0,40,2,1,1,42,3,low,0.3333333333333333,
28771,421190,1,3,11,0,35,2,1,2,42,0,low,0.3333333333333333,
28772,421191,1,3,11,0,65,1,1,1,42,0,low,0.3333333333333333,
28773,421192,1,2,12,5,55,1,3,3,42,0,low,0.5,
28774,421193,2,4,5,2,45,1,1,1,42,0,low,0.5,
28775,421194,1,3,5,7,45,2,1,1,42,0,low,0.3333333333333333,
28776,421195,1,2,12,4,35,1,1,1,42,0,low,0.5,
28777,421196,1,2,11,0,55,1,1,1,42,1,low,0.5,
28778,421197,1,2,11,0,45,5,1,1,42,0,low,0.5,
28779,421198,1,2,12,5,45,1,1,1,42,0,low,0.5,
28780,421199,1,3,11,0,40,3,1,1,42,0,low,0.3333333333333333,
28781,421200,1,1,11,0,40,1,2,2,42,0,high,1.0,
28782,421201,1,1,11,0,55,1,1,1,42,1,high,1.0,
28783,421202,1,4,12,4,45,4,1,2,42,0,low,0.25,
28784,421203,1,3,12,5,45,2,1,1,42,1,low,0.3333333333333333,
28785,421204,1,3,12,2,45,1,1,1,42,0,low,0.3333333333333333,
28786,421205,1,2,12,5,55,2,1,2,42,1,low,0.5,
28787,421206,1,4,12,5,55,1,4,3,42,0,low,0.25,
28788,421207,1,2,12,5,65,1,4,3,42,0,low,0.5,
28789,421208,1,4,12,5,45,3,1,2,42,0,low,0.25,
28790,421209,1,2,12,5,50,3,1,1,42,0,low,0.5,
28791,421210,1,2,12,5,45,2,1,1,42,0,low,0.5,
28792,421211,1,2,12,4,45,4,4,3,42,1,low,0.5,
28793,421212,1,3,12,0,65,1,4,3,42,0,low,0.3333333333333333,
28794,421213,1,3,12,5,55,1,4,3,42,0,low,0.3333333333333333,
28795,421214,1,2,11,0,55,1,1,1,42,0,low,0.5,
28796,421215,1,7,11,8,65,1,1,1,42,0,low,0.14285714285714285,
28797,421216,1,1,11,0,45,2,1,1,42,1,high,1.0,
28798,421217,1,1,11,0,35,1,1,1,42,0,high,1.0,
28799,421218,1,1,11,0,40,5,1,1,42,1,high,1.0,
28800,421219,1,1,11,0,55,2,2,2,42,0,high,1.0,
28801,421220,1,1,11,0,45,2,1,1,42,0,high,1.0,
28802,421221,1,3,12,1,65,2,1,1,42,0,low,0.3333333333333333,
28803,421222,1,3,12,8,55,1,4,2,42,0,low,0.3333333333333333,
28804,421223,2,2,11,0,55,2,1,1,42,2,high,1.0,
28805,421224,1,1,11,0,35,3,1,1,42,0,high,1.0,
28806,421225,1,2,12,5,45,1,1,3,42,0,low,0.5,
28807,421226,1,5,12,4,55,1,1,1,42,0,low,0.2,
28808,421227,2,4,12,2,55,1,1,1,42,0,low,0.5,
28809,421228,1,2,12,5,55,5,1,1,42,0,low,0.5,
28810,421229,1,2,11,0,45,3,1,1,42,0,low,0.5,
28811,421230,1,1,11,0,45,2,1,1,42,1,high,1.0,
28812,421231,1,1,11,0,40,5,1,1,42,0,high,1.0,
28813,421232,1,1,11,0,15,1,1,1,42,1,high,1.0,
28814,421233,1,2,11,0,35,3,1,1,42,1,low,0.5,
28815,421234,1,1,11,0,25,1,1,1,42,0,high,1.0,
28816,421235,1,3,12,5,45,2,1,1,42,0,low,0.3333333333333333,
28817,421236,1,1,12,0,40,2,2,4,42,0,high,1.0,
28818,421237,1,1,5,0,35,2,1,1,42,1,high,1.0,
28819,421238,1,1,5,0,55,1,1,1,42,0,high,1.0,
28820,421239,1,2,5,0,55,2,1,1,42,0,low,0.5,
28821,421240,1,2,5,0,55,1,1,1,42,0,low,0.5,
28822,421241,1,4,11,0,40,3,1,1,42,1,low,0.25,
28823,421242,1,1,7,0,35,2,1,1,42,1,high,1.0,
28824,421243,1,5,11,8,55,2,4,2,42,0,low,0.2,
28825,421244,1,1,7,0,45,1,1,1,42,0,high,1.0,
28826,421245,1,2,12,0,40,3,1,1,42,1,low,0.5,
28827,421246,1,1,12,0,25,1,1,4,42,0,high,1.0,
28828,421247,1,3,12,0,35,2,1,1,42,1,low,0.3333333333333333,
28829,421248,1,3,7,2,35,1,1,1,42,0,low,0.3333333333333333,
28830,421249,1,3,8,0,65,1,2,2,42,0,low,0.3333333333333333,
28831,421250,1,3,9,0,55,2,1,1,42,3,low,0.3333333333333333,
28832,421251,2,4,12,0,55,2,4,2,42,4,low,0.5,
28833,421252,1,1,12,0,55,2,4,3,42,1,high,1.0,
28834,421253,1,1,12,0,35,3,2,2,42,1,high,1.0,
28835,421254,1,1,12,0,35,3,3,4,42,1,high,1.0,
28836,421255,1,2,12,0,45,3,2,2,42,0,low,0.5,
28837,421256,1,1,12,0,35,3,8,6,42,0,high,1.0,
28838,421257,1,1,12,0,55,1,1,1,42,0,high,1.0,
28839,421258,1,2,12,0,0,2,1,1,42,0,low,0.5,
28840,421259,1,3,6,2,45,2,1,1,42,0,low,0.3333333333333333,
28841,421260,1,3,6,4,40,1,2,2,42,0,low,0.3333333333333333,
28842,421261,1,2,6,2,35,1,1,1,42,1,low,0.5,
28843,421262,1,1,7,0,55,1,1,1,42,0,high,1.0,
28844,421263,1,2,12,0,25,2,5,2,42,0,low,0.5,
28845,421264,1,3,11,1,55,1,1,1,42,0,low,0.3333333333333333,
28846,421265,1,1,12,0,35,3,1,4,42,1,high,1.0,
28847,421266,1,1,11,0,25,1,2,2,42,0,high,1.0,
28848,421267,1,2,11,0,35,1,1,1,42,1,low,0.5,
28849,421268,1,3,10,5,55,1,2,2,42,0,low,0.3333333333333333,
28850,421269,1,5,10,5,45,1,1,1,42,0,low,0.2,
28851,421270,1,2,11,0,65,2,1,1,42,0,low,0.5,
28852,421271,1,5,6,5,55,1,1,1,42,1,low,0.2,
28853,421272,1,1,9,0,55,2,1,1,42,1,high,1.0,
28854,421273,1,3,9,5,45,2,5,1,42,0,low,0.3333333333333333,
28855,421274,1,1,12,0,55,2,1,1,42,1,high,1.0,
28856,421275,1,2,12,0,55,2,4,3,42,0,low,0.5,
28857,421276,1,4,9,0,35,1,1,1,42,0,low,0.25,
28858,421277,1,2,12,0,35,2,1,1,42,0,low,0.5,
28859,421278,1,2,12,0,25,3,2,2,42,0,low,0.5,
28860,421279,1,3,11,2,55,1,1,1,42,0,low,0.3333333333333333,
28861,421280,1,2,12,0,65,1,3,3,42,0,low,0.5,
28862,421281,1,3,9,5,25,3,1,1,42,1,low,0.3333333333333333,
28863,421282,1,1,12,0,99,3,2,2,42,0,high,1.0,
28864,421283,1,2,12,0,25,3,1,1,42,0,low,0.5,
28865,421284,1,1,12,0,40,2,1,1,42,1,high,1.0,
28866,421285,1,1,10,0,55,2,9,8,42,1,high,1.0,