,ST_CASE,FATALS,PERSONS,MONTH,MAN_COLL,SP_LIMIT,LGT_COND,WEATHER,SUR_COND,STATE,DRUNK_DR,rate,rate_numerical,arrival_time
28867,421286,1,1,12,0,65,2,4,3,42,0,high,1.0,
28868,421287,1,8,11,7,40,2,1,1,42,0,low,0.125,
28869,421288,1,3,9,0,40,2,1,1,42,1,low,0.3333333333333333,
28870,421289,1,2,9,4,35,1,1,1,42,0,low,0.5,
28871,421290,1,1,12,0,40,5,1,1,42,1,high,1.0,
28872,421291,1,2,12,0,45,2,1,1,42,0,low,0.5,
28873,421292,1,2,12,0,40,2,2,2,42,2,low,0.5,
28874,421293,1,4,12,5,35,1,2,2,42,0,low,0.25,
28875,421294,1,2,9,0,55,2,1,1,42,1,low,0.5,
28876,421295,1,1,12,0,99,3,1,1,42,1,high,1.0,
28877,421296,1,5,9,4,25,3,1,1,42,0,low,0.2,
28878,421297,1,5,12,5,35,1,2,2,42,0,low,0.2,
28879,421298,1,4,9,8,35,2,1,1,42,1,low,0.25,
28880,421299,1,1,12,0,25,3,1,1,42,1,high,1.0,
28881,421300,1,1,9,0,99,3,1,1,42,1,high,1.0,
28882,421301,1,7,12,2,35,1,1,1,42,0,low,0.14285714285714285,
28883,421302,1,4,9,4,35,1,1,1,42,0,low,0.25,
28884,421303,1,1,9,0,35,5,1,1,42,1,high,1.0,
28885,421304,1,1,9,0,55,3,1,1,42,0,high,1.0,
28886,421305,1,2,12,0,50,3,1,1,42,0,low,0.5,
28887,421306,1,1,12,0,35,4,1,2,42,1,high,1.0,
28888,421307,1,1,12,0,55,1,2,2,42,0,high,1.0,
28889,421308,1,1,12,0,45,2,1,1,42,0,high,1.0,
28890,421309,1,3,12,5,35,1,1,1,42,0,low,0.3333333333333333,
28891,421310,1,4,9,1,50,1,1,1,42,0,low,0.25,
28892,421311,1,5,10,7,55,2,1,1,42,0,low,0.2,
28893,421312,1,4,11,4,45,1,1,1,42,0,low,0.25,
28894,421313,1,2,10,5,45,2,1,1,42,0,low,0.5,
28895,421314,1,6,11,5,45,2,2,2,42,1,low,0.16666666666666666,
28896,421315,2,9,11,1,45,3,1,1,42,0,low,0.2222222222222222,
28897,421316,1,8,12,8,55,2,1,1,42,1,low,0.125,
28898,421317,2,8,12,1,40,1,1,1,42,0,low,0.25,
28899,421318,1,3,12,2,55,2,1,1,42,0,low,0.3333333333333333,
28900,421319,1,1,12,0,35,3,1,1,42,1,high,1.0,
28901,421320,1,1,12,0,45,1,1,1,42,0,high,1.0,
28902,421321,1,2,9,1,40,2,1,1,42,1,low,0.5,
28903,421322,1,2,10,5,40,2,1,1,42,0,low,0.5,
28904,421323,2,2,12,0,55,3,1,1,42,0,high,1.0,
28905,421324,1,2,12,0,30,3,4,3,42,0,low,0.5,
28906,421325,1,1,12,0,55,2,2,4,42,0,high,1.0,
28907,421326,2,2,12,0,40,3,1,1,42,0,high,1.0,
28908,421327,1,3,12,0,30,3,1,1,42,2,low,0.3333333333333333,
28909,421328,1,3,9,5,40,1,1,1,42,1,low,0.3333333333333333,
28910,421329,1,1,12,0,35,2,1,1,42,1,high,1.0,
28911,421330,1,3,12,0,40,2,1,1,42,1,low,0.3333333333333333,
28912,421331,1,3,10,5,45,1,1,1,42,0,low,0.3333333333333333,
28913,421332,1,1,12,0,55,2,1,1,42,1,high,1.0,
28914,421333,1,2,12,0,25,1,1,1,42,0,low,0.5,
28915,421334,1,1,12,0,35,2,1,1,42,1,high,1.0,
28916,421335,1,7,12,2,99,1,1,1,42,1,low,0.14285714285714285,
28917,421336,1,2,12,3,65,2,4,3,42,0,low,0.5,
28918,421337,1,1,8,0,35,1,1,1,42,0,high,1.0,
28919,421338,1,3,10,2,40,3,1,1,42,1,low,0.3333333333333333,
28920,421339,1,1,12,0,45,1,1,1,42,0,high,1.0,
28921,421340,1,1,10,99,35,1,1,1,42,1,high,1.0,
28922,421341,1,2,8,0,25,1,1,1,42,0,low,0.5,
28923,421342,1,1,9,0,25,1,1,1,42,0,high,1.0,
28924,421343,1,5,10,1,40,2,1,1,42,0,low,0.2,
28925,421344,1,4,10,4,45,1,2,2,42,0,low,0.25,
28926,421345,1,2,11,2,65,2,1,1,42,1,low,0.5,
28927,421346,2,3,9,0,45,1,1,1,42,0,high,0.6666666666666666,
28928,421347,1,1,9,0,25,2,1,1,42,1,high,1.0,
28929,421348,1,3,11,8,55,2,2,2,42,1,low,0.3333333333333333,
28930,421349,1,2,12,3,35,2,1,1,42,1,low,0.5,
28931,421350,1,1,10,0,40,1,1,1,42,1,high,1.0,
28932,421351,1,3,9,0,45,1,1,1,42,2,low,0.3333333333333333,
28933,421352,1,4,12,0,45,1,2,2,42,0,low,0.25,
28934,421353,1,1,10,0,35,3,5,2,42,0,high,1.0,
28935,421354,1,2,12,0,55,2,1,2,42,1,low,0.5,
28936,421355,1,6,11,3,55,1,1,1,42,0,low,0.16666666666666666,
28937,421356,1,3,12,0,40,3,1,1,42,2,low,0.3333333333333333,
28938,421357,1,1,12,0,55,2,1,1,42,1,high,1.0,
28939,421358,1,4,12,4,35,1,3,2,42,0,low,0.25,
28940,421359,1,1,10,0,45,2,1,1,42,1,high,1.0,
28941,421360,1,1,11,0,35,2,1,1,42,1,high,1.0,
28942,421361,1,1,11,0,45,2,1,1,42,1,high,1.0,
28943,421362,1,1,12,0,55,2,2,2,42,0,high,1.0,
28944,421363,1,1,12,0,50,1,1,2,42,0,high,1.0,
28945,421364,1,2,9,0,50,2,1,1,42,0,low,0.5,
28946,421365,1,1,10,0,45,2,5,1,42,0,high,1.0,
28947,421366,1,3,11,5,50,3,2,2,42,0,low,0.3333333333333333,
28948,421367,1,4,12,7,55,1,2,2,42,0,low,0.25,
28949,421368,1,4,12,5,45,1,1,2,42,1,low,0.25,
28950,421369,2,4,12,2,55,2,1,1,42,1,low,0.5,
28951,421370,1,2,12,1,35,2,1,2,42,2,low,0.5,
28952,421371,1,5,12,4,45,2,1,1,42,0,low,0.2,
28953,421372,1,5,12,4,40,2,5,4,42,0,low,0.2,
28954,421373,1,2,9,4,45,1,1,1,42,0,low,0.5,
28955,421374,2,6,12,4,45,2,3,3,42,0,low,0.3333333333333333,
28956,421375,1,2,9,1,45,1,1,1,42,0,low,0.5,
28957,421376,1,1,1,0,25,3,1,1,42,1,high,1.0,
28958,421377,1,3,10,0,55,1,1,1,42,1,low,0.3333333333333333,
28959,421378,1,2,10,2,40,1,1,1,42,0,low,0.5,
28960,421379,1,2,10,1,45,3,1,1,42,1,low,0.5,
28961,421380,1,2,11,7,35,1,1,1,42,0,low,0.5,
28962,421381,2,2,11,0,55,2,1,1,42,2,high,1.0,
28963,421382,1,6,11,2,40,3,2,2,42,2,low,0.16666666666666666,
28964,421383,1,5,11,5,55,3,1,1,42,0,low,0.2,
28965,421384,2,3,11,5,55,1,1,1,42,0,high,0.6666666666666666,
28966,421385,1,4,11,4,55,2,4,3,42,0,low,0.25,
28967,421386,2,35,5,0,65,2,2,2,42,0,low,0.05714285714285714,
28968,421387,1,32,1,1,65,1,4,3,42,0,low,0.03125,
28969,421388,1,1,12,0,45,2,1,2,42,0,high,1.0,
28970,421389,1,1,12,0,40,1,4,1,42,0,high,1.0,
28971,421390,2,3,12,5,55,1,1,3,42,0,high,0.6666666666666666,
28972,421391,1,3,12,1,55,1,1,2,42,0,low,0.3333333333333333,
28973,421392,1,2,12,8,45,1,4,3,42,0,low,0.5,
28974,421393,1,3,12,0,40,4,1,1,42,0,low,0.3333333333333333,
28975,421394,1,3,12,0,45,2,1,1,42,0,low,0.3333333333333333,
28976,421395,1,5,12,4,30,3,1,1,42,1,low,0.2,
28977,440001,1,5,1,0,65,1,1,1,44,0,low,0.2,
28978,440002,1,2,1,0,45,2,1,1,44,1,low,0.5,
28979,440003,1,2,1,1,35,3,1,1,44,0,low,0.5,
28980,440004,1,5,2,2,35,3,1,1,44,1,low,0.2,
28981,440005,1,3,2,0,35,3,1,1,44,0,low,0.3333333333333333,
28982,440006,1,1,2,0,25,1,1,1,44,0,high,1.0,
28983,440007,1,2,2,0,25,3,1,1,44,2,low,0.5,
28984,440008,1,1,2,0,30,2,1,1,44,1,high,1.0,
28985,440009,1,2,3,0,40,2,1,1,44,1,low,0.5,
28986,440010,1,4,3,5,25,1,1,1,44,0,low,0.25,
28987,440011,1,1,3,0,35,1,4,3,44,0,high,1.0,
28988,440012,1,6,3,1,25,3,1,1,44,0,low,0.16666666666666666,
28989,440013,2,3,3,5,55,3,1,1,44,1,high,0.6666666666666666,
28990,440014,1,1,3,0,25,2,1,1,44,0,high,1.0,
28991,440015,1,1,3,0,25,2,1,1,44,1,high,1.0,
28992,440016,1,4,3,3,50,1,1,1,44,0,low,0.25,
28993,440017,1,1,4,0,30,3,1,1,44,0,high,1.0,
28994,440018,1,1,4,0,25,3,1,1,44,0,high,1.0,
28995,440019,1,2,2,0,50,3,1,1,44,0,low,0.5,
28996,440020,1,2,4,0,25,3,2,2,44,0,low,0.5,
28997,440021,1,2,10,0,99,1,1,1,44,0,low,0.5,
28998,440022,1,2,4,0,25,2,1,1,44,2,low,0.5,
28999,440023,1,1,5,0,40,1,1,1,44,0,high,1.0,
29000,440024,1,2,6,5,55,1,1,1,44,0,low,0.5,
29001,440025,1,3,6,2,35,1,1,1,44,0,low,0.3333333333333333,
29002,440026,1,1,6,0,45,2,1,1,44,0,high,1.0,
29003,440027,1,2,6,0,25,3,1,1,44,0,low,0.5,
29004,440028,1,2,6,2,25,1,1,1,44,1,low,0.5,
29005,440029,1,2,7,0,35,1,1,1,44,0,low,0.5,
29006,440030,2,4,7,0,35,2,1,1,44,2,low,0.5,
29007,440031,1,1,7,0,25,1,1,1,44,0,high,1.0,
29008,440032,1,4,7,2,50,1,1,1,44,0,low,0.25,
29009,440033,1,1,7,0,25,2,1,1,44,1,high,1.0,
29010,440034,3,4,8,0,25,1,1,1,44,1,high,0.75,
29011,440035,1,2,8,0,30,1,1,1,44,0,low,0.5,
29012,440036,1,1,8,0,45,2,1,1,44,1,high,1.0,
29013,440037,1,2,9,0,50,1,1,1,44,0,low,0.5,
29014,440038,1,2,9,0,30,1,1,1,44,0,low,0.5,
29015,440039,1,1,10,0,30,1,1,1,44,0,high,1.0,
29016,440040,1,1,10,0,45,1,1,1,44,0,high,1.0,
29017,440041,1,1,10,0,40,3,2,2,44,0,high,1.0,
29018,440042,1,2,10,0,65,3,1,1,44,1,low,0.5,
29019,440043,1,2,10,5,25,5,1,1,44,1,low,0.5,
29020,440044,1,3,11,0,30,3,1,1,44,1,low,0.3333333333333333,
29021,440045,1,1,12,0,25,1,1,1,44,0,high,1.0,
29022,440046,1,2,12,0,25,2,1,2,44,0,low,0.5,
29023,440047,1,1,6,0,35,3,1,1,44,0,high,1.0,
29024,440048,1,1,10,0,45,3,1,1,44,1,high,1.0,
29025,440049,1,2,9,0,25,1,1,1,44,0,low,0.5,
29026,440050,1,1,8,0,35,1,1,1,44,0,high,1.0,
29027,440051,1,2,3,0,25,2,1,1,44,0,low,0.5,
29028,440052,1,2,6,0,0,1,1,1,44,0,low,0.5,
29029,440053,1,2,4,0,25,1,9,1,44,0,low,0.5,
29030,440054,1,1,7,0,25,3,1,1,44,1,high,1.0,
29031,440055,2,2,8,0,65,2,1,1,44,2,high,1.0,
29032,440056,1,2,8,5,50,3,1,1,44,1,low,0.5,
29033,440057,1,1,10,0,25,1,1,1,44,1,high,1.0,
29034,440058,1,3,10,0,25,1,1,1,44,0,low,0.3333333333333333,
29035,440059,1,2,11,0,35,1,1,1,44,0,low,0.5,
29036,440060,1,2,8,1,99,1,1,1,44,0,low,0.5,
29037,440061,1,1,8,0,55,1,1,1,44,1,high,1.0,
29038,440062,1,2,12,0,25,9,1,3,44,1,low,0.5,
29039,440063,1,1,6,0,40,1,1,1,44,1,high,1.0,
29040,440064,1,3,9,0,25,1,1,1,44,0,low,0.3333333333333333,
29041,450001,1,1,1,0,35,2,1,1,45,1,high,1.0,
29042,450002,1,6,1,5,55,2,1,1,45,0,low,0.16666666666666666,
29043,450003,1,2,1,2,35,1,1,1,45,0,low,0.5,
29044,450004,1,7,1,99,70,2,1,1,45,0,low,0.14285714285714285,
29045,450005,1,2,1,4,45,1,1,1,45,2,low,0.5,
29046,450006,1,3,1,5,45,1,1,1,45,0,low,0.3333333333333333,
29047,450007,1,1,1,0,30,1,1,1,45,0,high,1.0,
29048,450008,1,5,1,0,55,1,1,1,45,0,low,0.2,
29049,450009,1,3,1,0,35,2,1,2,45,1,low,0.3333333333333333,
29050,450010,1,5,1,2,55,1,1,1,45,0,low,0.2,
29051,450011,1,6,1,2,55,1,1,1,45,0,low,0.16666666666666666,
29052,450012,2,2,1,0,45,2,2,2,45,0,high,1.0,
29053,450013,1,5,1,0,45,1,2,2,45,0,low,0.2,
29054,450014,1,2,1,0,45,2,2,2,45,0,low,0.5,
29055,450015,2,2,1,0,70,2,1,1,45,1,high,1.0,
29056,450016,1,3,1,0,55,1,1,1,45,0,low,0.3333333333333333,
29057,450017,1,1,1,0,55,1,1,1,45,0,high,1.0,
29058,450018,1,1,1,0,55,2,1,1,45,1,high,1.0,
29059,450019,1,1,1,0,60,1,1,1,45,0,high,1.0,
29060,450020,1,3,1,2,45,1,1,1,45,0,low,0.3333333333333333,
29061,450021,1,1,1,0,55,2,1,1,45,0,high,1.0,
29062,450022,1,1,1,0,55,2,1,1,45,1,high,1.0,
29063,450023,1,2,1,3,60,3,1,1,45,2,low,0.5,
29064,450024,1,1,1,0,25,5,1,1,45,0,high,1.0,
29065,450025,1,2,1,6,70,2,1,1,45,0,low,0.5,
29066,450026,1,5,1,1,70,2,1,1,45,2,low,0.2,
29067,450027,1,3,1,0,30,1,1,1,45,0,low,0.3333333333333333,
29068,450028,1,1,1,0,60,2,1,1,45,1,high,1.0,
29069,450029,1,4,1,4,45,2,1,1,45,1,low,0.25,
29070,450030,1,2,1,0,45,2,1,1,45,1,low,0.5,
29071,450031,1,1,1,0,45,2,1,1,45,1,high,1.0,
29072,450032,1,2,1,0,55,2,1,1,45,1,low,0.5,
29073,450033,1,1,1,0,55,2,1,1,45,1,high,1.0,
29074,450034,1,1,1,0,35,2,2,2,45,0,high,1.0,
29075,450035,1,2,1,0,25,2,1,2,45,0,low,0.5,
29076,450036,2,4,1,4,35,1,2,2,45,0,low,0.5,
29077,450037,1,4,1,5,45,1,1,1,45,0,low,0.25,
29078,450038,1,4,1,5,45,1,1,1,45,0,low,0.25,
29079,450039,1,1,1,0,45,2,1,1,45,1,high,1.0,
29080,450040,1,2,1,0,35,2,1,1,45,2,low,0.5,
29081,450041,1,6,1,5,99,1,1,1,45,0,low,0.16666666666666666,
29082,450042,3,5,1,2,55,2,2,2,45,0,high,0.6,
29083,450043,1,1,1,0,55,2,2,2,45,0,high,1.0,
29084,450044,1,2,1,5,45,1,2,2,45,0,low,0.5,
29085,450045,1,1,1,0,45,2,2,2,45,1,high,1.0,
29086,450046,1,2,1,0,45,2,1,1,45,0,low,0.5,
29087,450047,1,5,1,1,99,2,5,1,45,0,low,0.2,
29088,450048,1,3,1,0,60,2,1,1,45,0,low,0.3333333333333333,
29089,450049,1,1,1,0,35,2,1,1,45,1,high,1.0,
29090,450050,1,2,1,4,30,1,1,1,45,0,low,0.5,
29091,450051,1,5,1,0,30,2,1,1,45,0,low,0.2,
29092,450052,1,2,1,2,35,1,1,1,45,1,low,0.5,
29093,450053,1,1,1,0,35,2,1,1,45,1,high,1.0,
29094,450054,1,1,1,0,45,1,1,1,45,1,high,1.0,
29095,450055,1,1,1,0,45,1,1,1,45,1,high,1.0,
29096,450056,2,2,1,0,70,1,1,1,45,1,high,1.0,
29097,450057,1,1,1,0,55,1,1,1,45,1,high,1.0,
29098,450058,1,4,2,0,35,3,1,1,45,1,low,0.25,
29099,450059,1,1,1,0,45,1,1,6,45,1,high,1.0,
29100,450060,3,5,1,5,35,2,1,1,45,1,high,0.6,
29101,450061,1,3,1,5,45,1,1,1,45,0,low,0.3333333333333333,
29102,450062,1,1,1,0,60,1,1,1,45,0,high,1.0,
29103,450063,1,3,1,0,70,2,1,1,45,0,low,0.3333333333333333,
29104,450064,1,1,1,0,30,2,1,1,45,1,high,1.0,
29105,450065,1,1,1,0,45,2,1,1,45,1,high,1.0,
29106,450066,1,2,1,0,40,1,1,1,45,0,low,0.5,
29107,450067,1,2,2,0,55,2,1,1,45,1,low,0.5,
29108,450068,1,2,2,0,60,2,1,1,45,0,low,0.5,
29109,450069,1,2,2,0,35,2,1,1,45,1,low,0.5,
29110,450070,1,1,2,0,55,2,1,1,45,0,high,1.0,
29111,450071,1,1,2,0,45,2,1,1,45,0,high,1.0,
29112,450072,1,2,2,1,60,2,1,1,45,0,low,0.5,
29113,450073,1,1,2,0,55,2,1,1,45,1,high,1.0,
29114,450074,1,5,2,8,55,2,1,1,45,1,low,0.2,
29115,450075,1,2,2,0,45,3,1,1,45,0,low,0.5,
29116,450076,1,2,2,0,45,3,1,1,45,2,low,0.5,
29117,450077,1,1,2,0,45,2,1,1,45,1,high,1.0,
29118,450078,1,1,2,0,55,1,1,1,45,0,high,1.0,
29119,450079,1,2,2,0,55,2,1,1,45,1,low,0.5,
29120,450080,1,3,1,0,40,1,1,1,45,0,low,0.3333333333333333,
29121,450081,1,2,2,2,60,2,1,1,45,1,low,0.5,
29122,450082,1,8,2,4,55,2,1,1,45,0,low,0.125,
29123,450083,1,1,2,0,70,1,1,1,45,0,high,1.0,
29124,450084,1,5,2,0,45,3,1,1,45,0,low,0.2,
29125,450085,1,2,2,0,55,2,1,1,45,0,low,0.5,
29126,450086,1,2,2,2,45,1,2,2,45,0,low,0.5,
29127,450087,1,8,2,1,60,2,1,1,45,0,low,0.125,
29128,450088,1,1,2,0,55,2,1,1,45,0,high,1.0,
29129,450089,1,1,2,0,55,1,1,1,45,1,high,1.0,
29130,450090,1,3,2,0,45,2,1,1,45,1,low,0.3333333333333333,
29131,450091,1,2,2,5,55,3,1,1,45,0,low,0.5,
29132,450092,1,1,2,0,25,5,1,1,45,1,high,1.0,
29133,450093,1,1,2,0,45,2,1,1,45,1,high,1.0,
29134,450094,1,1,2,0,60,5,1,1,45,0,high,1.0,
29135,450095,1,1,2,0,55,2,1,1,45,1,high,1.0,
29136,450096,1,2,2,0,55,1,1,1,45,0,low,0.5,
29137,450097,1,1,2,0,55,2,1,1,45,1,high,1.0,
29138,450098,1,8,2,0,45,3,1,1,45,0,low,0.125,
29139,450099,1,4,2,4,70,1,2,2,45,0,low,0.25,
29140,450100,1,1,2,0,55,2,1,1,45,1,high,1.0,
29141,450101,2,8,2,2,45,2,1,1,45,0,low,0.25,
29142,450102,1,1,2,0,55,2,1,1,45,1,high,1.0,
29143,450103,1,1,2,0,55,1,1,1,45,0,high,1.0,
29144,450104,1,4,2,0,40,2,1,1,45,0,low,0.25,
29145,450105,1,2,2,0,45,3,1,1,45,1,low,0.5,
29146,450106,1,1,2,0,55,2,1,1,45,1,high,1.0,
29147,450107,1,2,1,2,30,3,1,1,45,1,low,0.5,
29148,450108,1,2,2,5,25,1,1,1,45,0,low,0.5,
29149,450109,1,2,2,0,35,3,1,1,45,1,low,0.5,
29150,450110,2,3,2,5,50,3,1,1,45,2,high,0.6666666666666666,
29151,450111,1,3,2,5,25,1,1,1,45,0,low,0.3333333333333333,
29152,450112,1,2,2,5,55,1,1,1,45,0,low,0.5,
29153,450113,1,2,3,2,50,1,1,1,45,0,low,0.5,
29154,450114,1,1,3,0,55,1,1,1,45,0,high,1.0,
29155,450115,1,2,3,5,45,2,1,1,45,1,low,0.5,
29156,450116,1,1,3,0,45,2,1,1,45,1,high,1.0,
29157,450117,1,1,3,0,35,2,1,1,45,1,high,1.0,
29158,450118,1,1,3,0,45,1,1,1,45,0,high,1.0,
29159,450119,1,4,3,0,45,1,1,1,45,2,low,0.25,
29160,450120,1,1,3,0,35,2,1,1,45,0,high,1.0,
29161,450121,1,2,3,0,45,2,1,1,45,1,low,0.5,
29162,450122,1,3,3,5,55,2,1,1,45,0,low,0.3333333333333333,
29163,450123,2,9,3,2,70,1,1,1,45,0,low,0.2222222222222222,
29164,450124,1,2,3,2,35,1,1,1,45,0,low,0.5,
29165,450125,1,2,3,0,55,2,1,1,45,0,low,0.5,
29166,450126,1,1,3,0,55,2,1,1,45,1,high,1.0,
29167,450127,1,1,3,0,65,1,1,1,45,0,high,1.0,
29168,450128,1,1,3,0,30,3,1,1,45,1,high,1.0,
29169,450129,1,2,3,8,35,1,1,1,45,0,low,0.5,
29170,450130,1,1,3,0,40,2,1,2,45,1,high,1.0,
29171,450131,1,2,3,0,55,2,1,1,45,1,low,0.5,
29172,450132,1,3,3,0,45,2,2,2,45,0,low,0.3333333333333333,
29173,450134,1,2,3,0,55,2,1,1,45,0,low,0.5,
29174,450135,1,4,3,0,45,2,1,1,45,1,low,0.25,
29175,450136,1,1,3,0,45,2,1,1,45,0,high,1.0,
29176,450137,1,1,3,0,45,1,1,1,45,0,high,1.0,
29177,450138,1,2,3,3,55,3,1,1,45,1,low,0.5,
29178,450139,1,2,3,4,40,3,1,1,45,0,low,0.5,
29179,450140,1,2,3,2,70,2,1,1,45,2,low,0.5,
29180,450141,1,4,3,0,45,3,1,1,45,0,low,0.25,
29181,450142,1,1,3,0,25,1,2,2,45,1,high,1.0,
29182,450143,2,3,3,0,45,1,2,2,45,3,high,0.6666666666666666,
29183,450144,1,1,3,0,30,1,2,2,45,0,high,1.0,
29184,450145,1,1,3,0,35,2,1,1,45,0,high,1.0,
29185,450146,1,1,3,0,45,2,1,1,45,0,high,1.0,
29186,450147,1,4,3,0,35,3,1,1,45,0,low,0.25,
29187,450148,1,2,3,0,35,1,1,1,45,1,low,0.5,
29188,450149,1,1,3,0,55,2,1,1,45,1,high,1.0,
29189,450150,1,3,3,3,35,1,2,2,45,0,low,0.3333333333333333,
29190,450151,1,1,3,0,70,2,1,1,45,1,high,1.0,
29191,450152,1,1,3,0,55,2,1,1,45,1,high,1.0,
29192,450153,1,1,3,0,60,2,1,1,45,0,high,1.0,
29193,450154,1,2,3,1,55,3,1,1,45,0,low,0.5,
29194,450155,1,1,3,0,35,2,1,1,45,0,high,1.0,
29195,450156,1,5,3,4,45,3,1,1,45,0,low,0.2,
29196,450157,1,2,3,0,55,1,1,1,45,0,low,0.5,
29197,450158,1,4,3,2,40,1,1,1,45,1,low,0.25,
29198,450159,1,1,3,0,55,1,1,1,45,0,high,1.0,
29199,450160,1,1,3,0,55,2,1,1,45,1,high,1.0,
29200,450161,1,2,2,0,30,1,1,1,45,0,low,0.5,
29201,450162,1,4,2,7,70,2,1,1,45,0,low,0.25,
29202,450163,1,2,2,0,45,2,1,1,45,0,low,0.5,
29203,450164,1,1,2,0,60,2,1,1,45,1,high,1.0,
29204,450165,1,2,3,0,45,2,1,1,45,1,low,0.5,
29205,450167,1,1,3,0,60,2,1,1,45,0,high,1.0,
29206,450168,1,2,3,4,45,1,1,1,45,0,low,0.5,
29207,450169,1,2,3,0,35,2,1,1,45,1,low,0.5,
29208,450170,1,2,3,5,45,1,1,1,45,1,low,0.5,
29209,450171,1,4,3,5,60,1,1,1,45,0,low,0.25,
29210,450172,2,2,3,0,50,2,1,1,45,0,high,1.0,
29211,450173,1,4,3,0,45,2,1,1,45,1,low,0.25,
29212,450174,1,1,3,0,35,2,1,1,45,1,high,1.0,
29213,450175,1,1,3,0,55,2,1,1,45,1,high,1.0,
29214,450176,1,1,3,0,55,2,1,1,45,0,high,1.0,
29215,450177,1,1,3,0,35,4,5,1,45,0,high,1.0,
29216,450178,1,3,3,5,45,2,1,1,45,0,low,0.3333333333333333,
29217,450179,2,3,3,0,60,2,1,1,45,2,high,0.6666666666666666,
29218,450180,2,2,1,2,55,2,1,1,45,0,high,1.0,
29219,450181,1,2,3,2,45,2,1,1,45,0,low,0.5,
29220,450182,2,8,3,0,70,1,1,1,45,0,low,0.25,
29221,450183,1,2,3,0,55,2,1,1,45,1,low,0.5,
29222,450184,2,5,3,0,55,1,1,1,45,0,low,0.4,
29223,450185,2,5,3,0,55,2,1,1,45,1,low,0.4,
29224,450186,1,3,3,0,55,2,1,1,45,1,low,0.3333333333333333,
29225,450187,1,1,3,0,40,2,1,1,45,1,high,1.0,
29226,450188,1,5,3,0,70,1,1,1,45,0,low,0.2,
29227,450189,2,6,3,4,99,3,1,1,45,3,low,0.3333333333333333,
29228,450190,1,7,4,1,50,1,1,1,45,0,low,0.14285714285714285,
29229,450191,1,2,4,0,45,1,1,1,45,0,low,0.5,
29230,450192,1,1,4,0,55,2,1,1,45,1,high,1.0,
29231,450193,1,4,4,0,55,1,1,1,45,0,low,0.25,
29232,450194,1,2,4,0,55,2,2,2,45,0,low,0.5,
29233,450195,1,1,4,0,70,2,1,1,45,0,high,1.0,
29234,450196,1,3,4,4,35,1,1,1,45,1,low,0.3333333333333333,
29235,450197,1,2,2,5,45,2,1,1,45,1,low,0.5,
29236,450198,1,2,2,0,35,1,1,1,45,0,low,0.5,
29237,450199,1,7,4,0,70,2,1,1,45,0,low,0.14285714285714285,
29238,450200,1,1,4,0,35,1,1,1,45,1,high,1.0,
29239,450201,1,3,4,4,55,1,1,1,45,0,low,0.3333333333333333,
29240,450202,1,4,4,5,30,1,1,1,45,1,low,0.25,
29241,450203,2,9,4,2,55,5,1,1,45,0,low,0.2222222222222222,
29242,450204,1,2,3,5,35,1,1,1,45,0,low,0.5,
29243,450205,1,1,4,0,55,3,1,1,45,1,high,1.0,
29244,450206,1,1,4,0,50,2,1,1,45,1,high,1.0,
29245,450207,1,2,4,5,45,1,1,2,45,0,low,0.5,
29246,450208,1,1,4,0,40,2,1,1,45,1,high,1.0,
29247,450209,1,2,4,5,60,2,1,1,45,0,low,0.5,
29248,450210,1,2,4,0,25,1,1,1,45,0,low,0.5,
29249,450211,1,2,4,0,55,2,1,1,45,0,low,0.5,
29250,450212,1,3,4,4,55,1,1,1,45,1,low,0.3333333333333333,
29251,450213,1,2,4,0,45,2,2,2,45,1,low,0.5,
29252,450214,1,2,4,0,35,1,1,1,45,0,low,0.5,
29253,450215,1,5,4,0,55,2,1,1,45,0,low,0.2,
29254,450216,1,1,4,0,55,2,1,1,45,1,high,1.0,
29255,450217,1,2,4,8,35,1,1,1,45,0,low,0.5,
29256,450218,2,4,4,0,40,3,1,1,45,3,low,0.5,
29257,450219,2,3,3,0,45,2,1,1,45,1,high,0.6666666666666666,
29258,450220,1,4,4,5,55,1,1,1,45,0,low,0.25,
29259,450221,1,2,4,0,70,2,1,1,45,0,low,0.5,
29260,450222,1,1,4,0,65,2,1,1,45,1,high,1.0,
29261,450223,1,14,4,7,70,1,1,1,45,0,low,0.07142857142857142,
29262,450224,1,1,4,0,55,1,1,1,45,0,high,1.0,
29263,450225,1,5,4,2,50,1,1,1,45,0,low,0.2,
29264,450226,1,8,4,5,35,3,1,1,45,0,low,0.125,
29265,450227,1,2,4,0,55,2,2,2,45,1,low,0.5,
29266,450228,1,1,4,0,45,2,2,2,45,1,high,1.0,
29267,450229,1,2,4,5,45,1,1,1,45,0,low,0.5,
29268,450230,1,2,1,0,55,2,1,1,45,0,low,0.5,
29269,450231,1,1,2,0,40,2,1,1,45,1,high,1.0,
29270,450232,1,6,2,5,40,1,1,1,45,0,low,0.16666666666666666,