,ST_CASE,FATALS,PERSONS,MONTH,MAN_COLL,SP_LIMIT,LGT_COND,WEATHER,SUR_COND,STATE,DRUNK_DR,rate,rate_numerical,arrival_time
29271,450233,1,6,2,7,99,2,1,1,45,0,low,0.16666666666666666,
29272,450234,1,1,3,0,40,2,2,2,45,0,high,1.0,
29273,450235,1,2,4,0,45,2,1,1,45,0,low,0.5,
29274,450236,1,1,4,0,55,2,1,1,45,1,high,1.0,
29275,450237,2,2,4,0,55,2,2,2,45,2,high,1.0,
29276,450238,1,3,4,0,55,2,1,1,45,0,low,0.3333333333333333,
29277,450239,1,3,4,5,30,1,1,1,45,0,low,0.3333333333333333,
29278,450240,1,3,4,0,99,1,1,1,45,0,low,0.3333333333333333,
29279,450241,1,5,4,5,45,2,1,1,45,0,low,0.2,
29280,450242,1,1,4,0,55,2,1,1,45,0,high,1.0,
29281,450243,1,2,4,0,35,1,1,1,45,1,low,0.5,
29282,450244,1,5,4,3,35,1,1,1,45,0,low,0.2,
29283,450245,1,1,4,0,35,1,1,1,45,0,high,1.0,
29284,450246,1,5,4,4,55,1,1,1,45,1,low,0.2,
29285,450247,1,1,4,0,45,2,1,1,45,1,high,1.0,
29286,450248,1,1,4,0,55,2,1,1,45,1,high,1.0,
29287,450249,1,3,4,0,45,1,1,1,45,0,low,0.3333333333333333,
29288,450250,1,2,4,0,55,1,1,1,45,1,low,0.5,
29289,450251,1,2,4,2,35,1,1,1,45,0,low,0.5,
29290,450252,1,2,4,0,55,2,1,1,45,0,low,0.5,
29291,450253,1,1,4,0,55,2,1,1,45,0,high,1.0,
29292,450254,1,2,4,0,45,1,1,1,45,1,low,0.5,
29293,450255,1,1,4,0,45,2,1,1,45,1,high,1.0,
29294,450256,1,1,4,0,35,3,1,1,45,1,high,1.0,
29295,450257,1,1,4,0,55,1,1,1,45,1,high,1.0,
29296,450258,1,1,4,0,35,3,1,1,45,1,high,1.0,
29297,450259,1,2,4,1,55,2,1,1,45,0,low,0.5,
29298,450260,1,6,4,5,70,1,1,1,45,0,low,0.16666666666666666,
29299,450261,1,2,4,0,70,1,1,1,45,1,low,0.5,
29300,450262,2,4,4,0,70,2,1,1,45,0,low,0.5,
29301,450263,1,2,4,2,55,2,1,1,45,0,low,0.5,
29302,450264,1,1,4,0,55,2,1,1,45,1,high,1.0,
29303,450265,2,3,4,5,55,1,1,1,45,0,high,0.6666666666666666,
29304,450266,1,2,4,5,35,1,1,1,45,0,low,0.5,
29305,450267,1,2,4,0,55,2,1,1,45,1,low,0.5,
29306,450268,1,1,4,0,30,1,1,1,45,1,high,1.0,
29307,450269,1,2,4,3,55,1,1,1,45,1,low,0.5,
29308,450270,1,1,5,0,55,2,1,1,45,1,high,1.0,
29309,450271,1,1,4,0,40,1,1,1,45,0,high,1.0,
29310,450272,1,5,4,4,55,1,1,1,45,0,low,0.2,
29311,450273,1,4,4,5,45,1,1,1,45,0,low,0.25,
29312,450274,1,2,4,0,70,1,1,1,45,1,low,0.5,
29313,450275,1,2,5,1,40,3,1,1,45,1,low,0.5,
29314,450276,1,2,5,7,70,1,1,1,45,0,low,0.5,
29315,450277,1,2,5,0,50,2,1,1,45,1,low,0.5,
29316,450278,1,3,5,1,70,2,1,1,45,0,low,0.3333333333333333,
29317,450280,1,2,5,0,45,1,1,1,45,0,low,0.5,
29318,450281,1,1,5,0,55,2,1,1,45,1,high,1.0,
29319,450282,1,5,5,0,55,2,2,2,45,0,low,0.2,
29320,450283,1,3,5,4,45,1,1,1,45,0,low,0.3333333333333333,
29321,450284,1,5,5,0,45,1,1,1,45,0,low,0.2,
29322,450285,1,4,5,1,65,2,1,1,45,1,low,0.25,
29323,450286,1,1,5,0,55,1,2,2,45,1,high,1.0,
29324,450287,1,3,5,0,45,3,1,1,45,1,low,0.3333333333333333,
29325,450288,2,4,5,0,25,2,1,1,45,2,low,0.5,
29326,450289,1,1,5,0,40,1,2,2,45,0,high,1.0,
29327,450290,1,1,5,0,55,1,2,2,45,1,high,1.0,
29328,450291,1,2,5,0,55,2,1,1,45,1,low,0.5,
29329,450292,1,1,5,0,55,2,2,2,45,1,high,1.0,
29330,450293,3,4,5,0,20,2,2,2,45,0,high,0.75,
29331,450294,1,1,5,0,55,2,1,1,45,1,high,1.0,
29332,450295,1,2,1,0,55,1,1,1,45,0,low,0.5,
29333,450296,1,3,5,0,55,1,1,1,45,0,low,0.3333333333333333,
29334,450297,1,1,5,0,45,4,2,2,45,1,high,1.0,
29335,450298,1,1,5,0,65,1,1,1,45,0,high,1.0,
29336,450299,1,3,5,5,40,1,1,1,45,0,low,0.3333333333333333,
29337,450300,1,2,5,0,35,3,1,1,45,1,low,0.5,
29338,450301,1,4,5,5,30,1,1,1,45,0,low,0.25,
29339,450302,1,2,5,3,50,1,1,1,45,0,low,0.5,
29340,450303,1,2,5,3,55,2,1,1,45,0,low,0.5,
29341,450304,1,6,5,0,45,1,1,1,45,0,low,0.16666666666666666,
29342,450305,1,1,5,0,35,1,1,1,45,1,high,1.0,
29343,450306,1,2,5,0,55,2,1,1,45,1,low,0.5,
29344,450307,1,7,5,5,45,2,1,1,45,0,low,0.14285714285714285,
29345,450308,1,4,5,0,45,1,1,1,45,0,low,0.25,
29346,450309,1,2,5,0,50,2,1,1,45,1,low,0.5,
29347,450310,2,5,5,2,50,1,2,2,45,2,low,0.4,
29348,450311,1,5,5,5,40,1,1,1,45,0,low,0.2,
29349,450312,1,5,5,5,45,1,1,1,45,0,low,0.2,
29350,450313,1,1,5,0,55,2,1,1,45,0,high,1.0,
29351,450314,1,1,5,0,45,5,1,1,45,1,high,1.0,
29352,450315,1,4,5,5,55,2,1,1,45,0,low,0.25,
29353,450316,1,4,5,5,60,1,1,1,45,0,low,0.25,
29354,450317,2,6,5,5,70,1,1,1,45,0,low,0.3333333333333333,
29355,450318,1,3,5,0,45,2,1,1,45,1,low,0.3333333333333333,
29356,450319,1,1,5,0,45,1,1,1,45,0,high,1.0,
29357,450320,1,1,5,0,55,2,1,1,45,1,high,1.0,
29358,450321,1,1,5,0,35,2,1,1,45,1,high,1.0,
29359,450322,1,1,5,0,45,1,1,1,45,0,high,1.0,
29360,450323,1,3,5,1,55,2,1,1,45,1,low,0.3333333333333333,
29361,450324,1,1,5,0,15,1,1,1,45,0,high,1.0,
29362,450325,1,3,5,4,45,1,2,2,45,0,low,0.3333333333333333,
29363,450326,1,2,5,1,65,2,1,1,45,0,low,0.5,
29364,450327,1,2,5,0,55,2,1,1,45,0,low,0.5,
29365,450328,1,2,5,3,45,1,1,1,45,1,low,0.5,
29366,450329,1,1,5,0,35,2,1,1,45,1,high,1.0,
29367,450330,1,2,5,0,55,2,1,1,45,1,low,0.5,
29368,450331,1,3,5,0,55,2,1,1,45,1,low,0.3333333333333333,
29369,450332,1,3,5,3,25,1,1,1,45,0,low,0.3333333333333333,
29370,450333,1,3,5,5,45,1,1,1,45,0,low,0.3333333333333333,
29371,450334,1,1,5,0,40,2,1,1,45,1,high,1.0,
29372,450335,1,1,5,0,55,2,1,1,45,1,high,1.0,
29373,450336,2,2,5,0,55,1,1,1,45,0,high,1.0,
29374,450337,1,1,5,0,35,1,1,1,45,0,high,1.0,
29375,450338,1,2,5,5,35,1,1,1,45,0,low,0.5,
29376,450339,1,2,5,0,20,5,1,1,45,0,low,0.5,
29377,450340,1,3,5,3,45,1,1,1,45,0,low,0.3333333333333333,
29378,450341,1,2,5,0,45,1,1,1,45,2,low,0.5,
29379,450342,1,2,5,0,35,1,1,1,45,0,low,0.5,
29380,450343,1,1,5,0,55,1,1,1,45,1,high,1.0,
29381,450344,1,3,5,5,70,1,1,1,45,0,low,0.3333333333333333,
29382,450345,1,1,5,0,55,2,1,1,45,0,high,1.0,
29383,450346,1,2,5,0,40,1,1,1,45,0,low,0.5,
29384,450347,1,2,5,4,50,1,1,1,45,0,low,0.5,
29385,450348,1,2,5,2,40,1,1,1,45,0,low,0.5,
29386,450350,1,1,5,0,45,2,1,1,45,0,high,1.0,
29387,450351,1,1,5,0,70,2,1,1,45,0,high,1.0,
29388,450352,1,2,5,5,40,1,1,1,45,1,low,0.5,
29389,450353,1,3,5,0,40,1,1,1,45,1,low,0.3333333333333333,
29390,450354,1,3,5,5,55,1,1,1,45,0,low,0.3333333333333333,
29391,450355,1,3,5,1,70,1,1,1,45,0,low,0.3333333333333333,
29392,450356,1,3,5,3,45,3,1,1,45,0,low,0.3333333333333333,
29393,450357,2,6,3,5,35,1,1,1,45,0,low,0.3333333333333333,
29394,450358,1,1,5,0,55,2,1,1,45,0,high,1.0,
29395,450359,1,2,5,2,45,1,1,1,45,0,low,0.5,
29396,450360,2,4,5,0,70,1,1,1,45,1,low,0.5,
29397,450361,1,2,5,0,55,1,1,1,45,1,low,0.5,
29398,450362,1,1,5,0,55,2,1,1,45,0,high,1.0,
29399,450363,1,1,5,0,40,2,1,1,45,1,high,1.0,
29400,450364,1,1,5,0,55,2,1,1,45,1,high,1.0,
29401,450365,1,4,5,1,55,1,1,1,45,0,low,0.25,
29402,450366,1,2,5,0,70,1,1,1,45,0,low,0.5,
29403,450367,1,5,5,0,60,2,1,1,45,1,low,0.2,
29404,450368,2,8,5,0,45,3,1,1,45,0,low,0.25,
29405,450369,1,2,5,0,45,4,1,1,45,1,low,0.5,
29406,450370,1,2,5,0,50,2,1,1,45,1,low,0.5,
29407,450371,1,2,5,0,55,2,1,1,45,1,low,0.5,
29408,450372,1,2,5,0,45,2,1,1,45,0,low,0.5,
29409,450373,1,5,5,3,35,1,1,1,45,0,low,0.2,
29410,450374,3,5,5,1,99,1,1,1,45,0,high,0.6,
29411,450375,1,3,5,5,55,1,1,1,45,0,low,0.3333333333333333,
29412,450376,1,4,5,4,45,1,1,1,45,1,low,0.25,
29413,450377,1,1,5,0,50,1,1,1,45,1,high,1.0,
29414,450378,1,2,5,0,35,2,1,1,45,0,low,0.5,
29415,450379,1,2,4,0,45,3,1,1,45,1,low,0.5,
29416,450380,1,3,6,3,45,1,1,1,45,0,low,0.3333333333333333,
29417,450381,1,1,6,0,55,2,1,1,45,0,high,1.0,
29418,450382,1,1,6,0,45,2,1,1,45,0,high,1.0,
29419,450383,1,4,6,5,45,1,1,1,45,0,low,0.25,
29420,450384,1,1,6,0,55,2,1,1,45,1,high,1.0,
29421,450385,1,2,6,0,55,2,2,2,45,1,low,0.5,
29422,450386,1,2,6,0,50,1,1,1,45,0,low,0.5,
29423,450387,1,2,6,0,55,1,1,1,45,0,low,0.5,
29424,450388,1,2,6,0,55,3,1,1,45,1,low,0.5,
29425,450389,1,1,6,0,35,2,1,1,45,1,high,1.0,
29426,450390,1,4,6,5,45,1,1,1,45,0,low,0.25,
29427,450391,1,3,6,0,35,3,1,1,45,1,low,0.3333333333333333,
29428,450392,1,1,6,0,35,3,1,1,45,1,high,1.0,
29429,450393,1,1,6,0,35,3,1,1,45,1,high,1.0,
29430,450394,1,1,6,0,45,1,1,1,45,1,high,1.0,
29431,450395,1,1,6,0,60,1,1,1,45,1,high,1.0,
29432,450396,1,2,6,0,45,3,1,1,45,1,low,0.5,
29433,450397,1,4,6,5,35,2,1,1,45,0,low,0.25,
29434,450398,1,1,6,0,30,2,1,1,45,1,high,1.0,
29435,450399,1,2,6,0,55,2,1,1,45,0,low,0.5,
29436,450400,1,1,6,0,45,2,1,1,45,1,high,1.0,
29437,450401,1,2,6,0,45,2,1,1,45,1,low,0.5,
29438,450402,1,1,6,0,55,2,1,1,45,1,high,1.0,
29439,450403,1,1,6,0,70,1,1,1,45,0,high,1.0,
29440,450404,1,1,6,0,30,2,1,1,45,1,high,1.0,
29441,450405,1,1,6,0,35,1,1,1,45,0,high,1.0,
29442,450406,1,1,6,0,40,1,1,1,45,1,high,1.0,
29443,450407,1,1,6,0,45,2,1,1,45,1,high,1.0,
29444,450408,1,1,6,0,45,2,1,1,45,1,high,1.0,
29445,450409,1,2,6,0,55,2,1,2,45,2,low,0.5,
29446,450410,1,1,6,0,55,2,1,1,45,1,high,1.0,
29447,450411,1,2,6,0,55,2,1,1,45,1,low,0.5,
29448,450412,1,1,6,0,55,2,1,1,45,1,high,1.0,
29449,450413,1,1,4,0,30,1,1,1,45,0,high,1.0,
29450,450414,1,3,5,0,25,1,1,1,45,1,low,0.3333333333333333,
29451,450415,1,1,6,0,35,3,1,1,45,1,high,1.0,
29452,450416,1,1,6,0,45,3,2,2,45,1,high,1.0,
29453,450417,1,1,6,0,55,1,1,1,45,0,high,1.0,
29454,450418,1,1,6,0,45,1,1,1,45,0,high,1.0,
29455,450419,1,1,6,0,55,2,1,1,45,1,high,1.0,
29456,450420,1,3,6,0,70,2,1,1,45,0,low,0.3333333333333333,
29457,450421,1,2,6,0,55,1,1,1,45,1,low,0.5,
29458,450422,2,2,6,2,45,1,1,1,45,0,high,1.0,
29459,450423,1,1,6,0,35,2,1,1,45,1,high,1.0,
29460,450424,1,1,6,0,40,1,1,1,45,1,high,1.0,
29461,450425,2,4,6,1,50,2,1,1,45,0,low,0.5,
29462,450426,1,1,6,0,55,1,1,1,45,0,high,1.0,
29463,450427,1,2,6,2,55,1,1,1,45,0,low,0.5,
29464,450428,1,1,6,0,45,2,2,2,45,1,high,1.0,
29465,450429,1,2,6,0,30,2,1,1,45,0,low,0.5,
29466,450430,1,1,6,0,65,1,1,1,45,0,high,1.0,
29467,450431,1,2,6,5,35,1,1,1,45,0,low,0.5,
29468,450432,1,2,6,0,55,3,1,1,45,1,low,0.5,
29469,450433,3,3,6,5,55,1,1,1,45,0,high,1.0,
29470,450434,1,2,6,0,40,2,1,1,45,0,low,0.5,
29471,450435,1,3,6,1,70,1,1,1,45,0,low,0.3333333333333333,
29472,450436,1,1,6,0,40,3,1,1,45,0,high,1.0,
29473,450437,1,1,6,0,55,1,1,1,45,1,high,1.0,
29474,450438,2,2,6,0,35,1,1,1,45,1,high,1.0,
29475,450439,1,1,6,0,25,2,1,1,45,1,high,1.0,
29476,450440,1,1,6,0,45,2,2,2,45,1,high,1.0,
29477,450441,1,4,6,0,70,2,1,1,45,1,low,0.25,
29478,450442,1,2,6,8,55,1,1,1,45,0,low,0.5,
29479,450443,1,1,6,0,45,1,1,1,45,1,high,1.0,
29480,450444,1,3,4,0,55,2,1,1,45,0,low,0.3333333333333333,
29481,450445,1,2,6,0,55,1,1,1,45,0,low,0.5,
29482,450446,1,3,6,7,50,1,1,1,45,0,low,0.3333333333333333,
29483,450447,1,3,6,5,35,2,1,1,45,1,low,0.3333333333333333,
29484,450448,1,5,6,0,35,1,1,1,45,0,low,0.2,
29485,450449,1,3,6,5,45,2,1,1,45,1,low,0.3333333333333333,
29486,450450,2,3,6,0,70,1,1,1,45,0,high,0.6666666666666666,
29487,450451,1,4,6,0,40,3,1,1,45,2,low,0.25,
29488,450452,1,1,6,0,40,2,1,1,45,1,high,1.0,
29489,450453,1,3,6,5,55,1,1,1,45,0,low,0.3333333333333333,
29490,450454,1,3,6,0,55,2,1,1,45,1,low,0.3333333333333333,
29491,450455,1,2,6,0,55,1,1,1,45,1,low,0.5,
29492,450456,1,2,7,0,55,5,1,1,45,1,low,0.5,
29493,450457,1,2,7,0,55,2,2,2,45,2,low,0.5,
29494,450458,1,1,7,0,35,4,1,1,45,0,high,1.0,
29495,450459,1,2,7,0,55,2,2,2,45,2,low,0.5,
29496,450460,1,3,7,5,45,1,2,2,45,0,low,0.3333333333333333,
29497,450461,1,9,7,7,60,1,1,1,45,0,low,0.1111111111111111,
29498,450462,1,6,7,5,55,1,1,1,45,0,low,0.16666666666666666,
29499,450463,1,1,7,0,55,1,1,1,45,1,high,1.0,
29500,450464,1,2,7,0,20,1,1,1,45,0,low,0.5,
29501,450465,1,1,7,0,45,2,1,1,45,1,high,1.0,
29502,450466,1,5,7,3,55,1,1,1,45,0,low,0.2,
29503,450467,1,1,7,0,60,2,1,1,45,1,high,1.0,
29504,450468,1,1,5,0,55,1,1,1,45,0,high,1.0,
29505,450469,1,2,6,0,70,1,1,1,45,0,low,0.5,
29506,450470,1,1,7,0,55,1,1,1,45,0,high,1.0,
29507,450471,1,1,7,0,40,2,2,2,45,0,high,1.0,
29508,450472,1,1,7,0,55,1,1,1,45,0,high,1.0,
29509,450473,2,2,7,2,45,1,1,1,45,1,high,1.0,
29510,450474,1,1,7,0,70,2,2,2,45,1,high,1.0,
29511,450475,1,2,7,0,50,1,1,1,45,2,low,0.5,
29512,450476,1,3,7,5,35,1,1,1,45,0,low,0.3333333333333333,
29513,450477,1,1,7,0,55,2,1,1,45,1,high,1.0,
29514,450478,1,1,7,0,70,1,1,1,45,1,high,1.0,
29515,450479,1,4,7,2,70,2,5,1,45,1,low,0.25,
29516,450480,1,4,1,5,35,1,1,1,45,0,low,0.25,
29517,450481,1,3,2,4,40,1,1,1,45,1,low,0.3333333333333333,
29518,450482,1,4,4,5,55,1,1,1,45,0,low,0.25,
29519,450483,1,1,4,0,45,2,1,1,45,0,high,1.0,
29520,450484,1,3,4,4,35,1,1,1,45,0,low,0.3333333333333333,
29521,450485,2,3,5,2,45,1,1,1,45,0,high,0.6666666666666666,
29522,450486,1,4,5,5,40,1,1,1,45,0,low,0.25,
29523,450487,1,3,5,5,55,1,1,1,45,0,low,0.3333333333333333,
29524,450488,1,3,7,1,45,1,1,1,45,1,low,0.3333333333333333,
29525,450489,1,1,7,0,35,2,1,1,45,1,high,1.0,
29526,450490,1,2,7,0,45,2,1,1,45,1,low,0.5,
29527,450491,1,1,7,0,55,4,1,1,45,1,high,1.0,
29528,450492,1,1,7,1,35,2,1,1,45,0,high,1.0,
29529,450493,1,3,7,3,30,1,1,1,45,0,low,0.3333333333333333,
29530,450494,1,3,7,5,55,1,1,1,45,0,low,0.3333333333333333,
29531,450495,1,7,7,2,55,2,1,1,45,2,low,0.14285714285714285,
29532,450496,1,2,7,2,45,1,1,1,45,1,low,0.5,
29533,450497,1,2,7,6,55,1,1,1,45,0,low,0.5,
29534,450498,5,13,7,1,60,1,1,1,45,0,low,0.38461538461538464,
29535,450499,1,1,7,0,55,1,1,1,45,1,high,1.0,
29536,450500,2,3,7,5,35,2,1,1,45,1,high,0.6666666666666666,
29537,450501,2,5,7,0,70,1,2,2,45,0,low,0.4,
29538,450502,1,2,7,0,20,2,1,1,45,1,low,0.5,
29539,450503,1,2,6,0,40,2,1,1,45,1,low,0.5,
29540,450504,1,1,7,0,55,2,1,1,45,1,high,1.0,
29541,450505,1,1,7,0,55,2,1,1,45,1,high,1.0,
29542,450506,1,2,7,0,45,3,1,1,45,1,low,0.5,
29543,450507,1,5,7,0,70,1,1,1,45,0,low,0.2,
29544,450508,1,2,7,4,55,1,1,1,45,0,low,0.5,
29545,450509,1,2,7,0,50,2,1,1,45,1,low,0.5,
29546,450510,2,5,7,7,70,1,1,1,45,1,low,0.4,
29547,450511,1,3,7,0,55,1,1,1,45,1,low,0.3333333333333333,
29548,450512,1,1,7,0,25,2,1,1,45,1,high,1.0,
29549,450513,1,2,7,4,55,1,1,1,45,0,low,0.5,
29550,450514,1,2,7,2,70,2,1,1,45,1,low,0.5,
29551,450515,2,4,7,0,70,4,1,1,45,0,low,0.5,
29552,450516,1,1,7,0,50,1,1,1,45,1,high,1.0,
29553,450517,1,5,7,4,55,1,1,1,45,0,low,0.2,
29554,450518,1,1,7,0,45,2,1,1,45,0,high,1.0,
29555,450519,1,2,7,0,55,1,1,1,45,1,low,0.5,
29556,450520,1,4,7,4,45,1,1,1,45,1,low,0.25,
29557,450521,1,1,7,0,55,1,1,1,45,0,high,1.0,
29558,450522,1,1,7,0,55,2,1,1,45,1,high,1.0,
29559,450523,1,3,7,0,55,2,1,1,45,1,low,0.3333333333333333,
29560,450525,1,4,7,5,55,1,1,1,45,0,low,0.25,
29561,450526,1,1,7,0,25,5,1,1,45,0,high,1.0,
29562,450527,1,4,7,2,40,1,1,1,45,0,low,0.25,
29563,450528,1,2,7,5,35,1,1,1,45,0,low,0.5,
29564,450529,1,1,7,0,55,2,1,1,45,0,high,1.0,
29565,450530,1,1,7,0,45,1,1,1,45,0,high,1.0,
29566,450531,1,2,7,0,15,1,1,1,45,0,low,0.5,
29567,450532,1,2,7,0,55,1,1,1,45,1,low,0.5,
29568,450533,1,1,7,0,35,2,9,9,45,1,high,1.0,
29569,450534,1,2,7,0,45,2,1,1,45,0,low,0.5,
29570,450535,1,1,7,0,40,1,1,1,45,0,high,1.0,
29571,450536,1,3,7,0,55,2,1,1,45,0,low,0.3333333333333333,
29572,450537,1,1,7,0,50,5,1,1,45,0,high,1.0,
29573,450538,1,1,7,0,45,2,1,1,45,0,high,1.0,
29574,450539,1,1,7,0,55,1,1,1,45,1,high,1.0,
29575,450540,1,1,7,0,55,2,1,1,45,1,high,1.0,
29576,450541,1,4,3,4,45,1,1,1,45,0,low,0.25,
29577,450542,1,1,7,0,45,2,2,2,45,1,high,1.0,
29578,450543,1,3,7,0,45,1,1,1,45,0,low,0.3333333333333333,
29579,450544,1,6,7,4,35,1,1,1,45,0,low,0.16666666666666666,
29580,450545,1,4,7,0,60,1,2,2,45,0,low,0.25,
29581,450546,1,3,7,5,55,1,1,1,45,0,low,0.3333333333333333,
29582,450547,2,4,7,0,70,1,1,1,45,0,low,0.5,
29583,450548,1,3,7,4,40,3,1,1,45,0,low,0.3333333333333333,
29584,450549,1,3,6,5,45,3,1,1,45,2,low,0.3333333333333333,
29585,450550,2,3,7,2,55,1,1,1,45,0,high,0.6666666666666666,
29586,450551,1,2,8,5,30,1,1,1,45,0,low,0.5,
29587,450552,1,5,8,1,55,2,1,1,45,1,low,0.2,
29588,450553,1,1,8,0,50,3,1,1,45,1,high,1.0,
29589,450554,1,3,8,3,40,1,1,2,45,0,low,0.3333333333333333,
29590,450555,1,4,8,5,60,1,1,2,45,0,low,0.25,
29591,450556,1,1,8,0,35,2,1,1,45,1,high,1.0,
29592,450557,1,1,8,0,55,2,1,1,45,1,high,1.0,
29593,450558,1,1,8,0,55,1,1,1,45,0,high,1.0,
29594,450559,1,1,8,0,55,1,1,1,45,0,high,1.0,
29595,450560,1,1,8,0,60,1,1,1,45,0,high,1.0,
29596,450561,1,1,8,0,35,2,1,1,45,1,high,1.0,
29597,450562,1,2,8,0,45,2,1,1,45,2,low,0.5,
29598,450563,1,1,8,0,25,2,1,1,45,0,high,1.0,
29599,450564,1,2,2,0,55,2,1,1,45,0,low,0.5,
29600,450565,1,4,3,3,99,1,1,1,45,0,low,0.25,
29601,450566,2,2,6,0,55,2,2,2,45,1,high,1.0,
29602,450567,1,2,6,3,55,1,1,1,45,0,low,0.5,
29603,450568,1,11,6,5,45,2,1,1,45,1,low,0.09090909090909091,
29604,450569,1,1,6,0,45,1,1,1,45,0,high,1.0,
29605,450570,1,3,7,2,45,3,1,1,45,1,low,0.3333333333333333,
29606,450571,1,1,7,0,55,2,1,1,45,0,high,1.0,
29607,450572,1,4,8,1,45,1,1,1,45,0,low,0.25,
29608,450573,1,3,8,0,60,3,1,1,45,0,low,0.3333333333333333,
29609,450574,1,1,8,0,60,2,1,1,45,0,high,1.0,
29610,450575,1,1,8,0,45,1,1,1,45,0,high,1.0,
29611,450576,1,6,8,4,55,1,1,1,45,0,low,0.16666666666666666,
29612,450577,1,4,8,5,45,1,1,1,45,0,low,0.25,
29613,450578,1,3,8,3,70,2,1,1,45,0,low,0.3333333333333333,
29614,450579,1,2,8,1,55,1,1,1,45,2,low,0.5,
29615,450580,1,2,8,4,55,1,1,1,45,1,low,0.5,
29616,450581,1,7,8,1,35,1,1,1,45,0,low,0.14285714285714285,
29617,450582,1,3,8,0,55,2,1,1,45,0,low,0.3333333333333333,
29618,450583,1,1,8,0,55,1,1,1,45,0,high,1.0,
29619,450584,1,2,8,0,55,2,1,1,45,0,low,0.5,
29620,450585,1,1,8,0,55,2,1,1,45,0,high,1.0,
29621,450586,1,5,8,4,55,1,1,1,45,0,low,0.2,
29622,450587,1,2,8,0,55,1,1,1,45,0,low,0.5,
29623,450588,1,6,8,1,70,1,1,1,45,0,low,0.16666666666666666,
29624,450589,1,5,4,0,70,1,1,1,45,0,low,0.2,
29625,450590,1,1,5,0,45,1,1,1,45,0,high,1.0,
29626,450591,1,4,8,0,55,5,1,1,45,1,low,0.25,
29627,450592,1,3,8,1,55,2,1,1,45,1,low,0.3333333333333333,
29628,450593,1,4,8,8,45,2,1,1,45,1,low,0.25,
29629,450594,1,1,8,0,45,2,1,1,45,1,high,1.0,
29630,450595,1,3,8,2,45,1,1,1,45,1,low,0.3333333333333333,
29631,450596,1,1,8,0,45,2,1,1,45,0,high,1.0,
29632,450597,1,1,7,0,35,1,1,1,45,0,high,1.0,
29633,450598,1,3,8,5,40,3,1,1,45,1,low,0.3333333333333333,
29634,450599,1,3,6,0,55,1,2,2,45,1,low,0.3333333333333333,
29635,450600,1,2,6,0,55,2,1,1,45,1,low,0.5,
29636,450601,1,2,8,0,45,2,1,1,45,0,low,0.5,
29637,450602,1,1,8,0,55,2,1,1,45,1,high,1.0,
29638,450603,1,4,8,4,40,2,1,1,45,1,low,0.25,
29639,450604,1,1,8,0,45,1,1,1,45,0,high,1.0,
29640,450605,1,6,8,0,35,1,1,1,45,0,low,0.16666666666666666,
29641,450606,1,3,8,5,45,1,1,1,45,0,low,0.3333333333333333,
29642,450607,1,3,8,0,35,1,1,1,45,1,low,0.3333333333333333,
29643,450608,1,2,8,0,55,1,1,1,45,1,low,0.5,
29644,450609,1,2,8,0,50,2,1,1,45,1,low,0.5,
29645,450610,1,1,8,0,55,1,1,1,45,1,high,1.0,
29646,450611,1,8,6,5,55,1,1,1,45,1,low,0.125,
29647,450612,1,2,8,0,30,1,1,1,45,0,low,0.5,
29648,450613,3,3,8,2,55,1,1,1,45,0,high,1.0,
29649,450614,1,1,8,0,70,2,1,1,45,0,high,1.0,
29650,450615,1,4,8,5,45,1,1,1,45,0,low,0.25,
29651,450616,1,1,8,0,25,1,1,1,45,0,high,1.0,
29652,450617,1,2,8,0,60,2,1,1,45,0,low,0.5,
29653,450618,1,1,8,0,45,2,1,1,45,0,high,1.0,
29654,450619,1,2,8,0,45,1,1,1,45,1,low,0.5,
29655,450620,1,1,8,0,45,2,1,1,45,1,high,1.0,
29656,450621,1,1,8,0,45,1,1,1,45,1,high,1.0,
29657,450622,1,1,8,0,55,1,1,1,45,1,high,1.0,
29658,450623,1,1,8,0,45,2,1,1,45,1,high,1.0,
29659,450624,1,5,8,8,55,2,1,1,45,2,low,0.2,
29660,450625,2,2,8,0,55,2,1,1,45,2,high,1.0,
29661,450626,1,7,8,0,30,2,1,1,45,0,low,0.14285714285714285,
29662,450627,1,1,8,0,55,2,1,1,45,1,high,1.0,
29663,450628,1,1,8,0,55,2,1,1,45,0,high,1.0,
29664,450629,1,1,8,0,55,1,1,1,45,1,high,1.0,
29665,450630,1,3,8,8,55,1,1,1,45,1,low,0.3333333333333333,
29666,450631,1,2,8,0,45,3,1,1,45,1,low,0.5,
29667,450632,1,1,5,0,30,3,1,1,45,1,high,1.0,
29668,450633,1,1,8,0,35,2,1,1,45,1,high,1.0,
29669,450634,1,2,8,0,55,3,1,1,45,1,low,0.5,
29670,450635,1,1,8,0,70,1,1,1,45,0,high,1.0,
29671,450636,1,1,8,0,45,1,1,1,45,1,high,1.0,