,ST_CASE,FATALS,PERSONS,MONTH,MAN_COLL,SP_LIMIT,LGT_COND,WEATHER,SUR_COND,STATE,DRUNK_DR,rate,rate_numerical,arrival_time
29672,450637,1,1,8,0,25,1,1,1,45,0,high,1.0,
29673,450638,1,2,8,0,35,3,1,1,45,2,low,0.5,
29674,450639,1,1,8,0,55,1,1,1,45,0,high,1.0,
29675,450640,1,2,8,0,60,1,1,1,45,0,low,0.5,
29676,450641,1,3,8,4,45,2,2,2,45,1,low,0.3333333333333333,
29677,450642,1,1,8,0,35,1,1,1,45,0,high,1.0,
29678,450643,1,1,8,0,45,2,1,1,45,1,high,1.0,
29679,450644,1,2,8,0,45,2,1,1,45,1,low,0.5,
29680,450645,1,4,8,0,55,2,1,1,45,1,low,0.25,
29681,450646,1,3,8,0,20,2,1,1,45,1,low,0.3333333333333333,
29682,450647,1,1,8,0,55,1,1,1,45,0,high,1.0,
29683,450648,1,3,8,1,55,2,1,1,45,0,low,0.3333333333333333,
29684,450649,1,1,8,0,45,2,1,1,45,0,high,1.0,
29685,450650,1,1,8,0,40,2,1,1,45,0,high,1.0,
29686,450651,1,2,8,0,55,1,1,1,45,0,low,0.5,
29687,450652,1,1,8,0,30,2,1,1,45,1,high,1.0,
29688,450653,1,2,8,0,99,2,1,1,45,1,low,0.5,
29689,450654,1,1,4,0,55,1,2,2,45,0,high,1.0,
29690,450655,1,1,8,0,45,2,1,1,45,1,high,1.0,
29691,450656,1,4,8,3,40,1,1,1,45,0,low,0.25,
29692,450657,1,4,8,1,45,2,1,1,45,0,low,0.25,
29693,450658,1,2,8,0,70,2,1,1,45,1,low,0.5,
29694,450659,1,2,9,5,45,2,1,1,45,1,low,0.5,
29695,450660,1,3,9,4,55,1,2,2,45,1,low,0.3333333333333333,
29696,450661,1,5,9,2,70,1,2,2,45,0,low,0.2,
29697,450662,1,1,9,0,35,2,1,1,45,0,high,1.0,
29698,450663,1,1,9,0,35,1,1,1,45,0,high,1.0,
29699,450664,1,3,9,5,55,1,1,1,45,0,low,0.3333333333333333,
29700,450665,1,2,9,0,55,2,1,1,45,1,low,0.5,
29701,450666,1,1,9,0,35,1,1,1,45,1,high,1.0,
29702,450667,1,4,9,1,60,1,1,1,45,0,low,0.25,
29703,450668,1,3,9,5,55,1,1,1,45,1,low,0.3333333333333333,
29704,450669,1,1,9,0,55,2,1,1,45,0,high,1.0,
29705,450670,1,1,9,0,55,1,1,1,45,1,high,1.0,
29706,450671,2,7,9,2,99,1,1,1,45,1,low,0.2857142857142857,
29707,450672,1,2,9,3,45,2,1,1,45,2,low,0.5,
29708,450673,1,2,9,0,45,1,1,1,45,1,low,0.5,
29709,450674,1,1,9,0,30,2,1,1,45,1,high,1.0,
29710,450675,1,4,9,1,35,1,1,1,45,0,low,0.25,
29711,450676,1,1,9,0,45,2,1,1,45,1,high,1.0,
29712,450677,1,1,9,0,55,1,1,1,45,0,high,1.0,
29713,450678,1,1,9,0,55,1,1,1,45,1,high,1.0,
29714,450679,1,1,9,0,30,1,1,1,45,0,high,1.0,
29715,450680,1,4,7,0,35,1,1,1,45,0,low,0.25,
29716,450681,1,2,9,0,70,1,1,1,45,0,low,0.5,
29717,450682,1,1,9,0,45,2,1,1,45,1,high,1.0,
29718,450683,1,1,9,0,55,2,1,1,45,1,high,1.0,
29719,450684,1,1,9,0,60,2,1,1,45,0,high,1.0,
29720,450685,1,1,9,0,70,1,1,1,45,0,high,1.0,
29721,450686,1,1,9,0,55,2,1,1,45,0,high,1.0,
29722,450687,1,6,9,0,65,2,2,2,45,0,low,0.16666666666666666,
29723,450688,1,1,9,0,45,1,1,1,45,1,high,1.0,
29724,450689,1,1,9,0,45,3,1,2,45,1,high,1.0,
29725,450690,1,2,9,1,55,1,1,1,45,0,low,0.5,
29726,450691,1,2,9,0,40,2,1,1,45,1,low,0.5,
29727,450692,1,1,9,0,40,2,2,2,45,1,high,1.0,
29728,450693,1,4,8,5,50,1,1,1,45,0,low,0.25,
29729,450694,1,3,9,5,55,1,1,1,45,0,low,0.3333333333333333,
29730,450695,1,2,9,0,40,3,1,1,45,0,low,0.5,
29731,450696,1,1,9,0,25,2,1,1,45,1,high,1.0,
29732,450697,1,1,9,0,45,2,1,1,45,1,high,1.0,
29733,450698,1,1,9,0,40,2,1,1,45,0,high,1.0,
29734,450699,1,1,9,0,55,2,1,1,45,1,high,1.0,
29735,450700,1,2,9,2,30,1,1,1,45,0,low,0.5,
29736,450701,1,2,9,1,35,2,1,1,45,1,low,0.5,
29737,450702,1,1,9,0,45,5,1,1,45,0,high,1.0,
29738,450703,1,1,9,0,55,4,1,1,45,0,high,1.0,
29739,450704,1,2,9,0,35,3,1,1,45,1,low,0.5,
29740,450705,1,2,9,2,55,1,1,1,45,0,low,0.5,
29741,450706,1,1,9,0,25,1,1,1,45,0,high,1.0,
29742,450707,1,2,9,0,35,2,1,1,45,0,low,0.5,
29743,450708,1,3,9,2,45,2,1,1,45,0,low,0.3333333333333333,
29744,450709,1,2,9,4,50,1,1,1,45,1,low,0.5,
29745,450710,1,4,9,4,55,1,1,1,45,1,low,0.25,
29746,450711,2,3,9,0,70,1,1,1,45,0,high,0.6666666666666666,
29747,450712,1,2,9,0,35,1,1,1,45,0,low,0.5,
29748,450713,2,6,9,5,60,1,1,1,45,0,low,0.3333333333333333,
29749,450714,2,3,9,0,60,1,1,1,45,0,high,0.6666666666666666,
29750,450715,1,1,9,0,55,2,1,1,45,1,high,1.0,
29751,450716,1,4,9,5,45,2,1,1,45,1,low,0.25,
29752,450717,1,1,9,0,55,2,1,1,45,1,high,1.0,
29753,450718,2,4,9,1,55,2,1,1,45,1,low,0.5,
29754,450719,1,5,9,5,45,1,1,1,45,0,low,0.2,
29755,450720,1,1,10,0,50,1,1,1,45,0,high,1.0,
29756,450721,1,5,10,2,55,1,1,1,45,0,low,0.2,
29757,450722,1,2,10,0,60,2,1,1,45,0,low,0.5,
29758,450723,1,1,10,0,45,3,1,1,45,0,high,1.0,
29759,450724,1,2,10,2,40,1,1,1,45,0,low,0.5,
29760,450725,1,5,10,0,60,2,1,1,45,0,low,0.2,
29761,450726,1,2,10,0,60,2,1,1,45,0,low,0.5,
29762,450727,1,4,10,7,45,3,1,1,45,1,low,0.25,
29763,450728,1,3,10,5,55,1,5,1,45,0,low,0.3333333333333333,
29764,450729,1,4,10,0,35,2,1,1,45,1,low,0.25,
29765,450730,1,1,10,0,55,2,1,1,45,1,high,1.0,
29766,450731,1,2,10,0,45,2,1,1,45,1,low,0.5,
29767,450732,1,3,10,0,55,2,1,1,45,0,low,0.3333333333333333,
29768,450733,1,2,10,0,45,1,1,1,45,1,low,0.5,
29769,450734,1,2,10,0,55,2,1,1,45,0,low,0.5,
29770,450735,1,2,10,0,99,1,1,1,45,0,low,0.5,
29771,450736,1,1,10,0,55,1,1,1,45,1,high,1.0,
29772,450737,1,2,10,0,70,1,2,2,45,0,low,0.5,
29773,450738,1,1,10,0,35,2,1,1,45,0,high,1.0,
29774,450739,1,2,10,0,40,2,1,1,45,0,low,0.5,
29775,450740,1,1,6,0,50,2,1,1,45,0,high,1.0,
29776,450741,1,1,7,0,65,2,1,1,45,1,high,1.0,
29777,450742,1,2,8,0,70,1,1,1,45,0,low,0.5,
29778,450743,1,2,10,0,40,2,2,2,45,1,low,0.5,
29779,450744,1,2,10,0,45,2,5,1,45,0,low,0.5,
29780,450745,1,1,10,0,40,1,1,1,45,1,high,1.0,
29781,450746,1,2,10,1,45,1,1,1,45,1,low,0.5,
29782,450747,1,1,10,0,55,1,1,1,45,1,high,1.0,
29783,450748,1,1,10,0,25,2,1,1,45,1,high,1.0,
29784,450749,1,3,10,0,65,1,1,1,45,0,low,0.3333333333333333,
29785,450750,1,1,10,0,30,3,1,1,45,1,high,1.0,
29786,450751,1,4,10,5,60,1,1,1,45,0,low,0.25,
29787,450752,1,2,10,5,60,2,1,1,45,0,low,0.5,
29788,450753,1,5,10,0,55,1,1,1,45,0,low,0.2,
29789,450754,1,2,10,5,60,1,1,1,45,0,low,0.5,
29790,450755,1,1,10,0,30,1,1,1,45,1,high,1.0,
29791,450756,1,1,10,0,70,2,1,1,45,1,high,1.0,
29792,450757,1,2,10,0,40,2,1,1,45,1,low,0.5,
29793,450758,1,3,8,2,35,2,1,1,45,1,low,0.3333333333333333,
29794,450759,2,3,10,5,55,2,1,1,45,0,high,0.6666666666666666,
29795,450760,1,2,10,0,45,2,1,1,45,2,low,0.5,
29796,450761,2,2,10,0,45,2,1,1,45,0,high,1.0,
29797,450762,1,2,10,8,45,1,1,1,45,0,low,0.5,
29798,450763,1,3,10,0,25,2,1,1,45,0,low,0.3333333333333333,
29799,450764,1,2,10,0,30,3,1,1,45,0,low,0.5,
29800,450765,1,1,10,0,45,1,1,1,45,0,high,1.0,
29801,450766,1,1,10,0,55,2,1,1,45,1,high,1.0,
29802,450767,1,1,10,0,40,2,1,1,45,1,high,1.0,
29803,450768,1,1,10,0,45,2,1,1,45,1,high,1.0,
29804,450769,1,2,10,0,55,1,1,1,45,1,low,0.5,
29805,450770,1,3,10,2,55,2,1,1,45,0,low,0.3333333333333333,
29806,450771,1,1,10,0,55,2,1,1,45,1,high,1.0,
29807,450772,1,1,10,0,55,2,1,1,45,1,high,1.0,
29808,450773,1,1,10,0,70,1,1,1,45,0,high,1.0,
29809,450774,1,1,10,0,55,1,1,1,45,0,high,1.0,
29810,450775,1,4,10,5,45,5,1,1,45,1,low,0.25,
29811,450776,1,1,10,0,55,1,1,1,45,0,high,1.0,
29812,450777,1,3,10,3,35,1,1,1,45,0,low,0.3333333333333333,
29813,450778,1,1,10,0,40,1,1,1,45,1,high,1.0,
29814,450779,1,1,10,0,35,1,1,1,45,0,high,1.0,
29815,450780,2,3,10,0,55,1,1,1,45,0,high,0.6666666666666666,
29816,450781,1,3,10,0,35,2,1,1,45,1,low,0.3333333333333333,
29817,450782,1,2,10,5,45,1,1,1,45,0,low,0.5,
29818,450783,1,2,10,0,45,2,1,1,45,1,low,0.5,
29819,450784,1,2,10,0,99,2,1,1,45,0,low,0.5,
29820,450785,1,1,10,0,45,2,1,1,45,0,high,1.0,
29821,450786,1,6,10,5,99,1,1,1,45,2,low,0.16666666666666666,
29822,450787,2,4,10,2,55,3,2,2,45,0,low,0.5,
29823,450788,1,1,10,0,55,2,2,2,45,0,high,1.0,
29824,450789,1,2,10,0,45,2,1,2,45,1,low,0.5,
29825,450790,1,4,10,2,55,1,1,1,45,0,low,0.25,
29826,450791,1,4,5,0,70,1,1,1,45,0,low,0.25,
29827,450792,1,3,6,0,40,2,1,1,45,0,low,0.3333333333333333,
29828,450793,1,3,7,4,55,1,1,1,45,0,low,0.3333333333333333,
29829,450794,1,3,8,0,50,2,1,1,45,0,low,0.3333333333333333,
29830,450795,1,2,8,4,55,1,1,1,45,0,low,0.5,
29831,450796,1,5,9,1,45,2,1,1,45,0,low,0.2,
29832,450797,1,3,10,2,55,1,2,2,45,1,low,0.3333333333333333,
29833,450798,1,2,10,5,55,2,2,2,45,0,low,0.5,
29834,450799,1,12,10,1,70,1,5,1,45,0,low,0.08333333333333333,
29835,450800,1,1,10,0,35,2,1,1,45,0,high,1.0,
29836,450801,2,2,10,0,25,2,1,1,45,2,high,1.0,
29837,450802,1,2,10,0,45,1,2,2,45,0,low,0.5,
29838,450803,1,1,10,0,45,2,1,1,45,1,high,1.0,
29839,450804,1,1,10,0,45,2,1,1,45,0,high,1.0,
29840,450805,1,4,10,7,60,4,1,1,45,0,low,0.25,
29841,450806,1,2,10,0,55,2,1,1,45,0,low,0.5,
29842,450807,1,9,10,5,45,2,1,1,45,1,low,0.1111111111111111,
29843,450808,1,2,10,0,25,1,1,1,45,0,low,0.5,
29844,450809,1,1,10,0,40,3,1,1,45,0,high,1.0,
29845,450810,1,4,5,0,70,2,1,1,45,1,low,0.25,
29846,450811,1,2,6,0,40,1,1,1,45,0,low,0.5,
29847,450812,1,2,9,0,55,1,1,1,45,1,low,0.5,
29848,450813,1,4,10,7,40,3,1,1,45,1,low,0.25,
29849,450814,1,4,10,0,70,1,1,1,45,0,low,0.25,
29850,450815,1,2,10,4,55,1,1,1,45,0,low,0.5,
29851,450816,1,2,8,1,55,2,1,1,45,1,low,0.5,
29852,450818,2,7,9,0,70,1,1,1,45,0,low,0.2857142857142857,
29853,450819,1,1,6,0,45,1,1,1,45,0,high,1.0,
29854,450820,1,1,11,0,55,2,1,1,45,1,high,1.0,
29855,450821,1,1,11,0,55,2,1,1,45,1,high,1.0,
29856,450822,1,4,11,2,45,1,1,1,45,2,low,0.25,
29857,450823,1,8,11,8,35,2,1,1,45,1,low,0.125,
29858,450824,1,4,11,0,35,2,1,1,45,2,low,0.25,
29859,450825,1,3,11,0,40,2,1,1,45,0,low,0.3333333333333333,
29860,450827,1,1,11,0,40,2,1,1,45,0,high,1.0,
29861,450828,1,2,11,0,99,1,1,1,45,0,low,0.5,
29862,450829,1,2,11,3,45,3,1,1,45,1,low,0.5,
29863,450830,1,3,11,2,55,2,1,1,45,2,low,0.3333333333333333,
29864,450831,1,1,11,0,45,1,1,1,45,1,high,1.0,
29865,450832,1,2,11,2,55,1,1,1,45,0,low,0.5,
29866,450833,1,1,11,0,55,1,1,1,45,1,high,1.0,
29867,450834,1,2,11,5,40,1,1,1,45,0,low,0.5,
29868,450835,1,3,11,7,70,5,1,1,45,0,low,0.3333333333333333,
29869,450836,1,2,11,4,45,1,1,1,45,0,low,0.5,
29870,450837,1,5,11,0,55,2,1,1,45,1,low,0.2,
29871,450838,1,1,11,0,45,2,1,1,45,1,high,1.0,
29872,450839,1,2,11,1,60,3,1,1,45,1,low,0.5,
29873,450840,1,6,11,4,45,1,1,1,45,0,low,0.16666666666666666,
29874,450841,1,1,1,0,55,1,1,1,45,0,high,1.0,
29875,450842,1,6,10,1,70,2,1,1,45,0,low,0.16666666666666666,
29876,450843,1,2,10,0,40,2,1,1,45,2,low,0.5,
29877,450844,1,9,11,7,55,1,1,1,45,0,low,0.1111111111111111,
29878,450845,3,4,11,5,45,1,1,1,45,0,high,0.75,
29879,450846,1,2,11,1,70,4,1,1,45,0,low,0.5,
29880,450847,1,3,11,4,55,1,1,1,45,0,low,0.3333333333333333,
29881,450848,1,4,11,5,45,1,1,1,45,1,low,0.25,
29882,450849,1,2,11,0,45,1,1,1,45,0,low,0.5,
29883,450850,1,3,11,2,45,1,1,1,45,0,low,0.3333333333333333,
29884,450851,1,2,11,5,55,1,1,1,45,0,low,0.5,
29885,450852,1,2,11,7,55,1,1,1,45,0,low,0.5,
29886,450853,1,2,9,0,45,2,5,2,45,1,low,0.5,
29887,450854,1,2,11,0,55,2,1,1,45,1,low,0.5,
29888,450855,2,2,11,0,55,2,1,1,45,1,high,1.0,
29889,450856,1,3,11,4,45,1,1,1,45,0,low,0.3333333333333333,
29890,450857,1,1,11,0,30,3,1,1,45,1,high,1.0,
29891,450858,3,4,11,2,55,2,1,1,45,3,high,0.75,
29892,450859,1,2,11,0,45,2,1,1,45,0,low,0.5,
29893,450860,1,1,11,0,55,2,1,1,45,1,high,1.0,
29894,450861,1,1,11,0,45,2,1,1,45,1,high,1.0,
29895,450862,1,1,11,0,55,2,1,1,45,1,high,1.0,
29896,450863,3,3,11,0,55,2,1,1,45,0,high,1.0,
29897,450864,1,3,11,5,50,1,1,1,45,0,low,0.3333333333333333,
29898,450865,1,2,11,4,30,1,1,1,45,0,low,0.5,
29899,450866,1,2,11,0,55,2,1,1,45,1,low,0.5,
29900,450867,1,1,11,0,45,1,1,1,45,0,high,1.0,
29901,450868,1,2,11,0,35,1,1,1,45,0,low,0.5,
29902,450869,1,1,11,0,55,1,1,1,45,0,high,1.0,
29903,450870,2,3,11,0,55,2,1,1,45,1,high,0.6666666666666666,
29904,450871,1,4,11,2,55,2,1,1,45,1,low,0.25,
29905,450872,1,3,11,5,40,3,1,1,45,0,low,0.3333333333333333,
29906,450873,1,2,11,0,50,4,1,1,45,0,low,0.5,
29907,450874,1,3,11,2,55,2,1,1,45,0,low,0.3333333333333333,
29908,450875,1,1,11,0,45,1,1,1,45,0,high,1.0,
29909,450876,1,3,11,0,25,4,1,1,45,0,low,0.3333333333333333,
29910,450877,1,3,11,4,45,2,1,2,45,1,low,0.3333333333333333,
29911,450878,1,2,11,0,45,3,1,1,45,1,low,0.5,
29912,450879,1,2,11,0,55,2,1,1,45,0,low,0.5,
29913,450880,2,2,11,0,99,2,1,1,45,1,high,1.0,
29914,450881,1,2,6,0,45,2,1,1,45,0,low,0.5,
29915,450882,1,2,8,5,99,2,1,1,45,2,low,0.5,
29916,450883,1,2,9,0,55,2,2,2,45,0,low,0.5,
29917,450884,1,2,12,0,35,1,1,1,45,0,low,0.5,
29918,450885,1,3,12,5,45,1,1,1,45,0,low,0.3333333333333333,
29919,450886,1,1,12,0,45,2,1,1,45,1,high,1.0,
29920,450887,1,4,12,1,70,2,1,1,45,0,low,0.25,
29921,450888,1,1,12,0,55,1,1,1,45,0,high,1.0,
29922,450889,1,1,12,0,55,2,1,1,45,1,high,1.0,
29923,450890,1,1,12,0,55,1,1,1,45,1,high,1.0,
29924,450891,1,1,12,0,45,2,1,1,45,1,high,1.0,
29925,450892,2,3,12,0,35,2,1,1,45,0,high,0.6666666666666666,
29926,450893,1,3,12,0,45,3,1,1,45,1,low,0.3333333333333333,
29927,450894,1,1,12,0,55,2,1,1,45,0,high,1.0,
29928,450895,4,4,12,0,70,1,1,1,45,0,high,1.0,
29929,450896,1,2,12,1,55,2,1,1,45,0,low,0.5,
29930,450897,1,1,12,0,70,2,1,1,45,0,high,1.0,
29931,450898,1,1,12,0,55,1,1,1,45,0,high,1.0,
29932,450899,1,4,12,7,60,1,1,1,45,0,low,0.25,
29933,450900,1,2,12,0,60,2,1,1,45,1,low,0.5,
29934,450901,1,2,12,0,40,2,1,1,45,0,low,0.5,
29935,450902,1,3,12,0,60,2,1,2,45,0,low,0.3333333333333333,
29936,450903,1,1,12,0,55,2,1,1,45,1,high,1.0,
29937,450904,2,4,12,0,50,2,1,1,45,1,low,0.5,
29938,450905,1,1,12,0,45,2,1,1,45,1,high,1.0,
29939,450906,1,2,12,0,35,2,1,1,45,1,low,0.5,
29940,450907,1,1,12,0,45,2,1,1,45,1,high,1.0,
29941,450908,1,2,12,2,55,4,1,1,45,1,low,0.5,
29942,450909,1,9,12,5,55,2,1,1,45,0,low,0.1111111111111111,
29943,450910,2,4,12,0,35,2,1,1,45,2,low,0.5,
29944,450911,1,1,12,0,45,2,1,1,45,1,high,1.0,
29945,450912,1,2,12,4,20,1,1,1,45,0,low,0.5,
29946,450913,1,4,12,2,40,2,1,1,45,1,low,0.25,
29947,450914,1,5,12,5,35,2,1,1,45,0,low,0.2,
29948,450915,1,5,12,0,55,2,1,1,45,0,low,0.2,
29949,450916,1,2,12,2,40,3,1,1,45,1,low,0.5,
29950,450917,1,2,12,0,55,1,1,1,45,0,low,0.5,
29951,450918,1,2,12,3,55,2,1,1,45,0,low,0.5,
29952,450919,1,3,12,1,50,1,1,1,45,0,low,0.3333333333333333,
29953,450920,1,2,12,5,55,2,5,1,45,0,low,0.5,
29954,450921,1,5,12,5,40,3,1,1,45,0,low,0.2,
29955,450922,1,1,12,0,45,1,1,1,45,0,high,1.0,
29956,450923,1,1,12,0,55,1,1,1,45,0,high,1.0,
29957,450924,1,3,12,7,55,2,1,1,45,0,low,0.3333333333333333,
29958,450925,1,1,12,0,55,2,1,1,45,1,high,1.0,
29959,450926,1,1,12,0,55,2,5,1,45,0,high,1.0,
29960,450927,1,2,12,2,45,2,1,1,45,1,low,0.5,
29961,450928,1,2,12,2,55,1,1,1,45,0,low,0.5,
29962,450929,1,3,12,0,45,3,2,2,45,0,low,0.3333333333333333,
29963,450930,1,4,12,0,45,2,1,1,45,2,low,0.25,
29964,450931,1,1,12,0,70,1,1,1,45,0,high,1.0,
29965,450932,1,1,12,0,35,3,1,1,45,1,high,1.0,
29966,450933,1,2,12,3,70,2,1,1,45,0,low,0.5,
29967,450934,1,1,12,0,10,2,2,2,45,1,high,1.0,
29968,450935,1,3,12,2,45,1,1,1,45,1,low,0.3333333333333333,
29969,450936,1,8,12,2,35,2,1,1,45,1,low,0.125,
29970,450937,1,1,12,0,55,2,1,1,45,1,high,1.0,
29971,450938,1,2,12,0,40,3,1,1,45,0,low,0.5,
29972,450939,1,1,12,7,45,1,1,1,45,0,high,1.0,
29973,450940,1,2,12,0,55,2,1,1,45,0,low,0.5,
29974,450941,1,2,12,0,55,2,1,1,45,1,low,0.5,
29975,450942,1,3,12,1,60,2,5,1,45,0,low,0.3333333333333333,
29976,450943,1,1,12,0,55,1,1,1,45,1,high,1.0,
29977,450944,1,2,12,0,55,2,2,2,45,1,low,0.5,
29978,450945,1,1,12,0,30,2,2,2,45,1,high,1.0,
29979,450946,1,4,12,0,55,2,1,1,45,1,low,0.25,
29980,450947,2,2,12,0,45,1,1,1,45,0,high,1.0,
29981,450948,1,2,12,0,70,1,1,1,45,0,low,0.5,
29982,450949,1,3,12,2,55,2,2,2,45,0,low,0.3333333333333333,
29983,450950,2,2,12,0,55,2,2,2,45,1,high,1.0,
29984,450951,1,1,12,0,50,2,1,1,45,0,high,1.0,
29985,450952,1,1,12,0,50,1,1,1,45,0,high,1.0,
29986,450953,1,3,12,5,45,2,2,2,45,0,low,0.3333333333333333,
29987,450954,1,4,12,0,70,2,1,1,45,0,low,0.25,
29988,450955,2,6,12,0,35,2,1,1,45,0,low,0.3333333333333333,
29989,450956,1,1,12,0,35,2,2,2,45,0,high,1.0,
29990,450957,1,1,12,0,50,2,2,2,45,1,high,1.0,
29991,450958,1,2,12,4,45,2,5,2,45,1,low,0.5,
29992,450959,1,3,12,0,45,2,1,1,45,1,low,0.3333333333333333,
29993,450960,3,4,12,2,55,2,5,1,45,1,high,0.75,
29994,450961,1,1,12,0,55,2,1,1,45,1,high,1.0,
29995,450962,1,2,10,0,30,1,1,1,45,0,low,0.5,
29996,450963,1,12,11,1,35,3,1,1,45,2,low,0.08333333333333333,
29997,450964,1,1,11,0,25,3,1,1,45,1,high,1.0,
29998,450965,1,2,12,5,55,5,1,1,45,1,low,0.5,
29999,450966,1,1,12,0,55,2,1,1,45,0,high,1.0,
30000,450967,1,3,12,1,45,1,1,2,45,1,low,0.3333333333333333,
30001,450968,1,2,11,0,55,2,1,1,45,0,low,0.5,
30002,450969,3,5,11,0,55,2,1,1,45,3,high,0.6,
30003,450970,1,6,12,1,99,4,5,1,45,0,low,0.16666666666666666,
30004,450971,2,4,12,2,65,1,2,2,45,0,low,0.5,
30005,450972,1,4,4,5,70,2,1,2,45,1,low,0.25,
30006,450973,1,2,11,1,65,2,1,1,45,0,low,0.5,
30007,450974,1,1,11,0,30,2,1,1,45,1,high,1.0,
30008,450975,1,2,12,0,45,2,1,1,45,1,low,0.5,
30009,450976,1,2,8,0,99,3,1,1,45,0,low,0.5,
30010,450977,1,2,5,0,55,1,1,1,45,0,low,0.5,
30011,450978,1,2,10,0,30,1,1,1,45,0,low,0.5,
30012,450979,1,7,8,0,70,5,2,2,45,0,low,0.14285714285714285,
30013,450980,1,2,10,2,45,2,2,2,45,2,low,0.5,
30014,450981,1,3,10,2,55,1,1,1,45,0,low,0.3333333333333333,
30015,460001,1,2,1,5,55,1,1,1,46,0,low,0.5,
30016,460002,1,2,1,2,45,1,1,3,46,0,low,0.5,
30017,460003,1,2,1,3,65,1,1,1,46,0,low,0.5,
30018,460004,1,2,1,0,65,2,1,3,46,2,low,0.5,
30019,460005,1,1,1,0,65,2,4,3,46,0,high,1.0,
30020,460006,1,1,1,0,75,2,1,1,46,1,high,1.0,
30021,460007,1,2,1,0,75,1,4,4,46,0,low,0.5,
30022,460008,2,4,2,0,35,2,1,1,46,4,low,0.5,
30023,460009,2,5,2,5,65,1,4,3,46,0,low,0.4,
30024,460010,1,4,2,2,55,2,1,1,46,1,low,0.25,
30025,460011,1,1,1,0,55,2,1,1,46,1,high,1.0,
30026,460012,1,2,2,0,35,2,1,1,46,1,low,0.5,
30027,460013,1,2,2,0,75,2,1,1,46,1,low,0.5,
30028,460014,1,4,2,5,65,1,4,3,46,0,low,0.25,
30029,460015,1,1,2,1,35,1,1,1,46,0,high,1.0,
30030,460016,1,2,2,5,75,2,4,4,46,0,low,0.5,
30031,460017,1,3,2,1,65,1,4,3,46,0,low,0.3333333333333333,
30032,460018,1,4,2,1,75,1,3,4,46,0,low,0.25,
30033,460019,1,1,3,0,75,2,1,1,46,1,high,1.0,
30034,460020,1,2,3,0,45,2,2,2,46,2,low,0.5,
30035,460021,1,1,3,0,65,1,1,1,46,0,high,1.0,
30036,460022,3,6,3,6,45,1,2,2,46,0,low,0.5,
30037,460023,1,3,4,0,35,4,1,1,46,0,low,0.3333333333333333,
30038,460024,1,3,4,5,65,1,4,3,46,0,low,0.3333333333333333,
30039,460025,1,3,4,0,55,1,1,1,46,0,low,0.3333333333333333,
30040,460026,2,2,4,2,65,1,1,1,46,0,high,1.0,
30041,460027,1,4,2,0,50,5,1,1,46,1,low,0.25,
30042,460028,1,1,4,0,65,1,1,1,46,0,high,1.0,
30043,460029,1,2,4,0,75,1,1,1,46,0,low,0.5,
30044,460030,1,1,4,0,35,1,1,1,46,0,high,1.0,
30045,460031,1,2,5,0,55,2,1,1,46,2,low,0.5,
30046,460032,1,1,5,0,35,1,1,1,46,0,high,1.0,
30047,460033,1,3,4,5,45,1,1,1,46,0,low,0.3333333333333333,
30048,460034,1,2,5,0,55,2,1,1,46,2,low,0.5,
30049,460035,1,3,5,2,50,1,1,1,46,1,low,0.3333333333333333,
30050,460036,1,2,5,0,55,4,1,1,46,2,low,0.5,
30051,460037,1,2,5,0,65,1,1,1,46,0,low,0.5,
30052,460038,1,1,5,0,40,1,6,1,46,0,high,1.0,
30053,460039,1,5,5,2,35,1,1,1,46,1,low,0.2,
30054,460040,1,6,6,5,65,1,1,1,46,0,low,0.16666666666666666,
30055,460041,1,1,6,0,55,1,1,1,46,0,high,1.0,
30056,460042,1,1,6,0,55,5,1,1,46,1,high,1.0,
30057,460043,1,3,6,2,40,1,1,1,46,0,low,0.3333333333333333,
30058,460044,3,4,6,0,55,1,1,1,46,0,high,0.75,
30059,460045,1,1,5,0,55,1,1,1,46,1,high,1.0,
30060,460046,1,3,6,0,65,1,1,1,46,0,low,0.3333333333333333,
30061,460047,2,6,6,7,75,2,1,1,46,2,low,0.3333333333333333,
30062,460048,2,2,4,2,45,5,1,1,46,0,high,1.0,
30063,460049,1,1,6,0,65,1,2,2,46,0,high,1.0,
30064,460050,1,1,6,0,55,1,1,1,46,0,high,1.0,
30065,460051,1,1,6,0,75,1,1,1,46,0,high,1.0,
30066,460052,1,6,6,0,45,1,1,1,46,0,low,0.16666666666666666,
30067,460053,1,4,6,2,65,1,1,1,46,0,low,0.25,
30068,460054,1,5,7,2,55,1,1,1,46,0,low,0.2,
30069,460055,2,2,7,0,45,3,1,1,46,2,high,1.0,