,ST_CASE,FATALS,PERSONS,MONTH,MAN_COLL,SP_LIMIT,LGT_COND,WEATHER,SUR_COND,STATE,DRUNK_DR,rate,rate_numerical,arrival_time
30070,460056,1,5,7,4,75,1,1,1,46,0,low,0.2,
30071,460057,1,2,7,3,65,2,1,1,46,1,low,0.5,
30072,460058,1,1,7,0,65,2,9,9,46,1,high,1.0,
30073,460059,1,1,7,0,45,1,1,1,46,1,high,1.0,
30074,460060,1,1,7,0,65,2,1,1,46,0,high,1.0,
30075,460061,1,1,7,0,55,1,1,1,46,0,high,1.0,
30076,460062,1,1,7,0,65,1,1,1,46,0,high,1.0,
30077,460063,1,3,7,1,65,1,1,1,46,0,low,0.3333333333333333,
30078,460064,2,2,7,0,50,1,1,1,46,2,high,1.0,
30079,460065,1,1,7,0,55,1,1,1,46,0,high,1.0,
30080,460066,1,1,7,0,65,1,1,1,46,1,high,1.0,
30081,460067,1,2,8,0,40,1,1,1,46,2,low,0.5,
30082,460068,2,2,8,0,65,1,1,1,46,0,high,1.0,
30083,460069,1,1,8,0,45,1,1,1,46,0,high,1.0,
30084,460070,1,1,8,0,55,2,1,1,46,1,high,1.0,
30085,460071,1,2,8,0,75,5,1,1,46,0,low,0.5,
30086,460072,1,1,8,0,55,1,1,1,46,0,high,1.0,
30087,460073,2,2,8,0,75,2,1,1,46,0,high,1.0,
30088,460074,1,1,8,0,35,1,1,1,46,0,high,1.0,
30089,460075,1,5,8,0,55,2,1,1,46,3,low,0.2,
30090,460076,1,1,8,0,65,2,1,1,46,1,high,1.0,
30091,460077,1,3,1,0,65,1,9,1,46,2,low,0.3333333333333333,
30092,460078,1,3,1,0,65,2,9,1,46,2,low,0.3333333333333333,
30093,460079,1,4,2,0,30,1,9,1,46,1,low,0.25,
30094,460080,1,5,8,5,45,1,1,1,46,0,low,0.2,
30095,460081,1,2,8,0,45,2,1,1,46,2,low,0.5,
30096,460082,1,2,7,0,55,2,1,1,46,0,low,0.5,
30097,460083,1,4,9,0,50,2,1,1,46,0,low,0.25,
30098,460084,1,3,9,0,55,1,1,1,46,1,low,0.3333333333333333,
30099,460085,1,1,8,0,55,1,1,1,46,0,high,1.0,
30100,460086,1,2,9,9,75,1,2,2,46,0,low,0.5,
30101,460087,1,3,9,5,65,1,2,2,46,0,low,0.3333333333333333,
30102,460088,1,2,9,4,55,1,1,1,46,1,low,0.5,
30103,460089,2,4,3,0,55,2,1,1,46,0,low,0.5,
30104,460090,1,2,4,0,65,2,1,1,46,1,low,0.5,
30105,460091,1,3,6,0,55,1,1,1,46,0,low,0.3333333333333333,
30106,460092,1,1,8,0,55,1,1,1,46,0,high,1.0,
30107,460093,1,2,9,0,55,2,1,1,46,1,low,0.5,
30108,460094,1,3,9,1,65,2,1,1,46,1,low,0.3333333333333333,
30109,460095,1,1,9,0,45,1,1,1,46,0,high,1.0,
30110,460096,1,2,9,3,25,1,1,1,46,0,low,0.5,
30111,460097,2,4,9,5,35,3,1,1,46,1,low,0.5,
30112,460098,1,3,8,0,65,1,1,1,46,0,low,0.3333333333333333,
30113,460099,1,1,8,0,35,2,2,2,46,1,high,1.0,
30114,460100,1,1,9,0,30,1,1,1,46,0,high,1.0,
30115,460101,1,1,9,0,55,1,1,1,46,0,high,1.0,
30116,460102,1,2,10,2,55,1,1,1,46,0,low,0.5,
30117,460103,1,2,10,0,25,3,1,1,46,2,low,0.5,
30118,460104,1,5,10,5,45,1,1,1,46,0,low,0.2,
30119,460105,1,3,10,0,65,2,2,2,46,1,low,0.3333333333333333,
30120,460106,1,1,10,0,55,2,1,1,46,0,high,1.0,
30121,460107,1,3,10,0,35,3,1,1,46,0,low,0.3333333333333333,
30122,460108,1,2,10,2,40,1,1,1,46,0,low,0.5,
30123,460109,1,1,10,0,75,2,1,1,46,1,high,1.0,
30124,460110,1,5,11,0,75,4,1,1,46,0,low,0.2,
30125,460111,1,1,11,0,65,2,1,1,46,1,high,1.0,
30126,460112,1,4,11,2,55,2,1,1,46,1,low,0.25,
30127,460113,1,2,11,0,65,2,1,1,46,1,low,0.5,
30128,460114,1,1,11,0,75,1,1,1,46,0,high,1.0,
30129,460115,1,3,11,5,55,1,1,1,46,0,low,0.3333333333333333,
30130,460116,1,1,11,0,35,2,1,1,46,1,high,1.0,
30131,460117,1,2,11,0,65,1,1,1,46,0,low,0.5,
30132,460118,1,4,11,0,65,1,1,1,46,2,low,0.25,
30133,460119,1,2,11,2,65,3,1,1,46,0,low,0.5,
30134,460120,1,5,11,0,55,2,1,1,46,0,low,0.2,
30135,460121,2,4,11,0,35,1,1,1,46,1,low,0.5,
30136,460122,1,2,11,0,50,2,1,1,46,0,low,0.5,
30137,460123,1,1,12,0,45,2,3,4,46,1,high,1.0,
30138,460124,1,1,11,0,45,2,1,9,46,1,high,1.0,
30139,460125,1,2,12,0,75,2,1,4,46,0,low,0.5,
30140,460126,1,4,12,5,25,3,1,4,46,0,low,0.25,
30141,460127,1,2,12,0,75,1,4,3,46,0,low,0.5,
30142,460128,1,6,12,5,55,2,5,2,46,0,low,0.16666666666666666,
30143,460129,1,1,12,1,75,1,1,1,46,0,high,1.0,
30144,460130,1,2,11,0,65,1,1,1,46,1,low,0.5,
30145,470001,1,3,2,2,45,1,1,1,47,0,low,0.3333333333333333,
30146,470002,1,1,1,0,45,1,1,1,47,0,high,1.0,
30147,470003,1,1,1,0,55,1,1,1,47,0,high,1.0,
30148,470004,1,1,2,0,45,1,1,1,47,0,high,1.0,
30149,470005,1,3,2,4,55,1,4,3,47,0,low,0.3333333333333333,
30150,470006,1,3,1,5,40,1,1,1,47,0,low,0.3333333333333333,
30151,470007,1,2,2,4,55,2,1,1,47,1,low,0.5,
30152,470008,1,1,2,0,50,1,1,1,47,0,high,1.0,
30153,470009,1,1,2,0,30,1,1,1,47,0,high,1.0,
30154,470010,2,2,2,0,70,2,1,1,47,0,high,1.0,
30155,470011,1,4,2,0,30,2,1,2,47,0,low,0.25,
30156,470012,1,1,2,0,55,1,1,2,47,1,high,1.0,
30157,470013,2,4,2,0,99,1,8,2,47,4,low,0.5,
30158,470014,2,3,2,0,55,2,1,1,47,3,high,0.6666666666666666,
30159,470015,1,1,2,0,55,2,1,1,47,1,high,1.0,
30160,470016,1,2,2,5,55,1,1,1,47,0,low,0.5,
30161,470017,1,3,1,0,35,3,1,1,47,3,low,0.3333333333333333,
30162,470019,1,1,2,0,45,1,1,1,47,0,high,1.0,
30163,470020,1,2,2,0,35,2,1,1,47,2,low,0.5,
30164,470021,1,2,2,0,55,1,1,1,47,0,low,0.5,
30165,470022,1,1,1,0,55,2,1,2,47,1,high,1.0,
30166,470023,1,1,1,0,35,2,1,1,47,0,high,1.0,
30167,470024,1,2,1,2,45,1,1,1,47,0,low,0.5,
30168,470025,1,2,1,2,35,1,1,1,47,0,low,0.5,
30169,470026,1,2,1,2,65,1,2,2,47,0,low,0.5,
30170,470027,1,3,1,5,45,2,1,2,47,0,low,0.3333333333333333,
30171,470028,1,2,1,2,55,2,1,1,47,0,low,0.5,
30172,470029,1,1,1,0,45,4,1,1,47,1,high,1.0,
30173,470030,1,2,1,0,35,1,1,1,47,0,low,0.5,
30174,470031,1,2,1,0,55,3,1,1,47,1,low,0.5,
30175,470032,1,1,1,0,40,1,1,1,47,0,high,1.0,
30176,470033,1,2,1,0,45,3,2,2,47,1,low,0.5,
30177,470034,1,3,1,0,45,3,1,1,47,0,low,0.3333333333333333,
30178,470035,1,1,1,1,70,2,1,1,47,1,high,1.0,
30179,470036,1,1,1,0,55,1,1,1,47,0,high,1.0,
30180,470037,1,3,1,8,55,1,1,1,47,0,low,0.3333333333333333,
30181,470038,3,6,1,5,30,1,1,1,47,0,low,0.5,
30182,470039,1,3,1,0,70,2,1,1,47,1,low,0.3333333333333333,
30183,470041,1,1,1,0,99,1,1,1,47,1,high,1.0,
30184,470042,1,2,1,0,40,3,1,1,47,0,low,0.5,
30185,470043,1,1,1,0,55,2,1,1,47,0,high,1.0,
30186,470044,1,4,1,5,40,3,1,1,47,0,low,0.25,
30187,470045,1,1,1,0,30,1,1,1,47,0,high,1.0,
30188,470046,1,2,1,5,35,1,1,1,47,0,low,0.5,
30189,470047,1,3,1,1,45,1,1,1,47,0,low,0.3333333333333333,
30190,470048,1,1,1,0,50,1,1,1,47,0,high,1.0,
30191,470049,1,2,1,0,45,2,1,2,47,2,low,0.5,
30192,470050,1,2,1,0,40,3,2,2,47,0,low,0.5,
30193,470051,1,1,1,0,55,3,1,1,47,0,high,1.0,
30194,470052,1,2,1,0,30,3,1,1,47,0,low,0.5,
30195,470053,1,6,1,5,55,1,2,2,47,0,low,0.16666666666666666,
30196,470054,2,4,1,2,65,2,1,1,47,1,low,0.5,
30197,470055,1,1,1,0,70,2,1,1,47,0,high,1.0,
30198,470056,1,4,1,0,65,5,1,1,47,0,low,0.25,
30199,470057,1,2,1,2,99,1,2,2,47,0,low,0.5,
30200,470058,1,1,1,0,55,5,1,1,47,1,high,1.0,
30201,470059,2,2,1,0,45,3,1,1,47,0,high,1.0,
30202,470060,1,1,1,0,45,1,1,1,47,0,high,1.0,
30203,470061,1,3,1,2,55,2,1,1,47,1,low,0.3333333333333333,
30204,470062,1,4,1,3,55,2,1,1,47,0,low,0.25,
30205,470063,1,2,1,5,30,1,1,1,47,0,low,0.5,
30206,470064,1,3,1,0,30,3,1,1,47,0,low,0.3333333333333333,
30207,470065,1,1,1,0,40,2,1,1,47,0,high,1.0,
30208,470066,1,3,1,4,45,3,1,1,47,1,low,0.3333333333333333,
30209,470067,1,1,1,0,55,3,1,1,47,0,high,1.0,
30210,470068,1,2,1,0,65,2,1,2,47,1,low,0.5,
30211,470069,1,2,1,0,30,1,1,1,47,0,low,0.5,
30212,470070,1,1,1,0,55,3,2,2,47,0,high,1.0,
30213,470071,1,3,1,2,40,1,1,1,47,0,low,0.3333333333333333,
30214,470072,1,6,1,1,45,1,1,1,47,0,low,0.16666666666666666,
30215,470073,1,4,1,5,55,1,2,2,47,0,low,0.25,
30216,470074,1,2,1,0,30,1,1,1,47,0,low,0.5,
30217,470075,1,2,1,0,40,3,1,1,47,0,low,0.5,
30218,470076,1,1,2,0,55,2,1,1,47,0,high,1.0,
30219,470077,1,1,2,0,45,1,1,1,47,0,high,1.0,
30220,470078,1,3,2,1,70,2,4,2,47,2,low,0.3333333333333333,
30221,470080,2,3,3,2,45,1,1,1,47,0,high,0.6666666666666666,
30222,470081,1,2,2,5,45,1,1,1,47,0,low,0.5,
30223,470082,1,3,3,1,70,2,1,1,47,0,low,0.3333333333333333,
30224,470083,1,1,2,0,55,1,1,1,47,0,high,1.0,
30225,470084,1,2,3,4,55,2,1,1,47,0,low,0.5,
30226,470085,1,4,2,6,50,1,1,1,47,0,low,0.25,
30227,470086,1,2,3,2,55,1,1,1,47,0,low,0.5,
30228,470087,1,1,3,1,70,2,1,1,47,1,high,1.0,
30229,470088,1,2,3,3,55,1,1,1,47,0,low,0.5,
30230,470089,2,3,3,2,0,1,1,1,47,2,high,0.6666666666666666,
30231,470090,1,2,2,0,55,2,1,1,47,0,low,0.5,
30232,470091,1,5,2,0,40,2,1,1,47,2,low,0.2,
30233,470092,1,1,2,0,99,2,1,1,47,1,high,1.0,
30234,470093,1,2,3,5,45,4,2,2,47,0,low,0.5,
30235,470094,1,2,2,0,55,2,1,1,47,1,low,0.5,
30236,470095,1,2,2,5,45,1,1,1,47,0,low,0.5,
30237,470096,1,3,2,2,50,2,1,1,47,0,low,0.3333333333333333,
30238,470097,1,2,2,0,40,1,9,4,47,0,low,0.5,
30239,470098,1,3,2,5,65,1,1,1,47,0,low,0.3333333333333333,
30240,470099,1,2,2,0,65,2,4,2,47,1,low,0.5,
30241,470100,1,2,2,5,45,1,4,2,47,1,low,0.5,
30242,470101,1,7,2,2,55,3,1,1,47,1,low,0.14285714285714285,
30243,470102,1,1,2,0,55,2,1,1,47,0,high,1.0,
30244,470103,1,1,2,0,55,2,1,1,47,0,high,1.0,
30245,470104,1,2,2,2,30,2,1,2,47,1,low,0.5,
30246,470105,1,4,2,2,55,1,1,1,47,0,low,0.25,
30247,470106,1,5,2,0,50,3,1,1,47,1,low,0.2,
30248,470107,1,1,2,0,55,2,1,1,47,1,high,1.0,
30249,470108,3,5,2,5,45,3,1,1,47,0,high,0.6,
30250,470109,1,1,2,0,55,2,1,1,47,1,high,1.0,
30251,470110,1,1,2,0,45,9,1,1,47,0,high,1.0,
30252,470111,1,2,5,8,55,2,1,1,47,0,low,0.5,
30253,470113,2,4,2,1,65,2,1,1,47,0,low,0.5,
30254,470114,1,1,2,0,30,3,2,2,47,0,high,1.0,
30255,470115,1,1,2,0,55,1,1,1,47,0,high,1.0,
30256,470116,1,1,2,0,40,3,2,1,47,0,high,1.0,
30257,470117,1,2,2,0,55,2,1,1,47,1,low,0.5,
30258,470118,1,1,2,0,55,2,1,1,47,0,high,1.0,
30259,470119,1,2,2,5,35,1,1,1,47,0,low,0.5,
30260,470120,1,4,2,5,40,1,1,1,47,0,low,0.25,
30261,470121,1,3,2,2,50,3,1,1,47,1,low,0.3333333333333333,
30262,470122,1,2,2,0,20,1,1,1,47,0,low,0.5,
30263,470123,1,1,2,0,65,1,1,1,47,0,high,1.0,
30264,470124,1,1,2,0,40,2,1,1,47,0,high,1.0,
30265,470125,1,3,2,6,40,1,1,1,47,0,low,0.3333333333333333,
30266,470126,1,1,2,0,35,2,1,1,47,0,high,1.0,
30267,470128,1,1,2,0,35,1,1,1,47,1,high,1.0,
30268,470129,1,1,2,0,70,3,1,1,47,0,high,1.0,
30269,470130,1,2,2,0,40,3,1,1,47,0,low,0.5,
30270,470131,1,1,2,0,45,1,1,1,47,0,high,1.0,
30271,470132,1,1,2,0,70,2,1,1,47,0,high,1.0,
30272,470133,3,4,3,2,55,2,2,2,47,2,high,0.75,
30273,470134,1,2,3,0,45,2,1,1,47,0,low,0.5,
30274,470135,1,5,3,5,35,1,1,1,47,0,low,0.2,
30275,470136,1,2,1,2,70,2,1,1,47,0,low,0.5,
30276,470137,1,2,3,0,55,1,1,1,47,0,low,0.5,
30277,470138,1,3,5,5,40,3,1,1,47,0,low,0.3333333333333333,
30278,470139,1,2,5,1,55,3,1,1,47,1,low,0.5,
30279,470140,1,1,3,0,55,1,1,1,47,0,high,1.0,
30280,470141,1,2,3,0,35,2,1,1,47,0,low,0.5,
30281,470142,1,2,3,0,45,2,1,1,47,0,low,0.5,
30282,470143,1,2,3,1,70,1,1,1,47,0,low,0.5,
30283,470144,1,2,4,1,45,1,1,1,47,0,low,0.5,
30284,470145,2,3,4,0,65,1,1,1,47,0,high,0.6666666666666666,
30285,470146,1,2,3,0,70,1,1,1,47,2,low,0.5,
30286,470147,1,3,3,2,65,1,1,1,47,0,low,0.3333333333333333,
30287,470148,1,1,3,0,30,3,1,1,47,0,high,1.0,
30288,470149,1,2,3,0,55,2,1,1,47,2,low,0.5,
30289,470150,1,3,3,5,30,1,1,1,47,0,low,0.3333333333333333,
30290,470151,1,2,3,0,45,1,1,1,47,0,low,0.5,
30291,470152,1,2,5,1,50,1,1,1,47,0,low,0.5,
30292,470153,1,2,5,0,35,1,1,1,47,0,low,0.5,
30293,470154,2,3,6,5,30,1,1,1,47,0,high,0.6666666666666666,
30294,470155,1,1,3,0,25,5,1,1,47,0,high,1.0,
30295,470156,1,1,3,0,40,3,1,1,47,1,high,1.0,
30296,470157,1,1,3,0,45,2,1,1,47,0,high,1.0,
30297,470158,1,1,3,0,40,2,2,2,47,0,high,1.0,
30298,470159,1,2,3,0,55,1,1,1,47,0,low,0.5,
30299,470160,1,1,3,0,45,1,1,1,47,0,high,1.0,
30300,470161,2,7,3,5,40,3,1,1,47,0,low,0.2857142857142857,
30301,470162,1,4,3,0,30,3,1,1,47,1,low,0.25,
30302,470163,1,1,3,0,45,2,1,1,47,0,high,1.0,
30303,470164,1,3,3,0,70,2,1,1,47,0,low,0.3333333333333333,
30304,470165,1,2,3,0,50,3,1,1,47,1,low,0.5,
30305,470166,1,1,3,0,35,2,1,1,47,0,high,1.0,
30306,470167,1,4,3,1,70,1,1,1,47,0,low,0.25,
30307,470168,1,1,3,0,55,1,2,2,47,0,high,1.0,
30308,470169,1,1,4,0,55,1,1,1,47,0,high,1.0,
30309,470170,1,3,4,4,70,1,2,2,47,0,low,0.3333333333333333,
30310,470171,1,2,5,1,65,2,1,1,47,0,low,0.5,
30311,470172,1,3,3,5,50,3,1,1,47,1,low,0.3333333333333333,
30312,470173,1,2,3,2,55,1,1,1,47,0,low,0.5,
30313,470174,1,2,4,5,55,4,1,1,47,0,low,0.5,
30314,470175,1,2,5,0,45,3,2,2,47,0,low,0.5,
30315,470176,1,2,3,1,70,2,1,1,47,0,low,0.5,
30316,470177,1,2,4,0,45,1,1,1,47,0,low,0.5,
30317,470178,1,3,3,2,40,1,1,1,47,0,low,0.3333333333333333,
30318,470179,1,2,4,1,55,3,1,1,47,0,low,0.5,
30319,470180,1,2,5,1,70,2,1,1,47,0,low,0.5,
30320,470181,1,3,4,5,45,1,1,1,47,0,low,0.3333333333333333,
30321,470182,1,2,7,2,45,1,1,1,47,0,low,0.5,
30322,470183,1,4,7,5,70,1,1,1,47,0,low,0.25,
30323,470184,1,2,7,1,70,1,3,2,47,0,low,0.5,
30324,470185,1,5,6,1,55,3,1,1,47,0,low,0.2,
30325,470186,1,1,8,0,45,1,1,1,47,0,high,1.0,
30326,470187,1,3,3,0,70,2,1,1,47,3,low,0.3333333333333333,
30327,470188,1,1,3,0,55,1,1,1,47,0,high,1.0,
30328,470189,2,3,3,0,55,2,1,1,47,2,high,0.6666666666666666,
30329,470190,1,1,3,0,55,2,1,1,47,0,high,1.0,
30330,470191,2,2,3,0,35,2,1,1,47,1,high,1.0,
30331,470192,1,1,3,0,45,2,1,1,47,1,high,1.0,
30332,470193,1,2,3,2,45,1,1,1,47,0,low,0.5,
30333,470194,1,1,3,0,65,2,2,2,47,1,high,1.0,
30334,470195,1,1,3,0,55,2,1,1,47,0,high,1.0,
30335,470196,1,1,3,0,55,1,2,2,47,1,high,1.0,
30336,470197,1,4,3,4,55,2,1,1,47,0,low,0.25,
30337,470198,1,4,3,4,35,1,1,1,47,0,low,0.25,
30338,470199,1,1,3,0,40,2,1,1,47,1,high,1.0,
30339,470200,1,2,3,0,45,2,1,1,47,1,low,0.5,
30340,470201,2,2,3,0,45,1,1,1,47,2,high,1.0,
30341,470202,1,1,3,0,45,1,1,1,47,1,high,1.0,
30342,470203,3,3,3,0,70,2,1,1,47,2,high,1.0,
30343,470204,1,4,3,4,45,1,1,1,47,0,low,0.25,
30344,470205,1,1,3,0,0,2,1,1,47,0,high,1.0,
30345,470206,1,2,3,2,65,1,1,1,47,0,low,0.5,
30346,470207,1,2,3,0,35,3,1,1,47,0,low,0.5,
30347,470208,1,1,3,0,55,1,1,1,47,0,high,1.0,
30348,470209,1,1,3,0,45,1,1,1,47,0,high,1.0,
30349,470210,1,1,3,0,55,2,1,1,47,1,high,1.0,
30350,470211,1,1,3,0,55,1,1,1,47,0,high,1.0,
30351,470212,1,2,3,0,45,2,1,1,47,1,low,0.5,
30352,470213,1,1,3,0,65,1,1,1,47,0,high,1.0,
30353,470214,1,1,3,0,40,1,1,2,47,0,high,1.0,
30354,470215,1,2,3,0,55,1,1,1,47,2,low,0.5,
30355,470216,1,3,4,2,45,1,1,1,47,1,low,0.3333333333333333,
30356,470217,1,2,3,5,40,1,1,1,47,0,low,0.5,
30357,470218,1,2,3,0,45,2,1,2,47,2,low,0.5,
30358,470219,1,3,3,1,70,2,1,1,47,1,low,0.3333333333333333,
30359,470220,1,2,4,0,55,2,1,1,47,2,low,0.5,
30360,470221,3,4,4,4,25,2,1,1,47,0,high,0.75,
30361,470222,1,2,4,0,55,2,1,1,47,2,low,0.5,
30362,470223,1,1,4,0,45,2,1,1,47,1,high,1.0,
30363,470224,1,2,4,4,70,2,1,1,47,0,low,0.5,
30364,470225,1,4,4,4,55,1,1,1,47,0,low,0.25,
30365,470226,1,3,4,0,35,2,1,1,47,0,low,0.3333333333333333,
30366,470227,1,1,4,0,55,1,1,1,47,0,high,1.0,
30367,470228,1,2,4,2,55,1,1,1,47,0,low,0.5,
30368,470229,1,4,4,4,55,2,1,1,47,0,low,0.25,
30369,470230,1,2,4,2,55,2,1,1,47,0,low,0.5,
30370,470231,1,2,4,0,30,1,1,1,47,0,low,0.5,
30371,470232,1,3,4,4,65,1,1,1,47,0,low,0.3333333333333333,
30372,470233,1,1,4,0,45,2,1,1,47,0,high,1.0,
30373,470234,1,3,4,0,55,1,2,2,47,0,low,0.3333333333333333,
30374,470235,1,2,4,0,70,1,2,2,47,0,low,0.5,
30375,470236,1,1,4,0,45,4,2,2,47,1,high,1.0,
30376,470237,1,2,3,0,35,1,1,1,47,0,low,0.5,
30377,470238,1,1,3,0,25,2,1,1,47,0,high,1.0,
30378,470239,1,1,4,0,45,1,1,1,47,0,high,1.0,
30379,470240,1,7,3,7,65,1,2,2,47,0,low,0.14285714285714285,
30380,470241,1,4,4,2,45,2,1,2,47,0,low,0.25,
30381,470242,1,3,4,0,45,2,1,1,47,0,low,0.3333333333333333,
30382,470243,1,2,4,0,15,5,1,1,47,2,low,0.5,
30383,470244,1,1,4,0,55,1,2,2,47,0,high,1.0,
30384,470245,1,4,4,0,55,2,1,1,47,0,low,0.25,
30385,470246,1,4,4,2,55,2,1,1,47,1,low,0.25,
30386,470247,2,2,4,0,55,2,1,1,47,0,high,1.0,
30387,470248,1,2,4,5,40,3,2,2,47,0,low,0.5,
30388,470249,1,2,4,5,40,3,2,2,47,0,low,0.5,
30389,470250,1,1,4,0,55,1,1,1,47,1,high,1.0,
30390,470251,1,1,4,0,70,2,1,1,47,1,high,1.0,
30391,470252,1,1,4,0,55,1,1,1,47,0,high,1.0,
30392,470253,1,2,4,0,55,1,1,1,47,0,low,0.5,
30393,470254,1,3,4,5,55,1,1,1,47,0,low,0.3333333333333333,
30394,470255,1,1,4,0,30,1,1,1,47,0,high,1.0,
30395,470256,1,3,4,2,30,3,1,1,47,0,low,0.3333333333333333,
30396,470257,1,3,4,2,55,1,1,1,47,0,low,0.3333333333333333,
30397,470258,1,2,4,0,55,3,1,1,47,0,low,0.5,
30398,470259,1,3,4,4,55,1,1,1,47,0,low,0.3333333333333333,
30399,470260,1,3,4,4,55,2,2,2,47,0,low,0.3333333333333333,
30400,470261,1,1,4,0,35,3,1,1,47,0,high,1.0,
30401,470262,1,2,4,0,40,3,2,2,47,0,low,0.5,
30402,470263,1,4,4,5,65,1,1,1,47,0,low,0.25,
30403,470264,1,2,4,0,35,1,1,1,47,0,low,0.5,
30404,470265,1,5,4,8,45,2,1,1,47,0,low,0.2,
30405,470266,1,1,3,0,70,1,1,1,47,0,high,1.0,
30406,470267,1,2,4,5,55,1,1,1,47,0,low,0.5,
30407,470268,1,2,4,0,45,3,1,1,47,0,low,0.5,
30408,470269,1,1,4,0,70,1,1,1,47,0,high,1.0,
30409,470270,1,1,4,0,55,2,1,1,47,1,high,1.0,
30410,470271,1,1,4,0,40,1,1,1,47,0,high,1.0,
30411,470272,1,6,4,1,45,1,1,1,47,0,low,0.16666666666666666,
30412,470273,1,3,5,0,45,2,1,1,47,1,low,0.3333333333333333,
30413,470274,1,1,5,0,40,1,1,1,47,0,high,1.0,
30414,470275,1,1,5,0,70,1,1,1,47,0,high,1.0,
30415,470276,1,3,5,2,35,3,5,1,47,0,low,0.3333333333333333,
30416,470277,1,1,5,0,45,2,1,1,47,1,high,1.0,
30417,470279,1,2,4,5,25,1,1,1,47,1,low,0.5,
30418,470280,1,1,5,0,45,2,1,1,47,0,high,1.0,
30419,470281,1,5,5,0,45,1,2,2,47,0,low,0.2,
30420,470282,1,1,5,0,55,2,1,1,47,0,high,1.0,
30421,470283,1,1,5,0,45,1,2,2,47,0,high,1.0,
30422,470284,1,3,5,0,25,3,1,1,47,1,low,0.3333333333333333,
30423,470285,1,2,4,0,45,1,1,1,47,1,low,0.5,
30424,470286,1,5,4,7,45,3,1,1,47,0,low,0.2,
30425,470287,1,1,4,0,55,1,2,2,47,0,high,1.0,
30426,470288,1,2,4,0,55,1,6,1,47,0,low,0.5,
30427,470289,1,1,4,0,35,1,1,1,47,1,high,1.0,
30428,470290,1,1,4,0,25,1,1,1,47,0,high,1.0,
30429,470291,1,8,4,5,55,2,1,2,47,0,low,0.125,
30430,470292,1,2,4,7,55,1,1,1,47,0,low,0.5,
30431,470293,1,3,5,2,45,1,1,1,47,0,low,0.3333333333333333,
30432,470294,1,1,5,0,55,1,1,9,47,0,high,1.0,
30433,470295,1,1,5,0,65,2,1,1,47,1,high,1.0,
30434,470296,1,1,5,0,55,1,1,1,47,0,high,1.0,
30435,470297,1,2,4,1,45,3,1,1,47,1,low,0.5,
30436,470298,1,4,5,0,55,2,1,1,47,0,low,0.25,
30437,470299,1,1,5,0,70,1,1,1,47,0,high,1.0,
30438,470300,1,2,5,5,40,1,1,1,47,0,low,0.5,
30439,470301,1,2,5,0,25,1,1,1,47,0,low,0.5,
30440,470302,1,4,5,2,35,2,1,1,47,1,low,0.25,
30441,470303,2,3,4,0,30,1,1,1,47,0,high,0.6666666666666666,
30442,470304,1,1,4,0,45,3,1,1,47,0,high,1.0,
30443,470305,1,3,4,0,45,1,1,1,47,0,low,0.3333333333333333,
30444,470306,1,2,5,5,35,1,1,1,47,1,low,0.5,
30445,470307,1,2,5,4,45,3,1,1,47,1,low,0.5,
30446,470308,1,2,4,0,45,2,1,1,47,0,low,0.5,
30447,470309,1,2,5,0,40,1,1,1,47,0,low,0.5,
30448,470310,1,3,6,0,25,3,1,1,47,1,low,0.3333333333333333,
30449,470311,1,1,5,0,40,1,1,1,47,0,high,1.0,
30450,470312,1,1,6,0,45,3,1,1,47,1,high,1.0,
30451,470313,1,1,5,0,70,1,1,1,47,1,high,1.0,
30452,470314,1,2,5,99,70,3,1,1,47,0,low,0.5,
30453,470315,1,2,3,4,45,1,1,1,47,0,low,0.5,
30454,470316,1,2,4,2,45,1,6,1,47,0,low,0.5,
30455,470317,1,2,5,0,30,3,1,1,47,1,low,0.5,
30456,470318,1,5,5,7,70,1,1,1,47,0,low,0.2,
30457,470319,1,3,5,0,45,1,1,1,47,0,low,0.3333333333333333,
30458,470320,1,2,5,5,55,1,1,1,47,0,low,0.5,
30459,470321,1,1,6,0,30,2,1,1,47,0,high,1.0,
30460,470322,1,3,6,5,35,3,1,9,47,1,low,0.3333333333333333,
30461,470323,1,2,6,3,30,1,1,1,47,0,low,0.5,
30462,470324,1,1,6,0,45,2,1,1,47,0,high,1.0,
30463,470325,1,1,6,0,30,5,1,1,47,0,high,1.0,
30464,470326,1,1,6,0,40,4,1,1,47,0,high,1.0,
30465,470327,1,3,6,4,40,1,2,2,47,0,low,0.3333333333333333,
30466,470328,1,3,6,0,55,1,1,1,47,0,low,0.3333333333333333,
30467,470329,1,4,6,0,40,1,1,1,47,0,low,0.25,
30468,470330,1,2,6,5,45,3,1,1,47,1,low,0.5,
30469,470331,1,2,6,5,35,1,1,1,47,0,low,0.5,
30470,470332,1,2,6,1,35,3,1,1,47,1,low,0.5,
30471,470333,1,3,5,4,45,3,1,1,47,0,low,0.3333333333333333,
30472,470334,2,5,5,2,40,1,1,1,47,0,low,0.4,
30473,470335,1,1,6,0,30,2,1,1,47,0,high,1.0,