,ST_CASE,FATALS,PERSONS,MONTH,MAN_COLL,SP_LIMIT,LGT_COND,WEATHER,SUR_COND,STATE,DRUNK_DR,rate,rate_numerical,arrival_time
30474,470336,1,1,6,0,40,2,1,1,47,0,high,1.0,
30475,470337,1,1,6,0,30,1,1,1,47,0,high,1.0,
30476,470338,1,1,6,0,30,2,9,2,47,0,high,1.0,
30477,470339,1,1,6,0,35,1,1,1,47,1,high,1.0,
30478,470340,1,2,6,5,35,1,1,1,47,0,low,0.5,
30479,470341,1,1,6,0,55,1,1,1,47,0,high,1.0,
30480,470342,1,2,6,0,35,3,1,1,47,0,low,0.5,
30481,470343,1,6,5,2,40,1,1,1,47,0,low,0.16666666666666666,
30482,470344,1,4,6,4,30,1,1,1,47,0,low,0.25,
30483,470345,1,4,7,6,45,1,1,1,47,0,low,0.25,
30484,470346,1,1,7,0,45,3,1,1,47,1,high,1.0,
30485,470347,1,1,8,0,45,1,1,1,47,1,high,1.0,
30486,470348,1,1,9,0,55,2,1,1,47,0,high,1.0,
30487,470349,3,5,3,2,55,1,1,1,47,0,high,0.6,
30488,470350,1,1,4,0,55,1,1,1,47,0,high,1.0,
30489,470351,1,2,4,0,55,2,1,1,47,2,low,0.5,
30490,470352,1,2,5,0,55,2,1,1,47,0,low,0.5,
30491,470353,1,2,5,0,55,1,1,1,47,0,low,0.5,
30492,470354,1,3,5,0,35,1,1,1,47,0,low,0.3333333333333333,
30493,470355,1,1,6,0,99,1,1,9,47,0,high,1.0,
30494,470356,1,1,6,0,55,2,1,1,47,0,high,1.0,
30495,470357,1,1,7,0,40,4,1,1,47,0,high,1.0,
30496,470358,1,2,7,5,40,1,1,1,47,0,low,0.5,
30497,470359,1,3,7,8,30,1,1,1,47,0,low,0.3333333333333333,
30498,470360,1,2,7,2,40,3,1,1,47,0,low,0.5,
30499,470361,1,1,7,0,40,3,1,1,47,1,high,1.0,
30500,470362,1,2,7,0,35,3,1,1,47,1,low,0.5,
30501,470363,1,1,7,0,35,3,1,1,47,0,high,1.0,
30502,470364,1,1,7,0,40,2,1,1,47,1,high,1.0,
30503,470365,1,3,7,0,35,3,1,1,47,1,low,0.3333333333333333,
30504,470366,1,4,7,5,40,1,1,1,47,0,low,0.25,
30505,470367,1,1,7,0,99,2,1,1,47,1,high,1.0,
30506,470368,1,2,7,1,50,3,1,1,47,1,low,0.5,
30507,470369,1,1,7,0,45,1,2,2,47,0,high,1.0,
30508,470370,2,2,7,0,45,1,1,1,47,0,high,1.0,
30509,470371,1,3,7,2,55,5,1,2,47,0,low,0.3333333333333333,
30510,470372,1,1,7,0,45,2,1,1,47,1,high,1.0,
30511,470373,1,3,7,5,45,3,9,1,47,0,low,0.3333333333333333,
30512,470374,1,3,8,2,45,1,1,1,47,0,low,0.3333333333333333,
30513,470375,1,1,7,0,30,2,1,1,47,1,high,1.0,
30514,470376,1,2,8,2,45,1,1,1,47,0,low,0.5,
30515,470377,1,2,7,0,45,2,1,1,47,0,low,0.5,
30516,470378,1,2,7,5,40,5,1,1,47,0,low,0.5,
30517,470379,1,1,8,0,40,1,1,1,47,0,high,1.0,
30518,470380,1,1,8,0,55,3,1,1,47,1,high,1.0,
30519,470381,1,1,7,0,99,1,1,1,47,1,high,1.0,
30520,470382,1,8,8,7,55,3,1,1,47,0,low,0.125,
30521,470383,1,2,8,5,45,1,1,1,47,0,low,0.5,
30522,470384,1,4,9,0,65,3,2,2,47,0,low,0.25,
30523,470385,1,6,8,0,45,1,1,1,47,0,low,0.16666666666666666,
30524,470386,1,2,7,2,35,1,2,2,47,0,low,0.5,
30525,470387,1,2,8,0,50,2,1,1,47,0,low,0.5,
30526,470388,1,2,2,0,50,3,1,1,47,0,low,0.5,
30527,470389,1,5,2,4,45,3,1,1,47,1,low,0.2,
30528,470390,1,2,3,7,35,1,2,2,47,0,low,0.5,
30529,470391,1,2,4,2,55,1,1,1,47,1,low,0.5,
30530,470392,1,3,4,0,40,1,1,1,47,0,low,0.3333333333333333,
30531,470393,1,1,8,0,45,1,1,9,47,0,high,1.0,
30532,470394,1,1,8,0,45,1,1,1,47,0,high,1.0,
30533,470395,1,2,8,5,45,1,1,1,47,0,low,0.5,
30534,470396,2,2,8,0,40,3,1,1,47,2,high,1.0,
30535,470397,1,1,9,0,40,2,1,1,47,0,high,1.0,
30536,470398,1,1,9,0,30,1,1,1,47,1,high,1.0,
30537,470399,1,1,9,0,30,3,1,1,47,0,high,1.0,
30538,470400,1,2,9,0,30,3,1,1,47,2,low,0.5,
30539,470401,1,5,9,2,50,1,2,2,47,0,low,0.2,
30540,470402,1,6,9,2,55,1,2,2,47,0,low,0.16666666666666666,
30541,470403,1,3,8,0,30,1,1,1,47,0,low,0.3333333333333333,
30542,470404,1,2,8,0,30,2,1,1,47,0,low,0.5,
30543,470405,1,1,9,0,45,2,1,1,47,0,high,1.0,
30544,470408,1,1,9,0,45,2,1,1,47,0,high,1.0,
30545,470409,1,2,10,0,40,2,1,1,47,1,low,0.5,
30546,470410,1,3,10,0,70,2,1,1,47,1,low,0.3333333333333333,
30547,470411,1,1,9,0,55,2,1,1,47,0,high,1.0,
30548,470412,2,2,9,2,50,1,1,1,47,2,high,1.0,
30549,470413,4,4,8,2,45,1,1,1,47,0,high,1.0,
30550,470414,1,7,2,7,35,1,2,2,47,0,low,0.14285714285714285,
30551,470415,1,1,10,0,35,1,1,1,47,0,high,1.0,
30552,470416,1,3,8,6,70,1,1,1,47,0,low,0.3333333333333333,
30553,470417,1,2,8,0,70,3,1,1,47,1,low,0.5,
30554,470418,1,1,1,0,40,1,1,2,47,1,high,1.0,
30555,470419,1,1,2,0,30,1,1,1,47,1,high,1.0,
30556,470420,1,1,4,0,45,3,1,1,47,0,high,1.0,
30557,470421,1,1,5,0,55,9,2,2,47,1,high,1.0,
30558,470422,1,4,5,5,55,1,1,1,47,0,low,0.25,
30559,470423,1,2,5,5,55,1,1,1,47,0,low,0.5,
30560,470424,1,1,5,0,35,1,1,1,47,0,high,1.0,
30561,470425,1,2,5,0,45,2,1,1,47,1,low,0.5,
30562,470426,1,3,5,5,55,2,1,1,47,1,low,0.3333333333333333,
30563,470427,1,2,5,1,35,1,1,1,47,0,low,0.5,
30564,470428,1,2,5,2,35,1,1,1,47,0,low,0.5,
30565,470429,1,2,5,0,35,3,1,1,47,0,low,0.5,
30566,470430,1,2,5,0,55,3,1,1,47,0,low,0.5,
30567,470431,1,1,5,0,70,1,1,1,47,0,high,1.0,
30568,470432,1,3,5,1,55,2,1,1,47,0,low,0.3333333333333333,
30569,470433,1,2,5,5,40,1,1,1,47,0,low,0.5,
30570,470434,1,2,5,0,55,2,1,1,47,1,low,0.5,
30571,470435,1,2,5,0,70,1,1,1,47,0,low,0.5,
30572,470436,2,9,5,5,65,2,1,1,47,0,low,0.2222222222222222,
30573,470437,1,2,5,1,45,1,1,1,47,0,low,0.5,
30574,470438,1,3,5,0,45,1,1,1,47,3,low,0.3333333333333333,
30575,470439,1,2,5,4,40,1,1,1,47,1,low,0.5,
30576,470440,1,2,6,0,55,1,1,1,47,0,low,0.5,
30577,470441,1,1,6,0,45,2,1,1,47,0,high,1.0,
30578,470442,1,1,6,0,55,2,1,1,47,0,high,1.0,
30579,470443,1,1,6,0,55,2,1,1,47,0,high,1.0,
30580,470444,1,1,6,0,45,4,1,1,47,1,high,1.0,
30581,470445,2,4,6,4,35,1,1,1,47,0,low,0.5,
30582,470446,1,3,6,0,35,1,1,1,47,0,low,0.3333333333333333,
30583,470447,1,1,6,0,55,1,1,1,47,0,high,1.0,
30584,470448,1,6,5,5,50,1,1,1,47,0,low,0.16666666666666666,
30585,470449,1,3,5,7,40,3,1,1,47,2,low,0.3333333333333333,
30586,470450,2,2,6,0,70,1,1,1,47,0,high,1.0,
30587,470451,1,1,6,0,55,1,1,1,47,0,high,1.0,
30588,470452,1,1,1,0,70,2,2,2,47,0,high,1.0,
30589,470453,1,1,6,1,30,1,1,1,47,0,high,1.0,
30590,470454,1,1,6,0,45,1,2,2,47,0,high,1.0,
30591,470455,1,1,6,0,55,4,5,1,47,0,high,1.0,
30592,470456,1,3,6,5,65,1,1,1,47,0,low,0.3333333333333333,
30593,470457,1,9,6,2,50,1,1,1,47,0,low,0.1111111111111111,
30594,470458,1,6,4,4,45,1,1,1,47,0,low,0.16666666666666666,
30595,470459,1,2,6,0,45,4,1,1,47,1,low,0.5,
30596,470460,1,2,6,0,55,1,1,1,47,0,low,0.5,
30597,470461,1,1,6,0,55,4,1,1,47,1,high,1.0,
30598,470462,1,1,6,0,55,1,1,1,47,0,high,1.0,
30599,470463,1,4,6,5,55,1,1,1,47,0,low,0.25,
30600,470464,1,1,7,0,55,1,1,1,47,0,high,1.0,
30601,470465,1,3,7,2,55,1,1,1,47,0,low,0.3333333333333333,
30602,470466,1,2,7,2,55,1,1,1,47,0,low,0.5,
30603,470467,1,1,7,0,30,3,1,1,47,0,high,1.0,
30604,470468,1,2,7,5,55,1,1,1,47,0,low,0.5,
30605,470469,1,2,7,7,45,2,1,1,47,0,low,0.5,
30606,470470,1,2,7,0,55,1,1,1,47,0,low,0.5,
30607,470471,1,1,7,0,50,1,1,1,47,0,high,1.0,
30608,470472,1,3,7,5,55,1,1,1,47,0,low,0.3333333333333333,
30609,470473,1,2,7,0,70,2,1,1,47,0,low,0.5,
30610,470474,1,1,7,0,70,1,1,1,47,0,high,1.0,
30611,470475,1,1,7,0,55,1,2,2,47,0,high,1.0,
30612,470476,1,1,7,0,45,1,1,2,47,1,high,1.0,
30613,470477,1,1,7,0,45,1,1,1,47,0,high,1.0,
30614,470478,1,1,7,0,70,2,1,1,47,0,high,1.0,
30615,470479,1,1,7,0,55,1,1,1,47,0,high,1.0,
30616,470480,1,2,7,0,50,2,2,2,47,2,low,0.5,
30617,470481,1,1,7,0,55,2,1,1,47,0,high,1.0,
30618,470482,1,1,7,0,55,2,1,1,47,1,high,1.0,
30619,470483,1,2,7,0,45,1,1,1,47,0,low,0.5,
30620,470484,1,1,7,0,30,1,1,1,47,0,high,1.0,
30621,470485,1,8,7,1,50,1,1,1,47,2,low,0.125,
30622,470486,1,3,8,5,45,5,1,1,47,1,low,0.3333333333333333,
30623,470487,1,1,8,0,35,1,1,1,47,0,high,1.0,
30624,470488,1,2,8,0,55,1,1,1,47,0,low,0.5,
30625,470489,1,1,9,0,45,1,1,1,47,0,high,1.0,
30626,470490,1,2,5,2,55,1,1,1,47,0,low,0.5,
30627,470491,1,3,6,1,70,2,2,2,47,0,low,0.3333333333333333,
30628,470492,1,3,3,2,50,2,1,1,47,1,low,0.3333333333333333,
30629,470493,1,3,6,0,30,3,1,1,47,2,low,0.3333333333333333,
30630,470494,1,5,6,0,70,2,1,1,47,3,low,0.2,
30631,470495,1,1,6,0,55,2,1,1,47,0,high,1.0,
30632,470496,1,4,6,5,99,4,1,1,47,0,low,0.25,
30633,470497,1,1,6,0,45,3,1,1,47,1,high,1.0,
30634,470498,1,2,6,2,50,1,1,1,47,0,low,0.5,
30635,470499,1,1,6,0,99,2,1,1,47,0,high,1.0,
30636,470500,2,6,6,1,70,2,1,1,47,2,low,0.3333333333333333,
30637,470501,2,4,6,0,70,1,1,1,47,0,low,0.5,
30638,470502,1,2,7,0,55,2,1,1,47,0,low,0.5,
30639,470503,1,2,7,2,55,5,1,1,47,1,low,0.5,
30640,470504,1,1,7,0,45,2,1,1,47,0,high,1.0,
30641,470505,1,2,7,0,55,2,1,1,47,1,low,0.5,
30642,470506,1,1,7,0,55,1,1,1,47,0,high,1.0,
30643,470507,2,2,7,0,70,1,1,1,47,0,high,1.0,
30644,470508,1,1,7,0,70,1,2,2,47,0,high,1.0,
30645,470509,1,1,7,0,30,1,1,1,47,0,high,1.0,
30646,470510,2,5,7,4,30,1,1,1,47,0,low,0.4,
30647,470511,1,2,7,0,55,1,1,1,47,1,low,0.5,
30648,470512,1,1,7,0,35,1,1,1,47,0,high,1.0,
30649,470513,1,3,7,2,45,1,1,1,47,0,low,0.3333333333333333,
30650,470514,1,1,7,0,55,1,1,1,47,0,high,1.0,
30651,470515,1,5,7,4,55,1,1,1,47,0,low,0.2,
30652,470516,1,2,7,0,55,1,1,1,47,0,low,0.5,
30653,470517,2,4,6,5,55,1,1,1,47,0,low,0.5,
30654,470518,1,2,5,1,45,2,1,1,47,0,low,0.5,
30655,470519,1,3,6,2,70,1,1,1,47,0,low,0.3333333333333333,
30656,470520,1,1,6,0,70,1,1,1,47,0,high,1.0,
30657,470521,2,5,6,2,70,1,1,1,47,0,low,0.4,
30658,470522,1,2,6,0,65,2,1,1,47,0,low,0.5,
30659,470523,1,4,6,2,65,1,1,1,47,0,low,0.25,
30660,470524,1,3,6,0,55,1,1,1,47,0,low,0.3333333333333333,
30661,470525,1,3,2,2,40,5,1,1,47,0,low,0.3333333333333333,
30662,470526,1,2,3,2,45,1,1,1,47,0,low,0.5,
30663,470527,1,6,3,5,40,1,1,1,47,0,low,0.16666666666666666,
30664,470528,1,1,2,0,55,1,2,2,47,0,high,1.0,
30665,470529,1,3,5,4,40,2,1,1,47,0,low,0.3333333333333333,
30666,470530,1,1,5,0,45,2,1,1,47,1,high,1.0,
30667,470531,1,5,6,5,55,1,1,1,47,0,low,0.2,
30668,470533,1,2,7,0,35,3,1,1,47,1,low,0.5,
30669,470534,1,5,7,5,30,1,1,1,47,0,low,0.2,
30670,470535,1,1,7,0,55,2,1,1,47,0,high,1.0,
30671,470536,1,1,9,0,50,1,1,1,47,0,high,1.0,
30672,470537,1,2,6,5,45,2,1,1,47,0,low,0.5,
30673,470538,1,1,10,0,45,2,1,1,47,0,high,1.0,
30674,470539,1,3,9,5,35,1,1,1,47,1,low,0.3333333333333333,
30675,470540,1,3,10,0,30,2,1,1,47,1,low,0.3333333333333333,
30676,470541,1,2,10,5,40,1,1,1,47,0,low,0.5,
30677,470542,1,1,10,0,30,2,1,1,47,0,high,1.0,
30678,470543,1,3,10,4,50,1,1,1,47,0,low,0.3333333333333333,
30679,470544,1,4,10,5,30,1,2,2,47,0,low,0.25,
30680,470545,1,1,10,0,30,2,1,1,47,0,high,1.0,
30681,470546,1,2,10,0,45,3,1,1,47,1,low,0.5,
30682,470547,1,4,7,5,70,1,2,2,47,0,low,0.25,
30683,470548,1,2,7,1,70,2,1,1,47,0,low,0.5,
30684,470549,3,5,7,5,55,1,1,1,47,0,high,0.6,
30685,470550,1,4,8,4,45,1,1,1,47,0,low,0.25,
30686,470551,1,2,10,5,40,2,1,1,47,0,low,0.5,
30687,470552,1,3,11,5,35,1,1,1,47,0,low,0.3333333333333333,
30688,470553,1,2,10,2,55,2,1,1,47,0,low,0.5,
30689,470554,1,1,11,0,40,1,1,1,47,0,high,1.0,
30690,470555,1,2,3,5,35,1,1,1,47,0,low,0.5,
30691,470556,1,1,10,0,35,3,1,1,47,0,high,1.0,
30692,470557,1,2,10,2,0,2,1,1,47,0,low,0.5,
30693,470558,1,3,4,5,45,1,1,1,47,0,low,0.3333333333333333,
30694,470559,1,1,5,0,45,3,1,1,47,0,high,1.0,
30695,470560,1,2,11,5,55,2,2,6,47,0,low,0.5,
30696,470561,1,2,11,0,30,2,1,1,47,1,low,0.5,
30697,470562,1,3,2,3,50,1,1,1,47,0,low,0.3333333333333333,
30698,470563,1,3,11,5,40,1,1,1,47,0,low,0.3333333333333333,
30699,470564,1,2,10,0,30,3,1,1,47,0,low,0.5,
30700,470565,1,1,5,0,30,1,1,8,47,0,high,1.0,
30701,470567,1,1,11,0,40,2,2,2,47,0,high,1.0,
30702,470568,1,2,5,5,35,1,1,1,47,0,low,0.5,
30703,470569,1,3,5,2,40,1,1,1,47,0,low,0.3333333333333333,
30704,470570,1,1,7,0,30,1,1,1,47,1,high,1.0,
30705,470571,1,1,7,0,30,2,1,1,47,1,high,1.0,
30706,470572,1,1,7,0,40,1,1,1,47,0,high,1.0,
30707,470573,2,4,8,5,50,1,1,1,47,0,low,0.5,
30708,470574,1,1,8,0,30,3,1,1,47,1,high,1.0,
30709,470575,1,2,9,1,65,1,1,1,47,0,low,0.5,
30710,470576,1,3,9,4,45,2,1,1,47,1,low,0.3333333333333333,
30711,470577,1,2,9,0,65,1,1,1,47,0,low,0.5,
30712,470578,1,1,11,0,45,2,1,1,47,0,high,1.0,
30713,470579,1,1,11,0,30,1,1,1,47,0,high,1.0,
30714,470580,1,7,3,5,45,3,1,1,47,0,low,0.14285714285714285,
30715,470581,3,4,11,2,45,1,2,2,47,0,high,0.75,
30716,470582,1,6,11,0,45,3,2,2,47,1,low,0.16666666666666666,
30717,470583,1,3,11,7,45,3,1,2,47,2,low,0.3333333333333333,
30718,470584,1,1,12,0,65,2,1,1,47,0,high,1.0,
30719,470585,1,2,12,0,40,2,1,2,47,0,low,0.5,
30720,470586,1,2,12,0,50,3,1,1,47,0,low,0.5,
30721,470587,1,2,11,0,30,3,2,2,47,0,low,0.5,
30722,470588,3,6,12,2,40,1,1,1,47,0,low,0.5,
30723,470589,1,1,12,0,35,2,2,2,47,0,high,1.0,
30724,470590,1,3,11,0,40,2,1,1,47,0,low,0.3333333333333333,
30725,470591,1,2,10,0,45,3,1,1,47,1,low,0.5,
30726,470592,1,7,11,5,40,1,1,1,47,0,low,0.14285714285714285,
30727,470593,1,1,12,0,35,2,2,2,47,0,high,1.0,
30728,470594,1,1,11,0,50,2,1,1,47,1,high,1.0,
30729,470595,1,7,11,0,55,2,1,1,47,0,low,0.14285714285714285,
30730,470596,1,2,12,0,30,1,1,1,47,0,low,0.5,
30731,470597,1,2,12,0,55,1,1,1,47,0,low,0.5,
30732,470598,1,1,12,0,55,1,1,1,47,0,high,1.0,
30733,470599,1,2,9,5,70,2,1,1,47,0,low,0.5,
30734,470600,1,4,9,2,30,2,1,1,47,0,low,0.25,
30735,470601,1,6,9,0,40,2,1,1,47,0,low,0.16666666666666666,
30736,470602,1,1,9,0,40,2,1,1,47,0,high,1.0,
30737,470603,1,5,9,2,70,2,1,1,47,1,low,0.2,
30738,470604,1,1,9,0,55,2,1,1,47,0,high,1.0,
30739,470605,1,2,9,0,55,1,1,1,47,0,low,0.5,
30740,470606,2,2,9,0,45,1,1,1,47,0,high,1.0,
30741,470607,3,3,6,2,55,1,1,1,47,0,high,1.0,
30742,470608,1,1,6,0,45,2,5,1,47,1,high,1.0,
30743,470609,1,2,2,4,40,1,1,1,47,0,low,0.5,
30744,470610,2,4,9,4,35,1,1,1,47,0,low,0.5,
30745,470611,1,3,5,0,65,1,1,1,47,0,low,0.3333333333333333,
30746,470612,1,4,9,0,55,2,1,1,47,0,low,0.25,
30747,470613,1,2,7,2,55,1,1,1,47,0,low,0.5,
30748,470614,1,5,8,5,40,1,1,1,47,1,low,0.2,
30749,470615,1,3,5,8,40,1,1,1,47,1,low,0.3333333333333333,
30750,470616,1,2,6,2,55,1,1,1,47,0,low,0.5,
30751,470617,1,3,7,2,55,1,1,1,47,0,low,0.3333333333333333,
30752,470618,1,2,7,4,35,1,1,1,47,0,low,0.5,
30753,470619,1,2,7,2,45,1,1,1,47,0,low,0.5,
30754,470620,1,4,3,7,55,2,1,1,47,0,low,0.25,
30755,470621,1,1,8,0,55,1,1,1,47,0,high,1.0,
30756,470622,1,2,7,8,30,1,1,1,47,0,low,0.5,
30757,470623,1,2,8,1,45,1,1,1,47,0,low,0.5,
30758,470624,1,5,8,1,55,2,1,1,47,0,low,0.2,
30759,470625,1,3,5,0,30,1,2,2,47,0,low,0.3333333333333333,
30760,470626,1,1,8,0,70,1,1,1,47,0,high,1.0,
30761,470627,1,2,9,5,45,5,1,1,47,1,low,0.5,
30762,470628,2,2,9,0,55,2,1,1,47,2,high,1.0,
30763,470629,1,3,9,5,45,1,1,1,47,0,low,0.3333333333333333,
30764,470630,1,1,9,0,35,1,1,1,47,1,high,1.0,
30765,470631,1,1,9,0,40,3,1,1,47,0,high,1.0,
30766,470632,1,3,9,0,55,1,1,1,47,3,low,0.3333333333333333,
30767,470633,1,3,9,0,55,1,1,1,47,0,low,0.3333333333333333,
30768,470634,1,1,9,0,55,2,1,1,47,1,high,1.0,
30769,470635,1,1,9,0,55,1,5,1,47,0,high,1.0,
30770,470636,1,1,9,0,45,1,1,1,47,0,high,1.0,
30771,470637,4,5,9,2,55,1,1,1,47,5,high,0.8,
30772,470638,2,3,10,2,45,1,1,1,47,0,high,0.6666666666666666,
30773,470639,1,1,10,0,45,1,1,1,47,0,high,1.0,
30774,470640,1,1,10,0,35,2,1,1,47,0,high,1.0,
30775,470641,1,3,9,0,25,2,2,2,47,2,low,0.3333333333333333,
30776,470642,1,1,10,0,65,2,1,1,47,0,high,1.0,
30777,470643,1,4,10,0,55,2,1,1,47,0,low,0.25,
30778,470644,1,1,9,0,30,2,1,1,47,1,high,1.0,
30779,470645,1,2,10,5,65,1,1,1,47,0,low,0.5,
30780,470646,1,2,10,4,55,1,1,1,47,1,low,0.5,
30781,470647,1,1,10,0,55,2,1,1,47,0,high,1.0,
30782,470648,1,4,10,0,35,2,1,1,47,0,low,0.25,
30783,470649,1,1,10,0,45,1,1,1,47,0,high,1.0,
30784,470650,1,3,10,0,45,1,1,1,47,0,low,0.3333333333333333,
30785,470651,1,1,10,0,55,2,1,1,47,0,high,1.0,
30786,470652,2,3,10,0,45,2,1,1,47,0,high,0.6666666666666666,
30787,470653,1,2,10,1,40,1,1,1,47,0,low,0.5,
30788,470654,1,2,10,1,40,3,1,1,47,0,low,0.5,
30789,470655,1,2,10,0,55,3,1,1,47,0,low,0.5,
30790,470656,1,2,10,7,65,1,1,1,47,1,low,0.5,
30791,470657,1,7,10,0,35,1,1,1,47,0,low,0.14285714285714285,
30792,470658,1,2,10,0,40,3,1,1,47,0,low,0.5,
30793,470659,1,1,10,0,50,1,1,1,47,0,high,1.0,
30794,470660,1,1,10,0,45,2,2,2,47,0,high,1.0,
30795,470661,1,2,10,0,70,5,2,2,47,0,low,0.5,
30796,470662,1,5,10,5,40,1,1,1,47,0,low,0.2,
30797,470663,1,1,10,0,45,1,2,2,47,0,high,1.0,
30798,470664,1,1,10,0,45,2,1,1,47,1,high,1.0,
30799,470665,1,1,10,0,45,5,1,1,47,1,high,1.0,
30800,470666,2,6,10,2,55,2,1,1,47,1,low,0.3333333333333333,
30801,470667,1,1,10,0,40,1,2,2,47,1,high,1.0,
30802,470668,1,3,10,1,70,1,2,2,47,0,low,0.3333333333333333,
30803,470669,1,2,10,0,55,1,1,1,47,1,low,0.5,
30804,470670,1,2,10,0,25,2,2,2,47,0,low,0.5,
30805,470671,1,1,10,0,35,2,2,2,47,0,high,1.0,
30806,470672,1,3,10,4,45,2,1,2,47,0,low,0.3333333333333333,
30807,470673,1,3,10,4,45,2,2,2,47,0,low,0.3333333333333333,
30808,470674,1,4,10,0,40,3,1,1,47,0,low,0.25,
30809,470675,1,2,10,0,55,1,1,1,47,0,low,0.5,
30810,470676,1,1,10,0,55,2,1,1,47,0,high,1.0,
30811,470677,1,2,10,0,45,2,1,1,47,0,low,0.5,
30812,470678,1,3,10,0,45,2,1,1,47,0,low,0.3333333333333333,
30813,470679,1,3,10,5,40,1,1,1,47,0,low,0.3333333333333333,
30814,470680,1,3,11,2,65,2,1,1,47,1,low,0.3333333333333333,
30815,470681,1,4,11,7,45,2,1,1,47,0,low,0.25,
30816,470682,1,2,10,5,40,1,1,1,47,0,low,0.5,
30817,470683,1,1,11,0,45,1,1,1,47,0,high,1.0,
30818,470684,1,1,11,0,55,2,1,1,47,0,high,1.0,
30819,470685,1,2,10,0,70,2,1,1,47,2,low,0.5,
30820,470686,1,1,11,0,55,3,1,1,47,0,high,1.0,
30821,470687,2,2,11,0,55,1,1,1,47,2,high,1.0,
30822,470688,1,1,11,0,55,1,1,1,47,1,high,1.0,
30823,470689,1,2,11,2,55,1,1,1,47,0,low,0.5,
30824,470690,1,2,11,0,55,2,1,1,47,0,low,0.5,
30825,470691,1,2,11,0,20,1,1,1,47,0,low,0.5,
30826,470692,1,2,12,0,45,1,1,1,47,0,low,0.5,
30827,470693,1,2,11,1,55,2,1,1,47,0,low,0.5,
30828,470694,1,2,11,2,45,2,1,1,47,1,low,0.5,
30829,470695,1,1,11,0,55,1,1,1,47,0,high,1.0,
30830,470696,1,3,11,0,45,2,1,1,47,2,low,0.3333333333333333,
30831,470697,1,1,11,0,45,2,1,1,47,0,high,1.0,
30832,470698,1,2,11,1,45,2,1,1,47,0,low,0.5,
30833,470699,1,2,11,0,55,3,2,2,47,1,low,0.5,
30834,470700,1,2,11,0,40,1,1,1,47,0,low,0.5,
30835,470701,1,2,6,1,45,3,1,1,47,1,low,0.5,
30836,470702,1,3,11,1,55,3,1,1,47,2,low,0.3333333333333333,
30837,470703,1,1,11,0,45,2,1,1,47,0,high,1.0,
30838,470704,1,3,11,0,30,1,1,1,47,0,low,0.3333333333333333,
30839,470705,1,2,11,0,40,3,1,1,47,1,low,0.5,
30840,470706,1,3,11,0,55,2,1,1,47,0,low,0.3333333333333333,
30841,470707,1,1,11,0,35,2,1,1,47,0,high,1.0,
30842,470708,1,3,11,2,55,1,1,1,47,0,low,0.3333333333333333,
30843,470709,1,3,12,4,45,2,1,1,47,1,low,0.3333333333333333,
30844,470710,1,3,12,0,45,5,1,1,47,0,low,0.3333333333333333,
30845,470711,1,2,12,0,55,1,1,1,47,0,low,0.5,
30846,470712,1,1,11,0,30,1,1,1,47,1,high,1.0,
30847,470713,1,3,12,0,40,3,2,2,47,0,low,0.3333333333333333,
30848,470714,2,2,12,0,30,2,1,1,47,0,high,1.0,
30849,470715,1,2,12,5,55,1,1,1,47,0,low,0.5,
30850,470716,1,2,12,2,55,2,1,1,47,0,low,0.5,
30851,470717,2,2,12,0,55,2,1,1,47,0,high,1.0,
30852,470718,1,2,12,5,55,2,2,2,47,0,low,0.5,
30853,470719,1,1,12,0,55,2,5,2,47,0,high,1.0,
30854,470720,1,2,12,0,35,2,5,2,47,0,low,0.5,
30855,470721,1,1,12,0,55,1,1,1,47,0,high,1.0,
30856,470722,2,3,11,0,20,2,1,2,47,3,high,0.6666666666666666,
30857,470723,1,4,12,4,30,3,1,1,47,0,low,0.25,
30858,470724,1,7,4,1,45,1,1,1,47,0,low,0.14285714285714285,
30859,470725,1,1,12,0,40,3,2,2,47,0,high,1.0,
30860,470726,1,2,12,0,40,3,1,1,47,1,low,0.5,
30861,470727,1,1,12,0,70,3,1,1,47,1,high,1.0,
30862,470728,2,4,12,0,70,1,1,1,47,0,low,0.5,
30863,470729,1,1,12,0,45,2,1,1,47,0,high,1.0,
30864,470730,1,4,12,2,55,1,2,2,47,0,low,0.25,
30865,470731,1,3,12,0,55,2,1,1,47,0,low,0.3333333333333333,
30866,470732,1,1,12,0,55,1,1,1,47,1,high,1.0,
30867,470734,2,3,11,0,70,1,1,1,47,0,high,0.6666666666666666,
30868,470735,3,4,12,4,55,2,2,2,47,0,high,0.75,
30869,470736,1,1,12,0,55,2,5,1,47,0,high,1.0,
30870,470737,1,3,12,1,40,2,1,1,47,0,low,0.3333333333333333,