,ST_CASE,FATALS,PERSONS,MONTH,MAN_COLL,SP_LIMIT,LGT_COND,WEATHER,SUR_COND,STATE,DRUNK_DR,rate,rate_numerical,arrival_time
31273,480019,1,1,1,0,60,1,1,1,48,0,high,1.0,
31274,480020,1,6,1,4,60,2,5,1,48,0,low,0.16666666666666666,
31275,480021,1,2,1,2,60,1,1,1,48,0,low,0.5,
31276,480022,1,2,1,0,30,5,1,1,48,1,low,0.5,
31277,480023,1,1,1,0,65,2,9,9,48,1,high,1.0,
31278,480024,1,3,1,5,40,3,1,1,48,0,low,0.3333333333333333,
31279,480025,1,3,1,1,55,2,2,2,48,2,low,0.3333333333333333,
31280,480026,1,6,1,0,60,3,1,1,48,0,low,0.16666666666666666,
31281,480027,1,1,1,0,65,2,1,2,48,0,high,1.0,
31282,480028,1,1,1,0,65,2,1,1,48,0,high,1.0,
31283,480029,1,3,1,1,60,1,1,1,48,1,low,0.3333333333333333,
31284,480030,1,1,1,0,45,9,9,9,48,0,high,1.0,
31285,480031,1,2,1,5,45,1,1,1,48,0,low,0.5,
31286,480032,1,1,1,0,30,2,1,1,48,1,high,1.0,
31287,480033,1,2,1,0,50,1,1,1,48,0,low,0.5,
31288,480034,1,2,1,0,30,3,1,1,48,0,low,0.5,
31289,480035,1,2,1,5,65,1,1,1,48,0,low,0.5,
31290,480036,1,2,1,1,40,1,1,1,48,0,low,0.5,
31291,480037,1,6,1,5,99,3,1,1,48,0,low,0.16666666666666666,
31292,480038,1,2,1,5,35,2,1,1,48,0,low,0.5,
31293,480039,1,2,1,0,45,1,1,1,48,0,low,0.5,
31294,480040,1,4,1,1,55,3,1,1,48,0,low,0.25,
31295,480041,1,1,1,0,35,1,1,1,48,0,high,1.0,
31296,480042,1,2,1,0,60,1,1,1,48,0,low,0.5,
31297,480043,1,4,1,0,50,3,1,2,48,0,low,0.25,
31298,480044,1,2,1,0,35,3,1,1,48,1,low,0.5,
31299,480045,1,4,1,5,35,3,1,1,48,1,low,0.25,
31300,480046,1,1,1,0,65,2,2,2,48,1,high,1.0,
31301,480047,1,3,1,4,55,1,2,2,48,0,low,0.3333333333333333,
31302,480048,1,1,1,0,50,2,2,2,48,0,high,1.0,
31303,480049,1,2,1,0,30,1,2,2,48,0,low,0.5,
31304,480050,1,7,1,11,60,3,1,1,48,2,low,0.14285714285714285,
31305,480051,1,4,1,0,40,3,2,4,48,0,low,0.25,
31306,480052,1,1,1,0,50,4,2,2,48,1,high,1.0,
31307,480053,1,1,1,0,30,1,1,1,48,0,high,1.0,
31308,480054,1,2,1,0,60,2,1,1,48,1,low,0.5,
31309,480055,1,1,1,0,60,2,1,1,48,1,high,1.0,
31310,480056,1,2,1,2,70,1,1,1,48,1,low,0.5,
31311,480057,1,3,1,0,35,3,8,2,48,1,low,0.3333333333333333,
31312,480058,1,3,1,0,65,2,1,4,48,0,low,0.3333333333333333,
31313,480059,1,3,1,4,60,2,1,1,48,0,low,0.3333333333333333,
31314,480060,1,3,1,0,65,1,2,2,48,0,low,0.3333333333333333,
31315,480061,1,2,1,0,40,3,1,3,48,0,low,0.5,
31316,480062,1,1,1,0,30,5,1,1,48,1,high,1.0,
31317,480063,1,2,1,2,60,1,1,1,48,0,low,0.5,
31318,480064,1,3,1,1,55,1,1,1,48,0,low,0.3333333333333333,
31319,480065,1,4,1,0,65,2,1,1,48,0,low,0.25,
31320,480066,1,1,1,0,55,1,1,1,48,0,high,1.0,
31321,480067,1,2,1,0,55,2,5,1,48,0,low,0.5,
31322,480068,2,3,1,0,55,1,2,2,48,0,high,0.6666666666666666,
31323,480069,1,4,1,1,70,1,1,1,48,0,low,0.25,
31324,480070,1,1,1,0,60,3,1,1,48,1,high,1.0,
31325,480071,1,2,1,5,65,5,1,1,48,0,low,0.5,
31326,480072,1,3,1,0,45,1,1,1,48,0,low,0.3333333333333333,
31327,480073,4,4,1,3,45,2,1,1,48,0,high,1.0,
31328,480074,1,2,1,3,65,2,1,1,48,0,low,0.5,
31329,480075,2,4,1,3,65,3,1,1,48,0,low,0.5,
31330,480076,1,3,1,2,60,2,1,1,48,1,low,0.3333333333333333,
31331,480077,1,1,1,0,45,2,1,1,48,0,high,1.0,
31332,480078,1,2,1,0,45,3,1,1,48,0,low,0.5,
31333,480079,1,2,1,0,35,1,1,1,48,0,low,0.5,
31334,480080,2,4,1,3,70,1,1,1,48,0,low,0.5,
31335,480081,1,1,1,0,65,1,1,1,48,0,high,1.0,
31336,480082,1,4,1,5,40,3,1,1,48,0,low,0.25,
31337,480083,1,1,1,0,30,3,1,1,48,1,high,1.0,
31338,480084,1,3,1,0,40,3,1,1,48,0,low,0.3333333333333333,
31339,480085,1,1,1,0,65,2,3,4,48,0,high,1.0,
31340,480086,1,2,1,5,55,1,1,1,48,0,low,0.5,
31341,480087,1,3,1,5,65,2,2,2,48,0,low,0.3333333333333333,
31342,480088,1,2,1,0,50,2,1,1,48,0,low,0.5,
31343,480089,1,2,1,5,70,1,2,6,48,0,low,0.5,
31344,480090,1,3,1,0,70,1,3,4,48,0,low,0.3333333333333333,
31345,480091,1,2,1,0,65,2,2,2,48,0,low,0.5,
31346,480092,1,2,1,4,35,2,5,1,48,0,low,0.5,
31347,480093,1,2,1,0,55,4,1,1,48,1,low,0.5,
31348,480094,1,2,1,2,60,2,2,2,48,1,low,0.5,
31349,480095,1,6,1,2,70,1,1,4,48,0,low,0.16666666666666666,
31350,480096,1,1,1,0,55,2,1,2,48,1,high,1.0,
31351,480097,1,3,1,0,70,5,2,2,48,1,low,0.3333333333333333,
31352,480098,1,2,1,0,45,3,1,1,48,0,low,0.5,
31353,480099,1,8,1,1,70,1,2,2,48,0,low,0.125,
31354,480100,1,4,1,0,65,2,3,4,48,0,low,0.25,
31355,480101,2,8,1,1,70,1,1,4,48,0,low,0.25,
31356,480102,1,1,1,0,45,2,1,2,48,0,high,1.0,
31357,480103,1,1,1,0,65,4,3,4,48,0,high,1.0,
31358,480104,1,2,1,0,60,2,1,1,48,0,low,0.5,
31359,480105,1,3,1,0,65,2,2,4,48,1,low,0.3333333333333333,
31360,480106,1,6,1,0,55,2,1,4,48,0,low,0.16666666666666666,
31361,480107,1,2,1,2,60,2,2,2,48,0,low,0.5,
31362,480108,1,1,1,0,70,3,2,2,48,0,high,1.0,
31363,480109,2,4,1,5,40,3,2,2,48,1,low,0.5,
31364,480110,1,6,1,2,65,2,1,1,48,0,low,0.16666666666666666,
31365,480111,1,2,1,0,70,4,2,2,48,0,low,0.5,
31366,480112,2,3,1,2,65,2,4,3,48,0,high,0.6666666666666666,
31367,480113,1,1,1,0,99,3,2,2,48,0,high,1.0,
31368,480114,1,2,1,2,60,2,2,2,48,1,low,0.5,
31369,480115,2,5,1,5,45,3,2,2,48,2,low,0.4,
31370,480116,1,2,1,0,35,1,1,2,48,1,low,0.5,
31371,480117,1,1,1,0,55,2,1,1,48,1,high,1.0,
31372,480118,1,1,1,0,55,1,1,1,48,0,high,1.0,
31373,480119,1,1,1,0,65,1,1,2,48,0,high,1.0,
31374,480120,1,2,1,1,70,4,1,1,48,0,low,0.5,
31375,480121,1,1,1,0,55,2,2,2,48,0,high,1.0,
31376,480122,1,6,1,5,45,1,1,1,48,0,low,0.16666666666666666,
31377,480123,1,1,1,0,45,2,2,2,48,0,high,1.0,
31378,480124,1,6,1,0,30,2,4,2,48,0,low,0.16666666666666666,
31379,480125,2,2,1,0,65,2,1,1,48,1,high,1.0,
31380,480126,1,2,1,0,55,3,1,1,48,1,low,0.5,
31381,480127,1,2,1,0,35,3,2,2,48,0,low,0.5,
31382,480128,1,2,1,2,45,1,2,2,48,0,low,0.5,
31383,480129,1,2,1,0,35,3,1,1,48,0,low,0.5,
31384,480130,1,1,1,0,60,1,1,1,48,0,high,1.0,
31385,480131,2,3,1,1,65,2,1,1,48,2,high,0.6666666666666666,
31386,480132,1,1,1,0,55,2,1,4,48,0,high,1.0,
31387,480133,1,1,1,0,30,3,1,1,48,1,high,1.0,
31388,480134,1,2,1,0,40,3,2,2,48,0,low,0.5,
31389,480135,1,5,1,9,55,1,2,2,48,0,low,0.2,
31390,480136,1,2,1,0,99,2,1,1,48,0,low,0.5,
31391,480137,1,2,1,0,45,4,1,1,48,0,low,0.5,
31392,480138,1,2,1,5,50,5,1,1,48,0,low,0.5,
31393,480139,1,1,1,0,65,1,1,1,48,1,high,1.0,
31394,480140,2,3,1,5,65,3,1,1,48,0,high,0.6666666666666666,
31395,480141,1,1,1,0,60,2,1,1,48,1,high,1.0,
31396,480142,2,2,1,0,30,2,1,1,48,0,high,1.0,
31397,480143,1,3,1,0,55,1,1,1,48,1,low,0.3333333333333333,
31398,480144,1,5,1,4,70,1,1,1,48,0,low,0.2,
31399,480145,1,2,1,5,45,1,1,1,48,0,low,0.5,
31400,480146,1,6,1,3,60,2,1,1,48,1,low,0.16666666666666666,
31401,480147,1,2,1,1,60,2,1,1,48,0,low,0.5,
31402,480148,1,9,1,3,30,3,2,2,48,0,low,0.1111111111111111,
31403,480149,1,10,1,2,55,1,1,1,48,0,low,0.1,
31404,480150,1,4,1,2,70,1,1,1,48,2,low,0.25,
31405,480151,1,2,1,99,45,1,1,1,48,0,low,0.5,
31406,480152,1,2,1,0,55,2,1,1,48,0,low,0.5,
31407,480153,1,2,1,0,55,2,1,1,48,1,low,0.5,
31408,480154,1,1,1,0,60,3,1,1,48,1,high,1.0,
31409,480155,1,2,1,2,65,2,1,1,48,0,low,0.5,
31410,480156,1,1,1,0,50,2,1,1,48,0,high,1.0,
31411,480157,1,5,1,0,60,3,1,1,48,1,low,0.2,
31412,480158,1,2,1,0,70,1,1,1,48,0,low,0.5,
31413,480159,1,1,1,0,50,3,1,1,48,0,high,1.0,
31414,480160,1,1,1,0,35,2,1,1,48,1,high,1.0,
31415,480161,1,8,1,5,35,1,1,1,48,0,low,0.125,
31416,480162,1,3,1,0,70,1,1,1,48,0,low,0.3333333333333333,
31417,480163,1,2,1,8,65,1,1,1,48,0,low,0.5,
31418,480164,1,3,1,2,70,1,1,1,48,0,low,0.3333333333333333,
31419,480165,1,16,1,0,65,2,1,3,48,0,low,0.0625,
31420,480166,1,2,1,0,65,2,2,4,48,0,low,0.5,
31421,480167,1,3,1,2,70,1,1,1,48,0,low,0.3333333333333333,
31422,480168,1,2,1,0,70,1,1,1,48,0,low,0.5,
31423,480169,1,2,2,0,60,2,1,1,48,1,low,0.5,
31424,480170,2,5,2,2,70,1,2,2,48,0,low,0.4,
31425,480171,1,3,2,2,55,1,1,2,48,0,low,0.3333333333333333,
31426,480172,1,2,2,0,60,2,2,2,48,0,low,0.5,
31427,480173,1,2,2,4,75,1,1,2,48,0,low,0.5,
31428,480174,1,3,2,1,70,1,1,1,48,0,low,0.3333333333333333,
31429,480175,1,2,2,0,45,2,1,1,48,2,low,0.5,
31430,480176,1,3,2,0,45,3,1,1,48,0,low,0.3333333333333333,
31431,480177,1,1,2,0,35,2,1,1,48,1,high,1.0,
31432,480178,2,5,2,5,60,2,4,3,48,0,low,0.4,
31433,480179,1,1,2,0,35,1,1,1,48,0,high,1.0,
31434,480180,1,6,2,5,40,3,1,1,48,0,low,0.16666666666666666,
31435,480181,1,1,2,0,30,3,1,1,48,1,high,1.0,
31436,480182,1,2,2,0,35,3,1,1,48,0,low,0.5,
31437,480183,1,5,2,5,70,1,1,1,48,0,low,0.2,
31438,480184,1,3,2,1,99,2,1,1,48,1,low,0.3333333333333333,
31439,480185,1,2,2,0,50,2,1,1,48,1,low,0.5,
31440,480186,1,1,2,0,55,2,1,1,48,1,high,1.0,
31441,480187,1,2,2,0,45,1,1,1,48,0,low,0.5,
31442,480188,1,2,2,0,60,3,1,2,48,1,low,0.5,
31443,480189,1,2,2,0,55,3,1,1,48,1,low,0.5,
31444,480190,1,2,2,0,40,3,1,1,48,0,low,0.5,
31445,480191,1,1,2,0,45,2,1,1,48,1,high,1.0,
31446,480192,1,2,2,5,30,1,1,1,48,0,low,0.5,
31447,480193,1,3,2,1,65,3,1,1,48,0,low,0.3333333333333333,
31448,480194,1,2,2,5,60,1,1,1,48,0,low,0.5,
31449,480195,1,3,2,1,60,2,1,1,48,1,low,0.3333333333333333,
31450,480196,1,1,2,0,60,1,1,1,48,0,high,1.0,
31451,480197,1,1,2,0,55,9,1,1,48,0,high,1.0,
31452,480198,1,2,2,4,55,1,1,1,48,0,low,0.5,
31453,480199,1,5,2,1,50,1,1,1,48,0,low,0.2,
31454,480200,1,2,2,0,45,2,1,1,48,0,low,0.5,
31455,480201,1,1,2,0,35,3,1,1,48,0,high,1.0,
31456,480202,1,3,2,3,60,1,1,1,48,0,low,0.3333333333333333,
31457,480203,1,2,2,0,30,3,1,1,48,1,low,0.5,
31458,480204,2,3,2,2,99,1,1,1,48,0,high,0.6666666666666666,
31459,480205,1,1,2,0,55,1,1,1,48,1,high,1.0,
31460,480206,1,1,2,0,40,2,1,1,48,1,high,1.0,
31461,480207,1,2,2,4,65,2,2,2,48,0,low,0.5,
31462,480208,1,3,2,0,45,3,1,1,48,0,low,0.3333333333333333,
31463,480209,1,2,2,0,55,3,1,1,48,0,low,0.5,
31464,480210,1,2,2,0,99,1,1,1,48,0,low,0.5,
31465,480211,1,2,2,2,55,1,5,1,48,0,low,0.5,
31466,480212,1,1,2,0,60,2,1,1,48,0,high,1.0,
31467,480213,1,2,2,1,65,2,1,1,48,0,low,0.5,
31468,480214,1,1,2,0,60,3,2,2,48,1,high,1.0,
31469,480215,1,2,2,0,65,1,1,1,48,0,low,0.5,
31470,480216,1,3,2,1,65,1,1,1,48,0,low,0.3333333333333333,
31471,480217,1,8,2,1,50,3,1,1,48,1,low,0.125,
31472,480218,1,2,2,0,65,2,1,1,48,0,low,0.5,
31473,480219,1,2,2,2,65,2,1,2,48,0,low,0.5,
31474,480220,1,2,2,0,20,3,1,1,48,1,low,0.5,
31475,480221,1,6,2,0,65,3,1,1,48,0,low,0.16666666666666666,
31476,480222,1,2,2,5,60,3,1,1,48,0,low,0.5,
31477,480223,1,1,2,0,65,2,1,1,48,1,high,1.0,
31478,480224,1,2,2,0,55,2,1,1,48,0,low,0.5,
31479,480225,1,12,2,0,55,2,1,2,48,0,low,0.08333333333333333,
31480,480226,1,2,2,0,55,2,1,1,48,1,low,0.5,
31481,480227,1,1,2,0,60,1,1,1,48,0,high,1.0,
31482,480228,1,5,2,0,65,2,5,2,48,1,low,0.2,
31483,480229,1,3,2,2,65,2,1,1,48,1,low,0.3333333333333333,
31484,480230,1,2,2,0,65,2,5,4,48,0,low,0.5,
31485,480231,1,1,2,0,65,2,5,2,48,1,high,1.0,
31486,480232,2,2,2,0,70,1,2,2,48,0,high,1.0,
31487,480233,1,1,2,0,70,1,5,2,48,0,high,1.0,
31488,480234,1,1,2,0,35,3,1,1,48,0,high,1.0,
31489,480235,1,3,2,2,55,1,2,6,48,0,low,0.3333333333333333,
31490,480236,1,2,2,0,99,1,1,1,48,0,low,0.5,
31491,480237,1,5,2,1,70,1,1,1,48,0,low,0.2,
31492,480238,1,2,2,0,65,2,1,2,48,0,low,0.5,
31493,480239,1,1,2,0,70,1,1,1,48,0,high,1.0,
31494,480240,1,2,2,11,60,1,2,2,48,0,low,0.5,
31495,480241,1,1,2,0,60,2,1,1,48,0,high,1.0,
31496,480242,1,3,2,3,70,1,1,1,48,0,low,0.3333333333333333,
31497,480243,1,2,2,0,65,2,1,1,48,0,low,0.5,
31498,480244,1,2,2,0,35,3,1,1,48,1,low,0.5,
31499,480245,1,2,2,2,70,1,4,3,48,0,low,0.5,
31500,480246,1,6,2,0,65,2,1,1,48,0,low,0.16666666666666666,
31501,480247,1,3,2,0,55,2,1,1,48,0,low,0.3333333333333333,
31502,480248,1,2,2,0,60,2,1,1,48,0,low,0.5,
31503,480249,2,2,2,0,45,1,1,1,48,0,high,1.0,
31504,480250,1,4,2,0,65,2,1,1,48,0,low,0.25,
31505,480251,1,2,2,5,55,2,1,1,48,0,low,0.5,
31506,480252,1,6,2,0,60,3,1,1,48,0,low,0.16666666666666666,
31507,480253,1,1,2,0,50,3,1,1,48,1,high,1.0,
31508,480254,1,1,2,0,30,2,1,1,48,1,high,1.0,
31509,480255,1,1,2,0,65,3,1,1,48,1,high,1.0,
31510,480256,1,1,2,0,60,1,1,1,48,0,high,1.0,
31511,480257,1,4,2,5,30,3,1,1,48,0,low,0.25,
31512,480258,2,4,2,1,70,1,1,1,48,0,low,0.5,
31513,480259,1,2,2,0,40,3,1,1,48,1,low,0.5,
31514,480260,1,2,2,0,55,2,1,1,48,1,low,0.5,
31515,480261,1,2,2,0,60,2,1,1,48,1,low,0.5,
31516,480262,1,1,2,0,60,2,1,1,48,1,high,1.0,
31517,480263,1,1,2,0,45,2,1,1,48,1,high,1.0,
31518,480264,1,3,2,0,35,2,1,1,48,0,low,0.3333333333333333,
31519,480265,1,1,2,0,70,1,1,1,48,0,high,1.0,
31520,480266,1,1,2,0,40,3,1,1,48,1,high,1.0,
31521,480267,1,2,2,5,60,1,1,1,48,0,low,0.5,
31522,480268,1,2,2,9,60,1,1,1,48,0,low,0.5,
31523,480269,1,5,2,1,60,1,1,1,48,0,low,0.2,
31524,480270,1,1,2,0,35,3,1,1,48,1,high,1.0,
31525,480271,1,2,2,0,45,5,1,1,48,1,low,0.5,
31526,480272,2,3,2,5,55,1,1,1,48,0,high,0.6666666666666666,
31527,480273,1,2,2,5,40,3,1,1,48,0,low,0.5,
31528,480274,1,3,2,1,55,1,1,1,48,0,low,0.3333333333333333,
31529,480275,1,2,2,0,45,2,1,1,48,1,low,0.5,
31530,480276,1,2,2,0,65,1,1,1,48,0,low,0.5,
31531,480277,1,1,2,0,55,1,1,1,48,0,high,1.0,
31532,480278,1,2,2,0,30,4,1,1,48,0,low,0.5,
31533,480279,1,2,2,0,60,1,1,1,48,0,low,0.5,
31534,480280,2,4,2,0,60,2,1,1,48,0,low,0.5,
31535,480281,1,1,2,0,70,1,1,1,48,1,high,1.0,
31536,480282,1,2,2,0,30,2,1,1,48,1,low,0.5,
31537,480283,1,1,2,0,55,1,1,1,48,0,high,1.0,
31538,480284,1,6,2,0,40,2,1,1,48,0,low,0.16666666666666666,
31539,480285,1,1,2,0,65,3,1,1,48,0,high,1.0,
31540,480286,1,1,2,0,60,1,1,1,48,0,high,1.0,
31541,480287,1,1,2,0,55,2,1,1,48,1,high,1.0,
31542,480288,1,3,2,2,40,1,1,1,48,0,low,0.3333333333333333,
31543,480289,1,2,2,2,55,2,5,2,48,0,low,0.5,
31544,480290,1,2,2,0,40,3,1,1,48,0,low,0.5,
31545,480291,1,2,2,5,70,1,1,1,48,0,low,0.5,
31546,480292,1,1,2,0,45,2,1,1,48,1,high,1.0,
31547,480293,1,3,2,4,40,1,1,1,48,0,low,0.3333333333333333,
31548,480294,1,3,2,0,65,2,1,1,48,1,low,0.3333333333333333,
31549,480295,1,1,2,0,30,2,1,1,48,0,high,1.0,
31550,480296,1,3,2,0,30,2,1,1,48,0,low,0.3333333333333333,
31551,480297,1,3,2,2,55,1,1,1,48,1,low,0.3333333333333333,
31552,480298,1,7,2,1,65,3,1,1,48,0,low,0.14285714285714285,
31553,480299,1,5,2,0,65,2,1,1,48,1,low,0.2,
31554,480300,1,1,2,0,45,3,1,1,48,1,high,1.0,
31555,480301,2,2,2,0,55,2,7,1,48,2,high,1.0,
31556,480302,1,2,2,0,20,1,1,1,48,0,low,0.5,
31557,480303,1,3,2,5,70,1,1,2,48,0,low,0.3333333333333333,
31558,480304,1,3,2,2,65,2,1,1,48,1,low,0.3333333333333333,
31559,480305,1,2,2,0,50,2,1,1,48,1,low,0.5,
31560,480306,2,4,2,0,35,3,1,1,48,1,low,0.5,
31561,480307,1,1,2,0,60,3,1,1,48,0,high,1.0,
31562,480308,1,3,2,5,45,1,1,1,48,0,low,0.3333333333333333,
31563,480309,1,5,2,0,55,3,1,1,48,1,low,0.2,
31564,480310,1,1,2,0,70,1,1,1,48,0,high,1.0,
31565,480311,1,1,2,0,70,9,9,9,48,1,high,1.0,
31566,480312,1,2,2,5,55,2,1,1,48,0,low,0.5,
31567,480313,1,5,2,0,65,2,1,1,48,0,low,0.2,
31568,480314,1,4,2,0,55,2,1,1,48,1,low,0.25,
31569,480315,1,1,1,0,30,3,1,1,48,0,high,1.0,
31570,480316,1,2,1,0,50,2,2,2,48,1,low,0.5,
31571,480317,1,4,1,0,65,2,1,1,48,1,low,0.25,
31572,480318,1,2,1,0,40,2,1,1,48,1,low,0.5,
31573,480319,2,6,1,2,65,2,2,2,48,0,low,0.3333333333333333,
31574,480320,2,3,1,0,30,3,1,2,48,1,high,0.6666666666666666,
31575,480321,1,2,1,0,60,3,1,1,48,1,low,0.5,
31576,480322,2,7,1,0,30,2,1,5,48,0,low,0.2857142857142857,
31577,480324,1,2,2,1,50,3,1,1,48,0,low,0.5,
31578,480325,1,2,2,2,50,1,1,1,48,0,low,0.5,
31579,480326,1,2,2,0,60,4,1,1,48,0,low,0.5,
31580,480327,1,3,2,5,70,1,1,1,48,0,low,0.3333333333333333,
31581,480328,1,8,2,0,65,2,1,1,48,1,low,0.125,
31582,480329,1,2,2,0,55,3,1,1,48,1,low,0.5,
31583,480330,1,1,2,0,35,3,1,1,48,1,high,1.0,
31584,480331,1,2,2,0,65,3,1,1,48,0,low,0.5,
31585,480332,2,4,2,2,50,3,1,1,48,0,low,0.5,
31586,480334,1,2,2,5,50,1,1,1,48,0,low,0.5,
31587,480335,1,2,2,0,65,2,1,1,48,0,low,0.5,
31588,480336,1,2,2,5,60,4,1,1,48,0,low,0.5,
31589,480337,1,2,2,0,55,1,1,1,48,0,low,0.5,
31590,480338,1,4,2,2,60,2,1,1,48,1,low,0.25,
31591,480339,1,4,2,2,55,2,1,1,48,1,low,0.25,
31592,480340,1,1,2,0,65,2,1,1,48,0,high,1.0,
31593,480341,1,1,2,0,30,5,1,1,48,0,high,1.0,
31594,480343,1,2,2,4,60,1,1,1,48,0,low,0.5,
31595,480344,1,5,2,0,35,2,1,1,48,0,low,0.2,
31596,480345,1,3,2,2,70,1,1,1,48,0,low,0.3333333333333333,
31597,480346,1,2,2,0,60,1,1,1,48,0,low,0.5,
31598,480347,1,3,2,0,35,1,1,1,48,0,low,0.3333333333333333,
31599,480348,1,2,2,0,55,2,1,1,48,0,low,0.5,
31600,480349,1,2,2,0,35,2,1,1,48,1,low,0.5,
31601,480350,2,3,2,2,60,3,5,1,48,1,high,0.6666666666666666,
31602,480351,1,2,2,1,30,1,5,1,48,0,low,0.5,
31603,480352,1,1,2,0,60,2,1,1,48,0,high,1.0,
31604,480353,1,3,2,0,50,2,1,1,48,0,low,0.3333333333333333,
31605,480354,2,2,2,0,65,1,1,1,48,1,high,1.0,
31606,480355,1,2,2,0,65,3,1,1,48,1,low,0.5,
31607,480356,1,2,2,0,30,2,1,1,48,1,low,0.5,
31608,480357,1,4,2,2,55,2,1,1,48,1,low,0.25,
31609,480358,2,10,2,2,60,2,1,1,48,0,low,0.2,
31610,480359,1,3,2,5,65,2,1,2,48,0,low,0.3333333333333333,
31611,480360,1,1,2,0,55,2,1,1,48,1,high,1.0,
31612,480361,1,6,2,2,55,2,6,1,48,0,low,0.16666666666666666,
31613,480362,1,2,2,0,15,3,1,1,48,0,low,0.5,
31614,480364,1,3,2,2,70,1,4,3,48,0,low,0.3333333333333333,
31615,480365,1,1,2,0,65,2,1,1,48,1,high,1.0,
31616,480366,1,5,2,0,35,2,1,1,48,1,low,0.2,
31617,480367,1,2,2,2,55,2,1,1,48,1,low,0.5,
31618,480368,1,1,2,0,30,3,1,1,48,1,high,1.0,
31619,480369,1,3,2,1,65,1,1,1,48,0,low,0.3333333333333333,
31620,480370,3,4,2,0,65,2,1,1,48,0,high,0.75,
31621,480371,1,2,2,0,30,1,1,1,48,0,low,0.5,
31622,480372,1,1,2,0,60,2,1,1,48,1,high,1.0,
31623,480373,1,3,2,2,99,4,5,1,48,0,low,0.3333333333333333,
31624,480374,1,2,2,4,70,1,1,1,48,0,low,0.5,
31625,480375,1,1,2,0,45,2,1,1,48,1,high,1.0,
31626,480376,2,2,2,0,55,2,1,1,48,1,high,1.0,
31627,480377,1,4,2,1,70,1,1,1,48,0,low,0.25,
31628,480378,1,3,2,5,70,1,1,1,48,0,low,0.3333333333333333,
31629,480379,3,4,2,0,60,1,1,1,48,0,high,0.75,
31630,480380,1,2,2,5,60,1,1,1,48,0,low,0.5,
31631,480381,1,6,2,2,50,3,5,1,48,0,low,0.16666666666666666,
31632,480382,1,3,2,0,40,1,6,1,48,0,low,0.3333333333333333,
31633,480383,1,2,2,11,30,5,1,1,48,0,low,0.5,
31634,480385,1,2,2,2,65,2,1,1,48,1,low,0.5,
31635,480386,1,5,2,5,60,3,1,2,48,0,low,0.2,
31636,480387,1,1,2,0,35,3,1,1,48,1,high,1.0,
31637,480388,1,1,1,0,65,2,1,2,48,1,high,1.0,
31638,480389,1,3,1,0,65,2,1,1,48,1,low,0.3333333333333333,
31639,480390,1,3,1,1,55,1,1,1,48,0,low,0.3333333333333333,
31640,480391,1,1,1,0,60,1,1,1,48,0,high,1.0,
31641,480393,1,2,1,1,65,3,2,2,48,0,low,0.5,
31642,480394,1,2,4,5,45,1,1,1,48,0,low,0.5,
31643,480395,1,3,4,0,60,1,1,5,48,0,low,0.3333333333333333,
31644,480396,2,4,4,5,70,1,1,1,48,0,low,0.5,
31645,480397,1,3,4,2,55,2,1,1,48,0,low,0.3333333333333333,
31646,480398,1,3,4,0,35,2,1,1,48,1,low,0.3333333333333333,
31647,480399,1,2,4,5,55,1,1,1,48,1,low,0.5,
31648,480400,1,4,4,0,30,1,1,1,48,0,low,0.25,
31649,480401,1,2,4,4,70,1,1,1,48,1,low,0.5,
31650,480402,1,3,4,4,70,1,1,1,48,1,low,0.3333333333333333,
31651,480403,1,2,4,0,50,1,1,1,48,0,low,0.5,
31652,480404,1,2,4,4,65,1,1,1,48,0,low,0.5,
31653,480405,1,2,4,5,45,3,1,1,48,1,low,0.5,
31654,480406,1,1,4,0,45,2,1,1,48,0,high,1.0,
31655,480407,2,4,4,5,60,2,1,1,48,1,low,0.5,
31656,480408,1,3,4,2,70,1,1,1,48,0,low,0.3333333333333333,
31657,480409,1,1,4,0,60,2,1,1,48,0,high,1.0,
31658,480410,1,2,4,0,55,2,1,1,48,1,low,0.5,
31659,480411,1,2,4,0,55,2,1,1,48,1,low,0.5,
31660,480412,1,4,1,3,45,1,2,2,48,0,low,0.25,
31661,480413,1,3,1,3,60,3,4,4,48,0,low,0.3333333333333333,
31662,480414,1,2,1,0,60,3,1,1,48,0,low,0.5,
31663,480415,1,2,1,2,55,2,1,1,48,0,low,0.5,
31664,480416,1,2,1,3,50,1,1,1,48,0,low,0.5,
31665,480420,1,3,2,0,45,3,1,1,48,0,low,0.3333333333333333,
31666,480421,1,5,2,8,65,2,1,1,48,0,low,0.2,
31667,480422,1,1,2,0,65,2,1,1,48,0,high,1.0,
31668,480423,1,2,2,2,60,2,1,1,48,0,low,0.5,
31669,480424,1,1,2,0,60,5,1,1,48,0,high,1.0,
31670,480425,1,2,2,0,45,3,1,1,48,1,low,0.5,
31671,480426,1,1,2,0,30,1,1,1,48,0,high,1.0,