,ST_CASE,FATALS,PERSONS,MONTH,MAN_COLL,SP_LIMIT,LGT_COND,WEATHER,SUR_COND,STATE,DRUNK_DR,rate,rate_numerical,arrival_time
32071,480838,1,1,4,0,45,1,1,1,48,0,high,1.0,
32072,480839,1,3,4,0,60,1,1,1,48,0,low,0.3333333333333333,
32073,480840,1,1,4,0,65,1,1,1,48,0,high,1.0,
32074,480841,1,2,4,0,30,1,1,1,48,0,low,0.5,
32075,480842,1,3,4,0,65,2,1,1,48,1,low,0.3333333333333333,
32076,480843,1,2,4,5,70,1,1,1,48,0,low,0.5,
32077,480844,2,3,4,2,70,1,1,1,48,0,high,0.6666666666666666,
32078,480845,1,3,4,2,55,1,1,1,48,0,low,0.3333333333333333,
32079,480846,1,3,4,0,45,1,1,1,48,0,low,0.3333333333333333,
32080,480847,1,2,4,5,40,3,1,2,48,0,low,0.5,
32081,480849,1,1,4,0,55,3,1,1,48,1,high,1.0,
32082,480850,1,2,4,1,65,1,1,1,48,0,low,0.5,
32083,480851,1,2,4,4,70,1,1,1,48,0,low,0.5,
32084,480852,1,2,4,0,30,2,1,1,48,1,low,0.5,
32085,480853,2,7,4,9,65,2,1,1,48,0,low,0.2857142857142857,
32086,480854,1,3,4,1,60,1,1,1,48,1,low,0.3333333333333333,
32087,480855,1,1,4,0,55,2,1,1,48,1,high,1.0,
32088,480856,1,3,4,3,60,1,1,1,48,0,low,0.3333333333333333,
32089,480857,1,1,4,0,65,2,1,1,48,1,high,1.0,
32090,480858,1,1,4,0,35,3,1,1,48,0,high,1.0,
32091,480859,2,2,4,0,65,2,1,1,48,1,high,1.0,
32092,480860,1,3,4,5,60,2,1,1,48,0,low,0.3333333333333333,
32093,480861,2,3,4,2,55,1,1,1,48,0,high,0.6666666666666666,
32094,480862,1,5,4,1,65,3,1,1,48,0,low,0.2,
32095,480863,1,4,4,0,30,1,1,1,48,0,low,0.25,
32096,480864,1,1,4,0,50,2,1,1,48,1,high,1.0,
32097,480865,2,3,4,2,70,1,1,1,48,0,high,0.6666666666666666,
32098,480866,1,2,4,5,65,2,1,1,48,0,low,0.5,
32099,480867,1,3,4,99,30,1,1,2,48,0,low,0.3333333333333333,
32100,480868,1,1,4,0,55,1,1,2,48,0,high,1.0,
32101,480869,1,2,4,4,60,2,2,2,48,0,low,0.5,
32102,480870,1,2,4,2,60,1,1,1,48,0,low,0.5,
32103,480871,1,2,4,4,55,2,1,1,48,0,low,0.5,
32104,480872,1,2,4,0,70,1,1,1,48,0,low,0.5,
32105,480873,1,2,4,0,45,2,1,5,48,0,low,0.5,
32106,480874,1,3,4,5,50,2,1,1,48,0,low,0.3333333333333333,
32107,480875,1,5,4,5,35,1,1,1,48,1,low,0.2,
32108,480876,1,1,4,0,30,2,1,1,48,1,high,1.0,
32109,480877,1,1,4,0,40,1,1,1,48,1,high,1.0,
32110,480878,1,2,4,4,70,1,1,1,48,1,low,0.5,
32111,480879,1,4,4,1,65,3,1,1,48,1,low,0.25,
32112,480880,1,3,4,2,70,1,1,1,48,0,low,0.3333333333333333,
32113,480882,1,2,4,0,70,1,1,1,48,0,low,0.5,
32114,480883,1,6,4,0,60,1,1,1,48,0,low,0.16666666666666666,
32115,480884,1,3,4,5,45,1,1,1,48,0,low,0.3333333333333333,
32116,480885,1,7,4,5,30,1,1,1,48,0,low,0.14285714285714285,
32117,480886,1,3,4,1,55,1,1,1,48,0,low,0.3333333333333333,
32118,480887,1,2,4,0,65,3,1,1,48,0,low,0.5,
32119,480888,1,2,4,2,55,1,1,1,48,0,low,0.5,
32120,480889,1,2,4,0,45,1,1,1,48,0,low,0.5,
32121,480890,1,1,4,0,50,2,1,9,48,1,high,1.0,
32122,480891,1,3,4,5,45,3,1,1,48,1,low,0.3333333333333333,
32123,480892,3,4,4,2,55,2,1,1,48,1,high,0.75,
32124,480893,1,2,4,0,60,1,1,1,48,0,low,0.5,
32125,480894,1,2,4,5,60,1,1,1,48,0,low,0.5,
32126,480895,1,6,4,7,30,3,1,1,48,0,low,0.16666666666666666,
32127,480896,1,4,4,3,65,2,1,1,48,0,low,0.25,
32128,480897,1,2,4,0,65,2,1,1,48,0,low,0.5,
32129,480898,2,3,4,0,60,2,1,1,48,1,high,0.6666666666666666,
32130,480899,1,2,4,2,55,1,1,1,48,0,low,0.5,
32131,480900,1,5,4,0,40,3,1,1,48,0,low,0.2,
32132,480901,1,2,4,0,60,1,1,1,48,0,low,0.5,
32133,480902,1,1,4,0,35,2,1,1,48,1,high,1.0,
32134,480903,1,1,4,0,60,1,1,1,48,0,high,1.0,
32135,480904,1,10,5,2,50,1,2,2,48,0,low,0.1,
32136,480905,2,3,5,0,60,1,2,2,48,0,high,0.6666666666666666,
32137,480906,2,2,5,2,70,1,2,2,48,0,high,1.0,
32138,480907,1,1,5,0,60,1,1,1,48,0,high,1.0,
32139,480908,1,3,5,0,65,2,1,1,48,0,low,0.3333333333333333,
32140,480909,2,2,5,0,40,3,2,2,48,0,high,1.0,
32141,480910,2,4,5,4,70,1,1,2,48,0,low,0.5,
32142,480911,1,1,5,0,70,1,1,1,48,0,high,1.0,
32143,480912,1,1,5,0,50,1,1,2,48,0,high,1.0,
32144,480913,1,2,5,0,65,2,1,1,48,0,low,0.5,
32145,480914,1,4,5,5,45,1,1,1,48,0,low,0.25,
32146,480915,1,6,5,1,70,1,1,2,48,0,low,0.16666666666666666,
32147,480916,2,3,5,0,65,2,1,1,48,0,high,0.6666666666666666,
32148,480917,1,3,5,5,60,2,1,1,48,1,low,0.3333333333333333,
32149,480918,1,3,5,2,55,2,2,2,48,1,low,0.3333333333333333,
32150,480919,1,1,5,0,45,1,1,1,48,0,high,1.0,
32151,480920,1,1,5,0,55,2,1,1,48,0,high,1.0,
32152,480921,1,3,5,4,65,2,1,2,48,1,low,0.3333333333333333,
32153,480922,1,2,5,5,55,1,1,1,48,0,low,0.5,
32154,480923,1,1,5,0,70,1,1,1,48,0,high,1.0,
32155,480924,1,3,5,5,45,1,1,1,48,0,low,0.3333333333333333,
32156,480925,1,3,5,5,65,2,1,1,48,0,low,0.3333333333333333,
32157,480926,2,6,5,0,65,1,1,1,48,0,low,0.3333333333333333,
32158,480927,1,1,5,0,30,1,1,1,48,1,high,1.0,
32159,480928,1,2,5,0,40,1,1,1,48,0,low,0.5,
32160,480929,1,2,5,0,55,2,1,1,48,0,low,0.5,
32161,480930,1,8,5,5,70,1,1,1,48,0,low,0.125,
32162,480931,1,3,5,0,65,5,1,1,48,0,low,0.3333333333333333,
32163,480932,1,2,5,4,40,1,1,1,48,0,low,0.5,
32164,480933,1,1,5,0,55,2,1,1,48,1,high,1.0,
32165,480934,1,1,5,0,55,2,1,1,48,1,high,1.0,
32166,480935,2,4,5,0,60,2,1,1,48,0,low,0.5,
32167,480936,1,2,5,0,65,1,1,1,48,0,low,0.5,
32168,480937,1,2,5,3,70,1,1,1,48,0,low,0.5,
32169,480938,1,3,5,5,30,1,1,1,48,0,low,0.3333333333333333,
32170,480939,1,2,5,0,65,2,1,1,48,0,low,0.5,
32171,480940,1,1,5,0,40,1,1,1,48,0,high,1.0,
32172,480941,1,3,5,5,50,1,1,1,48,0,low,0.3333333333333333,
32173,480942,1,1,5,0,30,3,1,2,48,0,high,1.0,
32174,480943,2,2,5,2,60,3,2,2,48,1,high,1.0,
32175,480944,1,2,5,5,50,1,1,1,48,0,low,0.5,
32176,480945,1,2,5,0,40,2,1,1,48,1,low,0.5,
32177,480946,1,2,5,0,65,1,1,1,48,0,low,0.5,
32178,480947,1,1,5,0,35,3,1,1,48,0,high,1.0,
32179,480948,1,1,5,0,55,2,2,5,48,1,high,1.0,
32180,480949,1,1,5,0,30,1,1,1,48,0,high,1.0,
32181,480950,1,2,5,2,70,1,1,1,48,0,low,0.5,
32182,480951,2,3,5,0,65,2,2,2,48,0,high,0.6666666666666666,
32183,480952,1,5,5,1,70,1,1,1,48,0,low,0.2,
32184,480953,1,2,5,0,65,2,2,2,48,0,low,0.5,
32185,480954,2,4,5,2,65,1,1,1,48,0,low,0.5,
32186,480955,1,3,5,0,65,1,1,1,48,0,low,0.3333333333333333,
32187,480956,1,2,5,5,70,1,1,2,48,0,low,0.5,
32188,480957,2,4,5,2,65,2,9,9,48,2,low,0.5,
32189,480958,1,5,5,5,35,3,1,1,48,1,low,0.2,
32190,480959,1,2,5,0,65,3,1,1,48,0,low,0.5,
32191,480960,1,1,5,0,65,2,1,1,48,0,high,1.0,
32192,480961,1,3,5,0,60,1,1,1,48,1,low,0.3333333333333333,
32193,480962,1,1,5,0,65,2,1,1,48,1,high,1.0,
32194,480963,1,3,5,5,40,3,1,1,48,1,low,0.3333333333333333,
32195,480964,1,1,5,0,60,2,1,1,48,1,high,1.0,
32196,480965,1,2,5,5,35,3,1,1,48,1,low,0.5,
32197,480966,2,3,5,0,30,3,1,1,48,0,high,0.6666666666666666,
32198,480967,1,3,5,5,40,3,1,1,48,0,low,0.3333333333333333,
32199,480968,1,3,5,0,40,3,1,2,48,1,low,0.3333333333333333,
32200,480969,1,2,2,0,65,3,1,1,48,1,low,0.5,
32201,480970,1,3,4,2,70,1,1,1,48,1,low,0.3333333333333333,
32202,480971,1,3,4,0,35,2,1,1,48,1,low,0.3333333333333333,
32203,480972,1,2,4,0,30,4,2,2,48,0,low,0.5,
32204,480973,1,2,4,0,45,2,1,1,48,0,low,0.5,
32205,480974,1,1,4,0,70,1,1,1,48,0,high,1.0,
32206,480975,1,5,4,4,60,1,1,1,48,0,low,0.2,
32207,480976,1,7,4,2,60,1,1,1,48,0,low,0.14285714285714285,
32208,480977,1,2,4,2,65,2,1,1,48,1,low,0.5,
32209,480978,1,6,4,0,65,2,1,1,48,0,low,0.16666666666666666,
32210,480979,2,3,5,2,70,1,2,2,48,0,high,0.6666666666666666,
32211,480980,1,1,5,0,35,2,2,6,48,0,high,1.0,
32212,480981,1,4,5,5,55,3,1,1,48,0,low,0.25,
32213,480982,1,3,5,0,60,2,1,1,48,1,low,0.3333333333333333,
32214,480983,1,3,5,2,35,3,1,1,48,1,low,0.3333333333333333,
32215,480984,1,3,5,0,60,2,1,2,48,0,low,0.3333333333333333,
32216,480985,1,2,2,0,30,1,1,1,48,0,low,0.5,
32217,480986,1,4,3,0,40,1,2,2,48,0,low,0.25,
32218,480987,1,2,3,11,60,1,1,1,48,0,low,0.5,
32219,480988,1,2,4,0,40,3,1,1,48,1,low,0.5,
32220,480989,1,6,5,1,55,1,1,2,48,0,low,0.16666666666666666,
32221,480990,1,2,5,0,35,3,1,1,48,1,low,0.5,
32222,480991,1,1,5,0,60,1,1,1,48,1,high,1.0,
32223,480992,1,5,5,5,65,1,1,1,48,0,low,0.2,
32224,480993,1,2,5,0,60,2,1,1,48,1,low,0.5,
32225,480994,1,2,5,0,30,3,1,1,48,1,low,0.5,
32226,480995,1,2,5,0,30,3,1,1,48,0,low,0.5,
32227,480996,1,2,5,0,55,1,2,2,48,0,low,0.5,
32228,480997,1,6,5,4,50,2,2,2,48,0,low,0.16666666666666666,
32229,480998,1,1,5,0,60,3,1,1,48,1,high,1.0,
32230,480999,1,1,1,0,40,3,1,1,48,1,high,1.0,
32231,481000,1,1,3,0,60,3,1,1,48,1,high,1.0,
32232,481001,1,1,4,0,99,1,1,1,48,0,high,1.0,
32233,481002,1,6,4,4,65,1,1,1,48,0,low,0.16666666666666666,
32234,481003,1,3,4,0,40,1,1,1,48,0,low,0.3333333333333333,
32235,481004,1,1,4,0,60,2,1,1,48,0,high,1.0,
32236,481005,1,2,4,0,50,1,1,1,48,0,low,0.5,
32237,481006,1,4,4,1,65,1,1,1,48,0,low,0.25,
32238,481007,1,5,4,0,55,1,1,1,48,0,low,0.2,
32239,481008,1,4,5,0,70,1,1,1,48,0,low,0.25,
32240,481009,1,1,5,0,70,1,1,2,48,0,high,1.0,
32241,481010,1,4,5,2,65,2,1,1,48,0,low,0.25,
32242,481011,1,5,5,5,65,2,1,1,48,1,low,0.2,
32243,481012,1,2,5,9,40,1,1,1,48,1,low,0.5,
32244,481013,1,1,5,0,50,1,1,1,48,0,high,1.0,
32245,481014,1,2,5,0,30,1,1,1,48,0,low,0.5,
32246,481015,1,2,5,0,40,1,2,2,48,1,low,0.5,
32247,481016,2,2,5,2,65,2,1,1,48,1,high,1.0,
32248,481017,2,2,5,2,70,4,1,1,48,2,high,1.0,
32249,481018,1,1,5,0,65,2,1,1,48,1,high,1.0,
32250,481019,1,1,5,0,55,2,1,1,48,0,high,1.0,
32251,481020,1,2,5,5,55,1,1,1,48,0,low,0.5,
32252,481021,1,6,5,0,70,1,1,1,48,0,low,0.16666666666666666,
32253,481022,1,1,5,0,65,5,1,1,48,1,high,1.0,
32254,481023,1,1,5,0,40,2,1,1,48,1,high,1.0,
32255,481024,1,4,5,5,55,1,1,1,48,0,low,0.25,
32256,481025,1,3,5,5,60,1,1,1,48,0,low,0.3333333333333333,
32257,481026,1,1,5,0,60,2,1,1,48,1,high,1.0,
32258,481027,1,3,5,3,60,2,1,1,48,0,low,0.3333333333333333,
32259,481028,1,2,5,5,60,1,1,1,48,0,low,0.5,
32260,481029,1,2,5,0,65,1,2,9,48,0,low,0.5,
32261,481030,1,5,5,5,45,1,1,1,48,0,low,0.2,
32262,481031,1,1,5,0,70,2,1,1,48,1,high,1.0,
32263,481032,1,2,5,0,55,2,9,2,48,0,low,0.5,
32264,481033,1,2,5,0,40,2,1,1,48,0,low,0.5,
32265,481034,1,2,5,0,99,1,1,1,48,1,low,0.5,
32266,481035,2,3,5,0,40,3,1,1,48,1,high,0.6666666666666666,
32267,481036,1,2,5,0,45,1,1,1,48,0,low,0.5,
32268,481037,1,1,4,0,30,3,1,1,48,0,high,1.0,
32269,481038,2,2,5,0,45,3,1,1,48,2,high,1.0,
32270,481039,1,2,1,0,35,3,1,1,48,1,low,0.5,
32271,481040,1,5,2,5,50,1,1,1,48,0,low,0.2,
32272,481041,1,1,3,0,40,1,1,1,48,0,high,1.0,
32273,481044,1,1,3,0,30,2,1,1,48,0,high,1.0,
32274,481045,1,6,3,0,30,9,9,9,48,0,low,0.16666666666666666,
32275,481046,1,1,4,0,30,3,1,1,48,1,high,1.0,
32276,481047,1,1,4,0,30,1,1,1,48,1,high,1.0,
32277,481048,1,2,4,5,60,1,1,1,48,0,low,0.5,
32278,481049,3,8,4,2,70,1,1,2,48,0,low,0.375,
32279,481050,2,4,4,1,60,3,1,1,48,2,low,0.5,
32280,481051,1,1,4,0,35,1,1,1,48,0,high,1.0,
32281,481052,1,1,4,0,70,1,1,1,48,0,high,1.0,
32282,481053,1,2,5,0,55,1,1,2,48,0,low,0.5,
32283,481054,1,3,5,5,55,1,1,1,48,0,low,0.3333333333333333,
32284,481055,1,2,5,5,40,3,1,1,48,1,low,0.5,
32285,481056,2,2,5,0,60,3,1,1,48,1,high,1.0,
32286,481057,1,2,5,0,55,2,1,1,48,0,low,0.5,
32287,481058,1,2,5,1,40,2,1,1,48,2,low,0.5,
32288,481059,1,1,5,0,60,1,1,1,48,1,high,1.0,
32289,481060,1,2,5,5,55,2,1,1,48,0,low,0.5,
32290,481061,1,4,5,2,70,2,1,1,48,0,low,0.25,
32291,481062,1,3,5,5,40,1,1,1,48,0,low,0.3333333333333333,
32292,481063,1,1,5,0,35,2,1,1,48,1,high,1.0,
32293,481064,1,2,5,0,30,3,1,1,48,0,low,0.5,
32294,481065,1,3,5,5,55,1,1,1,48,0,low,0.3333333333333333,
32295,481066,1,1,5,0,55,2,1,1,48,1,high,1.0,
32296,481067,1,1,5,0,60,5,1,1,48,0,high,1.0,
32297,481068,1,3,5,0,35,5,1,1,48,1,low,0.3333333333333333,
32298,481069,1,2,5,5,60,1,1,1,48,0,low,0.5,
32299,481070,1,1,5,0,60,1,1,1,48,0,high,1.0,
32300,481071,1,1,5,0,65,2,1,1,48,0,high,1.0,
32301,481072,1,3,5,5,70,1,1,1,48,0,low,0.3333333333333333,
32302,481073,1,2,5,0,55,2,1,1,48,0,low,0.5,
32303,481074,1,1,5,0,55,2,1,1,48,1,high,1.0,
32304,481075,1,2,5,1,60,2,2,2,48,1,low,0.5,
32305,481076,1,2,5,1,70,1,1,1,48,0,low,0.5,
32306,481077,1,2,5,0,65,2,1,1,48,1,low,0.5,
32307,481078,1,1,5,0,50,3,1,1,48,1,high,1.0,
32308,481079,1,3,5,2,45,3,1,1,48,1,low,0.3333333333333333,
32309,481080,1,3,5,5,55,1,1,1,48,0,low,0.3333333333333333,
32310,481081,1,2,5,0,30,2,2,2,48,1,low,0.5,
32311,481082,1,3,5,0,50,2,1,1,48,0,low,0.3333333333333333,
32312,481083,1,1,5,0,35,2,1,1,48,1,high,1.0,
32313,481084,1,1,5,0,45,2,1,1,48,1,high,1.0,
32314,481085,1,2,5,2,45,1,1,1,48,0,low,0.5,
32315,481086,1,1,5,0,50,5,1,1,48,1,high,1.0,
32316,481087,1,3,6,5,40,1,1,1,48,0,low,0.3333333333333333,
32317,481088,1,1,6,0,60,3,1,1,48,1,high,1.0,
32318,481089,2,3,6,2,70,1,1,1,48,0,high,0.6666666666666666,
32319,481090,1,1,6,0,50,1,2,2,48,0,high,1.0,
32320,481091,1,3,5,2,40,1,2,2,48,0,low,0.3333333333333333,
32321,481092,2,5,5,1,60,3,1,1,48,0,low,0.4,
32322,481093,1,1,5,0,55,2,1,1,48,1,high,1.0,
32323,481094,1,2,5,5,55,1,1,1,48,0,low,0.5,
32324,481095,1,1,5,0,35,1,1,1,48,0,high,1.0,
32325,481096,2,4,5,4,70,1,1,1,48,0,low,0.5,
32326,481097,1,2,5,0,65,1,1,1,48,0,low,0.5,
32327,481098,1,2,5,4,50,3,1,2,48,0,low,0.5,
32328,481100,1,1,5,0,30,2,1,1,48,1,high,1.0,
32329,481101,2,2,5,0,30,2,2,6,48,1,high,1.0,
32330,481102,1,2,5,0,65,2,1,1,48,0,low,0.5,
32331,481103,1,2,5,11,40,2,1,1,48,0,low,0.5,
32332,481104,1,3,5,5,65,1,1,1,48,0,low,0.3333333333333333,
32333,481105,1,2,5,5,40,2,2,2,48,1,low,0.5,
32334,481106,1,1,5,0,65,1,1,1,48,0,high,1.0,
32335,481107,1,3,5,4,70,1,1,1,48,0,low,0.3333333333333333,
32336,481108,1,2,5,5,65,1,2,6,48,0,low,0.5,
32337,481109,2,3,5,5,60,1,2,2,48,0,high,0.6666666666666666,
32338,481110,2,3,5,3,70,1,2,2,48,0,high,0.6666666666666666,
32339,481111,1,1,4,0,30,3,1,1,48,1,high,1.0,
32340,481112,1,1,4,0,30,2,1,1,48,0,high,1.0,
32341,481113,1,4,4,2,45,2,1,1,48,1,low,0.25,
32342,481114,1,5,4,1,30,3,1,1,48,0,low,0.2,
32343,481115,1,2,4,0,65,1,1,1,48,0,low,0.5,
32344,481116,1,1,4,0,75,1,2,2,48,0,high,1.0,
32345,481117,1,2,5,0,30,1,1,1,48,0,low,0.5,
32346,481118,4,6,5,2,80,1,1,1,48,1,high,0.6666666666666666,
32347,481119,1,2,5,0,40,2,1,1,48,1,low,0.5,
32348,481120,1,1,5,0,75,1,1,1,48,0,high,1.0,
32349,481121,1,2,5,4,75,1,1,1,48,1,low,0.5,
32350,481122,1,2,5,0,60,1,1,1,48,1,low,0.5,
32351,481123,1,2,5,4,45,1,1,1,48,0,low,0.5,
32352,481124,1,4,5,5,40,3,1,2,48,0,low,0.25,
32353,481125,1,1,5,0,60,1,1,1,48,1,high,1.0,
32354,481126,1,2,5,0,55,2,1,1,48,1,low,0.5,
32355,481127,1,5,5,0,35,1,1,1,48,0,low,0.2,
32356,481128,1,3,6,5,70,1,1,1,48,0,low,0.3333333333333333,
32357,481129,1,3,6,0,50,2,1,1,48,0,low,0.3333333333333333,
32358,481131,4,5,6,0,65,3,1,1,48,1,high,0.8,
32359,481132,2,4,5,2,45,1,1,1,48,0,low,0.5,
32360,481133,1,1,5,0,60,1,1,1,48,1,high,1.0,
32361,481134,1,1,5,0,45,2,1,1,48,0,high,1.0,
32362,481135,1,13,5,5,70,1,2,2,48,1,low,0.07692307692307693,
32363,481136,1,3,6,2,70,1,1,1,48,0,low,0.3333333333333333,
32364,481137,1,2,6,0,50,2,1,1,48,1,low,0.5,
32365,481138,1,2,6,5,60,1,1,1,48,0,low,0.5,
32366,481139,1,2,6,0,40,3,1,1,48,1,low,0.5,
32367,481140,1,1,6,0,60,3,1,1,48,0,high,1.0,
32368,481141,1,2,1,1,40,1,1,1,48,0,low,0.5,
32369,481142,1,2,2,1,60,1,1,1,48,0,low,0.5,
32370,481143,1,3,3,0,40,3,1,1,48,1,low,0.3333333333333333,
32371,481144,1,4,4,2,55,2,1,1,48,0,low,0.25,
32372,481145,1,1,5,0,40,3,1,1,48,0,high,1.0,
32373,481146,1,2,5,0,99,2,1,1,48,1,low,0.5,
32374,481147,1,4,5,2,55,1,1,1,48,0,low,0.25,
32375,481148,1,2,5,0,45,2,1,1,48,0,low,0.5,
32376,481149,1,4,5,4,50,1,1,1,48,0,low,0.25,
32377,481150,1,2,5,0,65,2,1,1,48,1,low,0.5,
32378,481151,1,3,5,0,55,3,1,1,48,1,low,0.3333333333333333,
32379,481152,1,2,5,0,45,2,1,1,48,0,low,0.5,
32380,481153,1,2,5,1,35,3,1,1,48,1,low,0.5,
32381,481154,1,1,5,0,50,2,1,1,48,0,high,1.0,
32382,481155,1,1,5,0,55,2,1,1,48,1,high,1.0,
32383,481156,1,3,5,3,70,1,1,1,48,0,low,0.3333333333333333,
32384,481157,1,1,5,0,40,2,2,2,48,1,high,1.0,
32385,481158,1,1,5,0,60,2,2,2,48,1,high,1.0,
32386,481159,1,3,5,0,70,1,1,1,48,1,low,0.3333333333333333,
32387,481160,1,2,5,0,30,1,1,1,48,0,low,0.5,
32388,481161,1,1,5,0,30,1,1,1,48,1,high,1.0,
32389,481162,1,6,5,2,55,1,1,1,48,1,low,0.16666666666666666,
32390,481163,1,3,5,0,50,1,1,1,48,1,low,0.3333333333333333,
32391,481164,1,2,5,0,60,2,1,1,48,0,low,0.5,
32392,481165,1,5,5,1,45,3,1,1,48,1,low,0.2,
32393,481166,1,8,5,11,70,1,2,2,48,0,low,0.125,
32394,481167,1,2,5,0,45,2,1,1,48,0,low,0.5,
32395,481168,1,1,5,0,99,2,1,1,48,1,high,1.0,
32396,481169,1,1,5,0,60,1,1,1,48,0,high,1.0,
32397,481170,1,4,5,4,45,1,1,1,48,1,low,0.25,
32398,481171,1,1,5,0,60,3,1,1,48,1,high,1.0,
32399,481172,1,1,5,0,40,1,1,1,48,0,high,1.0,
32400,481173,1,2,5,0,45,3,1,1,48,1,low,0.5,
32401,481174,1,3,6,4,70,1,1,1,48,0,low,0.3333333333333333,
32402,481175,1,3,6,0,55,1,1,1,48,1,low,0.3333333333333333,
32403,481176,1,1,6,0,45,1,1,1,48,0,high,1.0,
32404,481177,1,2,6,0,70,1,1,1,48,0,low,0.5,
32405,481178,1,3,6,0,60,3,1,1,48,1,low,0.3333333333333333,
32406,481179,1,1,6,0,45,1,1,1,48,0,high,1.0,
32407,481180,1,4,6,11,65,2,1,1,48,1,low,0.25,
32408,481181,1,2,6,2,65,2,1,1,48,1,low,0.5,
32409,481182,1,2,6,4,55,1,1,1,48,0,low,0.5,
32410,481183,1,1,6,0,70,1,1,1,48,0,high,1.0,
32411,481184,1,2,6,5,35,1,1,1,48,0,low,0.5,
32412,481185,2,3,6,2,45,1,1,1,48,0,high,0.6666666666666666,
32413,481186,1,2,6,1,65,1,1,1,48,0,low,0.5,
32414,481187,1,1,6,0,55,2,1,1,48,0,high,1.0,
32415,481188,1,4,6,0,30,1,1,1,48,0,low,0.25,
32416,481189,1,1,6,0,35,4,1,1,48,0,high,1.0,
32417,481190,1,2,6,4,60,2,2,2,48,0,low,0.5,
32418,481191,1,5,6,5,30,1,1,1,48,0,low,0.2,
32419,481192,1,1,6,0,45,3,1,1,48,1,high,1.0,
32420,481193,1,2,6,0,70,3,1,1,48,0,low,0.5,
32421,481194,1,1,6,0,55,2,1,1,48,0,high,1.0,
32422,481195,2,2,6,0,40,2,1,1,48,2,high,1.0,
32423,481196,1,3,6,5,30,1,1,1,48,0,low,0.3333333333333333,
32424,481197,2,5,6,5,45,3,1,1,48,0,low,0.4,
32425,481198,1,3,6,1,45,2,1,1,48,1,low,0.3333333333333333,
32426,481200,1,1,6,0,45,1,1,1,48,0,high,1.0,
32427,481201,1,3,6,5,35,1,1,1,48,0,low,0.3333333333333333,
32428,481202,1,2,6,1,40,3,1,1,48,1,low,0.5,
32429,481203,1,1,6,0,70,1,1,1,48,0,high,1.0,
32430,481204,1,2,1,4,55,2,1,1,48,0,low,0.5,
32431,481205,1,3,2,5,60,2,1,1,48,0,low,0.3333333333333333,
32432,481206,1,6,3,0,60,3,1,1,48,1,low,0.16666666666666666,
32433,481207,1,2,3,1,30,3,1,1,48,0,low,0.5,
32434,481208,1,1,4,0,30,3,1,1,48,1,high,1.0,
32435,481209,1,2,4,2,60,3,1,1,48,1,low,0.5,
32436,481210,1,2,5,0,35,3,1,1,48,1,low,0.5,
32437,481211,1,3,5,2,60,1,1,1,48,1,low,0.3333333333333333,
32438,481212,1,3,5,0,65,2,1,1,48,0,low,0.3333333333333333,
32439,481213,1,15,5,1,60,1,1,1,48,0,low,0.06666666666666667,
32440,481214,1,2,5,5,35,3,1,1,48,1,low,0.5,
32441,481215,1,4,5,0,40,2,2,2,48,1,low,0.25,
32442,481216,1,6,5,0,70,1,1,1,48,0,low,0.16666666666666666,
32443,481217,2,4,5,2,70,1,1,1,48,1,low,0.5,
32444,481218,1,1,5,0,70,9,1,1,48,0,high,1.0,
32445,481219,1,2,6,5,65,2,2,2,48,1,low,0.5,
32446,481220,1,2,6,11,65,2,2,2,48,0,low,0.5,
32447,481221,2,3,6,2,65,2,1,1,48,1,high,0.6666666666666666,
32448,481222,1,1,6,0,65,2,1,1,48,1,high,1.0,
32449,481223,1,1,6,0,65,1,1,1,48,0,high,1.0,
32450,481224,1,2,6,1,30,1,1,1,48,0,low,0.5,
32451,481225,2,4,6,2,70,1,1,1,48,0,low,0.5,
32452,481226,1,3,6,0,55,3,1,1,48,1,low,0.3333333333333333,
32453,481227,1,2,6,4,35,3,1,1,48,1,low,0.5,
32454,481229,1,3,6,0,65,2,1,1,48,0,low,0.3333333333333333,
32455,481230,1,2,6,5,65,1,1,1,48,0,low,0.5,
32456,481231,1,3,6,1,60,1,1,1,48,0,low,0.3333333333333333,
32457,481232,1,2,6,1,65,2,1,1,48,1,low,0.5,
32458,481233,1,1,6,0,50,3,1,5,48,0,high,1.0,
32459,481234,1,2,6,5,30,1,1,1,48,0,low,0.5,
32460,481235,1,2,6,0,60,3,1,1,48,0,low,0.5,
32461,481236,1,1,6,0,60,9,1,1,48,1,high,1.0,
32462,481237,1,3,6,0,70,1,1,1,48,0,low,0.3333333333333333,
32463,481238,1,2,6,0,35,2,1,1,48,0,low,0.5,
32464,481239,1,2,6,0,70,1,1,1,48,0,low,0.5,
32465,481240,1,1,6,0,40,3,1,1,48,0,high,1.0,