,ST_CASE,FATALS,PERSONS,MONTH,MAN_COLL,SP_LIMIT,LGT_COND,WEATHER,SUR_COND,STATE,DRUNK_DR,rate,rate_numerical,arrival_time
32466,481241,1,10,6,0,70,1,2,2,48,0,low,0.1,
32467,481242,2,7,6,0,60,1,1,1,48,1,low,0.2857142857142857,
32468,481243,1,2,6,0,65,3,1,1,48,0,low,0.5,
32469,481244,1,6,6,0,70,1,1,1,48,0,low,0.16666666666666666,
32470,481245,1,2,6,0,65,1,1,1,48,0,low,0.5,
32471,481246,1,1,6,0,35,1,1,1,48,0,high,1.0,
32472,481247,2,2,6,0,30,3,1,1,48,1,high,1.0,
32473,481248,1,3,6,5,60,1,1,1,48,0,low,0.3333333333333333,
32474,481249,1,1,6,0,65,2,2,2,48,0,high,1.0,
32475,481250,1,5,6,1,65,2,1,1,48,1,low,0.2,
32476,481251,1,1,6,0,70,1,1,8,48,0,high,1.0,
32477,481252,1,2,6,5,55,2,1,1,48,1,low,0.5,
32478,481253,1,1,6,0,15,1,1,2,48,1,high,1.0,
32479,481254,1,3,6,0,65,2,1,2,48,0,low,0.3333333333333333,
32480,481255,1,1,6,0,45,4,1,1,48,1,high,1.0,
32481,481256,1,3,6,5,65,1,1,1,48,0,low,0.3333333333333333,
32482,481257,1,3,6,0,30,3,1,1,48,0,low,0.3333333333333333,
32483,481258,1,1,6,0,60,2,1,1,48,1,high,1.0,
32484,481259,1,2,6,0,30,1,1,1,48,0,low,0.5,
32485,481260,1,3,6,4,65,1,1,1,48,1,low,0.3333333333333333,
32486,481261,1,2,6,0,60,3,1,1,48,1,low,0.5,
32487,481262,1,3,6,0,45,1,1,1,48,0,low,0.3333333333333333,
32488,481263,1,2,6,0,45,3,1,1,48,0,low,0.5,
32489,481264,1,1,6,0,45,3,1,1,48,1,high,1.0,
32490,481265,1,3,6,5,45,3,1,1,48,1,low,0.3333333333333333,
32491,481266,1,2,1,0,40,3,1,1,48,0,low,0.5,
32492,481267,1,2,2,5,55,1,1,1,48,0,low,0.5,
32493,481268,1,2,3,0,35,3,1,1,48,0,low,0.5,
32494,481269,1,5,3,2,50,1,1,1,48,0,low,0.2,
32495,481270,1,5,4,5,35,1,1,1,48,0,low,0.2,
32496,481271,1,1,4,0,60,3,1,1,48,1,high,1.0,
32497,481272,1,5,4,0,35,2,1,1,48,0,low,0.2,
32498,481273,1,4,5,0,45,1,1,1,48,0,low,0.25,
32499,481274,1,1,5,0,65,2,1,1,48,1,high,1.0,
32500,481275,1,1,5,0,60,3,1,1,48,1,high,1.0,
32501,481276,1,1,5,1,60,3,1,1,48,1,high,1.0,
32502,481277,1,1,5,0,45,1,1,1,48,0,high,1.0,
32503,481278,1,9,5,5,45,1,1,1,48,0,low,0.1111111111111111,
32504,481279,1,3,5,1,45,3,1,1,48,0,low,0.3333333333333333,
32505,481280,1,2,5,0,45,1,1,1,48,0,low,0.5,
32506,481281,1,1,6,0,35,2,1,1,48,0,high,1.0,
32507,481282,1,2,6,0,99,1,2,2,48,0,low,0.5,
32508,481283,1,1,6,0,60,2,1,1,48,1,high,1.0,
32509,481284,2,6,6,5,40,1,1,1,48,1,low,0.3333333333333333,
32510,481285,1,3,6,0,60,3,1,1,48,1,low,0.3333333333333333,
32511,481286,1,2,6,0,60,1,1,1,48,0,low,0.5,
32512,481287,2,5,6,8,70,1,1,1,48,0,low,0.4,
32513,481288,1,2,6,0,65,1,1,1,48,0,low,0.5,
32514,481289,1,1,6,0,55,1,2,2,48,0,high,1.0,
32515,481290,1,4,6,1,65,1,2,2,48,1,low,0.25,
32516,481291,1,5,6,2,65,1,2,2,48,0,low,0.2,
32517,481292,1,2,6,0,65,2,1,1,48,1,low,0.5,
32518,481293,1,2,6,0,55,2,1,1,48,0,low,0.5,
32519,481294,1,2,6,0,60,1,1,2,48,0,low,0.5,
32520,481295,1,3,6,0,35,3,1,1,48,0,low,0.3333333333333333,
32521,481296,1,4,6,5,70,1,1,1,48,0,low,0.25,
32522,481297,1,2,6,1,65,3,1,1,48,1,low,0.5,
32523,481298,1,5,6,0,30,2,2,2,48,0,low,0.2,
32524,481299,1,2,6,4,65,4,1,1,48,0,low,0.5,
32525,481300,1,1,6,0,35,1,1,1,48,0,high,1.0,
32526,481301,1,4,6,2,40,3,1,1,48,2,low,0.25,
32527,481302,1,2,6,5,65,1,2,2,48,0,low,0.5,
32528,481303,1,1,6,0,40,1,1,1,48,0,high,1.0,
32529,481304,1,1,6,0,55,4,1,1,48,0,high,1.0,
32530,481305,3,3,6,5,70,1,1,2,48,0,high,1.0,
32531,481306,1,3,6,5,65,3,2,2,48,0,low,0.3333333333333333,
32532,481307,1,2,6,1,65,2,1,1,48,0,low,0.5,
32533,481308,1,5,6,5,55,1,1,1,48,0,low,0.2,
32534,481309,1,5,6,0,60,3,2,2,48,0,low,0.2,
32535,481310,1,3,6,1,60,2,1,1,48,1,low,0.3333333333333333,
32536,481312,2,5,6,0,45,2,1,2,48,1,low,0.4,
32537,481313,3,6,6,1,65,3,1,1,48,0,low,0.5,
32538,481314,1,1,6,0,45,3,1,1,48,0,high,1.0,
32539,481315,1,2,6,2,50,1,1,1,48,1,low,0.5,
32540,481316,1,2,7,0,20,2,1,1,48,0,low,0.5,
32541,481317,1,2,7,0,70,1,1,1,48,0,low,0.5,
32542,481318,1,2,7,0,40,2,1,1,48,0,low,0.5,
32543,481319,2,4,7,5,60,1,1,2,48,0,low,0.5,
32544,481320,2,3,7,0,70,1,1,1,48,0,high,0.6666666666666666,
32545,481321,1,2,7,0,99,1,1,1,48,0,low,0.5,
32546,481322,1,3,7,0,65,2,1,1,48,0,low,0.3333333333333333,
32547,481323,1,2,7,2,60,1,1,1,48,1,low,0.5,
32548,481324,1,3,6,5,45,1,1,1,48,0,low,0.3333333333333333,
32549,481325,1,2,4,1,60,1,1,1,48,1,low,0.5,
32550,481326,1,2,4,3,55,1,1,1,48,0,low,0.5,
32551,481327,1,2,5,0,30,2,1,1,48,1,low,0.5,
32552,481329,1,1,6,0,65,1,1,1,48,0,high,1.0,
32553,481330,1,3,6,5,55,3,1,1,48,0,low,0.3333333333333333,
32554,481331,1,3,6,4,55,1,1,1,48,1,low,0.3333333333333333,
32555,481332,1,2,6,5,70,1,1,1,48,0,low,0.5,
32556,481333,1,2,6,1,35,1,1,1,48,0,low,0.5,
32557,481334,1,1,6,0,55,2,2,2,48,0,high,1.0,
32558,481335,1,2,6,5,35,1,1,1,48,0,low,0.5,
32559,481336,1,6,6,0,60,2,1,1,48,1,low,0.16666666666666666,
32560,481337,1,7,6,5,65,1,1,1,48,0,low,0.14285714285714285,
32561,481338,1,1,6,0,55,2,1,1,48,0,high,1.0,
32562,481339,1,6,6,1,65,2,1,1,48,1,low,0.16666666666666666,
32563,481340,2,3,6,5,65,1,1,1,48,0,high,0.6666666666666666,
32564,481341,3,8,6,2,65,2,1,1,48,0,low,0.375,
32565,481342,1,5,6,0,65,2,1,1,48,0,low,0.2,
32566,481343,1,1,6,0,60,2,1,1,48,1,high,1.0,
32567,481344,1,3,6,5,55,5,2,2,48,0,low,0.3333333333333333,
32568,481345,2,3,2,1,60,1,1,1,48,0,high,0.6666666666666666,
32569,481346,1,3,3,0,35,3,1,1,48,1,low,0.3333333333333333,
32570,481347,1,6,4,0,65,2,1,1,48,0,low,0.16666666666666666,
32571,481348,1,3,5,4,65,1,1,1,48,0,low,0.3333333333333333,
32572,481349,1,2,5,4,45,3,1,1,48,0,low,0.5,
32573,481350,1,1,5,0,45,3,1,1,48,0,high,1.0,
32574,481351,2,4,6,0,30,2,1,1,48,0,low,0.5,
32575,481352,1,1,6,0,35,2,1,1,48,1,high,1.0,
32576,481353,1,2,6,0,30,2,1,1,48,1,low,0.5,
32577,481354,1,1,6,0,60,2,1,1,48,1,high,1.0,
32578,481355,1,4,6,99,70,1,2,2,48,0,low,0.25,
32579,481356,1,1,6,0,40,2,1,2,48,0,high,1.0,
32580,481357,1,2,6,0,45,2,1,1,48,1,low,0.5,
32581,481358,1,2,6,1,70,1,1,1,48,1,low,0.5,
32582,481359,1,7,6,0,60,3,1,1,48,0,low,0.14285714285714285,
32583,481360,1,9,6,0,60,1,2,6,48,0,low,0.1111111111111111,
32584,481361,1,1,6,0,40,2,2,2,48,0,high,1.0,
32585,481362,1,3,6,0,60,3,2,2,48,1,low,0.3333333333333333,
32586,481363,1,5,6,0,65,2,1,1,48,0,low,0.2,
32587,481364,1,1,6,0,55,1,1,1,48,0,high,1.0,
32588,481365,1,2,6,0,99,1,1,1,48,0,low,0.5,
32589,481366,2,3,6,5,70,1,1,1,48,0,high,0.6666666666666666,
32590,481367,2,3,6,5,70,1,1,1,48,0,high,0.6666666666666666,
32591,481368,1,2,6,0,65,2,1,1,48,0,low,0.5,
32592,481369,1,3,6,5,65,3,1,1,48,0,low,0.3333333333333333,
32593,481370,1,3,6,5,35,3,1,1,48,1,low,0.3333333333333333,
32594,481371,1,5,6,0,55,2,1,1,48,1,low,0.2,
32595,481372,1,4,6,5,40,1,1,1,48,0,low,0.25,
32596,481373,1,2,6,0,30,3,1,1,48,1,low,0.5,
32597,481374,1,7,6,0,65,2,1,1,48,0,low,0.14285714285714285,
32598,481375,1,2,6,0,60,1,6,1,48,0,low,0.5,
32599,481376,1,2,6,2,55,1,1,1,48,0,low,0.5,
32600,481377,1,3,5,1,40,1,1,1,48,0,low,0.3333333333333333,
32601,481378,2,5,6,1,70,1,1,1,48,0,low,0.4,
32602,481379,3,4,6,9,65,1,2,2,48,0,high,0.75,
32603,481380,1,3,6,1,55,1,1,1,48,0,low,0.3333333333333333,
32604,481381,1,8,6,0,60,2,1,1,48,1,low,0.125,
32605,481382,1,2,6,8,60,1,1,1,48,0,low,0.5,
32606,481383,1,1,6,0,70,1,1,1,48,0,high,1.0,
32607,481384,1,1,6,0,55,2,1,1,48,1,high,1.0,
32608,481385,1,2,6,0,60,2,1,1,48,0,low,0.5,
32609,481386,1,4,6,0,60,3,2,2,48,0,low,0.25,
32610,481387,1,2,6,1,65,4,1,1,48,0,low,0.5,
32611,481388,1,2,6,0,65,2,1,1,48,1,low,0.5,
32612,481389,1,2,6,1,60,3,1,1,48,1,low,0.5,
32613,481390,1,4,6,5,65,3,1,1,48,0,low,0.25,
32614,481391,1,4,4,0,30,3,1,1,48,1,low,0.25,
32615,481392,1,1,4,0,55,1,1,2,48,1,high,1.0,
32616,481393,2,3,4,5,55,1,1,1,48,0,high,0.6666666666666666,
32617,481394,2,6,5,2,55,1,1,1,48,0,low,0.3333333333333333,
32618,481395,1,5,5,0,40,2,1,1,48,1,low,0.2,
32619,481396,1,1,5,0,70,1,1,1,48,0,high,1.0,
32620,481397,1,5,5,0,65,1,2,2,48,0,low,0.2,
32621,481398,1,1,5,0,70,1,1,1,48,1,high,1.0,
32622,481399,7,8,6,8,65,2,1,1,48,2,high,0.875,
32623,481400,1,2,6,0,70,1,1,1,48,0,low,0.5,
32624,481401,1,2,6,1,45,3,1,1,48,0,low,0.5,
32625,481402,1,3,6,5,70,1,1,1,48,1,low,0.3333333333333333,
32626,481403,1,1,6,1,70,1,1,1,48,0,high,1.0,
32627,481404,1,6,6,2,30,1,1,1,48,0,low,0.16666666666666666,
32628,481405,1,4,6,5,55,1,2,2,48,0,low,0.25,
32629,481406,1,1,6,0,35,1,1,1,48,0,high,1.0,
32630,481407,1,2,6,5,45,1,1,1,48,0,low,0.5,
32631,481408,1,1,6,0,65,2,1,2,48,0,high,1.0,
32632,481409,1,7,6,7,45,2,1,1,48,0,low,0.14285714285714285,
32633,481410,1,3,6,2,55,1,1,1,48,0,low,0.3333333333333333,
32634,481411,1,2,6,0,70,1,1,1,48,0,low,0.5,
32635,481412,2,2,6,0,65,2,1,2,48,0,high,1.0,
32636,481413,2,4,6,4,70,1,1,1,48,0,low,0.5,
32637,481414,1,2,6,0,35,3,1,1,48,0,low,0.5,
32638,481415,1,3,6,2,70,4,1,1,48,0,low,0.3333333333333333,
32639,481416,1,3,6,0,60,1,1,1,48,0,low,0.3333333333333333,
32640,481417,1,1,6,0,45,2,1,1,48,1,high,1.0,
32641,481418,1,2,6,0,70,1,1,1,48,0,low,0.5,
32642,481419,1,6,6,7,65,1,1,1,48,0,low,0.16666666666666666,
32643,481420,1,2,6,0,40,1,1,2,48,1,low,0.5,
32644,481421,1,2,6,2,60,1,1,1,48,0,low,0.5,
32645,481422,1,5,6,0,60,3,1,2,48,0,low,0.2,
32646,481423,1,3,6,4,40,3,1,1,48,0,low,0.3333333333333333,
32647,481424,1,1,6,0,45,1,1,1,48,0,high,1.0,
32648,481425,1,3,7,3,55,1,2,2,48,0,low,0.3333333333333333,
32649,481426,1,4,7,5,40,3,1,2,48,1,low,0.25,
32650,481427,1,1,7,0,65,2,1,1,48,1,high,1.0,
32651,481428,1,4,7,0,40,2,1,2,48,1,low,0.25,
32652,481429,1,1,7,0,65,2,1,1,48,1,high,1.0,
32653,481430,1,2,7,0,65,2,1,1,48,1,low,0.5,
32654,481431,1,2,7,0,30,3,1,1,48,0,low,0.5,
32655,481432,2,5,7,0,60,2,1,1,48,0,low,0.4,
32656,481433,1,5,7,2,50,2,2,2,48,0,low,0.2,
32657,481434,1,2,7,2,45,2,1,1,48,1,low,0.5,
32658,481435,1,2,7,0,30,3,1,1,48,1,low,0.5,
32659,481436,1,3,7,11,60,1,1,2,48,0,low,0.3333333333333333,
32660,481437,1,1,7,0,45,3,1,1,48,0,high,1.0,
32661,481438,1,1,7,0,55,2,1,1,48,0,high,1.0,
32662,481439,1,2,7,0,40,3,1,1,48,1,low,0.5,
32663,481440,1,1,7,0,65,2,1,1,48,1,high,1.0,
32664,481441,1,2,7,5,40,1,1,1,48,0,low,0.5,
32665,481442,1,3,7,1,40,3,1,1,48,1,low,0.3333333333333333,
32666,481443,1,2,7,0,60,2,1,1,48,0,low,0.5,
32667,481444,1,2,7,0,35,1,1,1,48,0,low,0.5,
32668,481445,1,1,7,0,50,2,1,2,48,0,high,1.0,
32669,481446,1,1,7,0,60,3,1,1,48,1,high,1.0,
32670,481447,1,1,7,0,70,1,1,1,48,0,high,1.0,
32671,481448,1,2,7,0,55,9,9,9,48,0,low,0.5,
32672,481449,1,3,7,1,65,3,1,1,48,0,low,0.3333333333333333,
32673,481450,1,4,7,3,60,1,1,1,48,0,low,0.25,
32674,481451,1,3,7,0,45,1,1,1,48,0,low,0.3333333333333333,
32675,481452,1,3,7,5,35,1,1,2,48,0,low,0.3333333333333333,
32676,481453,1,1,7,0,30,5,1,1,48,0,high,1.0,
32677,481454,1,2,7,0,55,2,1,1,48,0,low,0.5,
32678,481455,2,3,7,4,60,2,1,1,48,1,high,0.6666666666666666,
32679,481456,1,3,7,11,60,2,1,1,48,0,low,0.3333333333333333,
32680,481457,1,4,7,1,40,2,1,1,48,1,low,0.25,
32681,481458,1,2,6,0,55,2,1,1,48,1,low,0.5,
32682,481459,1,3,6,5,75,1,1,1,48,0,low,0.3333333333333333,
32683,481460,1,2,6,2,60,1,1,1,48,1,low,0.5,
32684,481461,1,2,6,0,50,2,1,1,48,1,low,0.5,
32685,481462,2,4,6,0,45,2,2,2,48,1,low,0.5,
32686,481463,1,2,6,0,35,2,1,1,48,0,low,0.5,
32687,481464,2,4,6,0,65,2,1,1,48,0,low,0.5,
32688,481465,1,3,6,2,60,3,2,2,48,1,low,0.3333333333333333,
32689,481466,1,2,7,4,65,1,2,2,48,0,low,0.5,
32690,481467,1,3,7,4,70,1,2,2,48,0,low,0.3333333333333333,
32691,481468,1,1,7,0,35,2,1,1,48,1,high,1.0,
32692,481469,1,1,7,0,60,2,2,2,48,0,high,1.0,
32693,481470,1,2,7,0,65,2,2,2,48,0,low,0.5,
32694,481471,1,1,7,0,35,1,1,2,48,0,high,1.0,
32695,481472,1,2,7,0,70,1,2,2,48,0,low,0.5,
32696,481473,2,5,7,4,70,1,2,2,48,0,low,0.4,
32697,481474,3,6,7,0,70,1,1,1,48,0,low,0.5,
32698,481475,1,3,7,2,65,2,1,1,48,0,low,0.3333333333333333,
32699,481476,1,1,7,0,60,1,1,1,48,0,high,1.0,
32700,481477,1,4,7,0,70,1,1,1,48,0,low,0.25,
32701,481478,1,4,7,5,60,1,1,1,48,0,low,0.25,
32702,481479,1,1,7,0,35,1,1,1,48,0,high,1.0,
32703,481480,1,1,7,0,60,2,1,1,48,1,high,1.0,
32704,481481,1,7,7,0,99,2,1,1,48,0,low,0.14285714285714285,
32705,481482,1,2,7,5,40,1,1,1,48,0,low,0.5,
32706,481483,1,3,7,5,65,1,1,1,48,0,low,0.3333333333333333,
32707,481484,1,2,7,0,99,1,1,1,48,0,low,0.5,
32708,481485,1,2,7,0,55,2,1,1,48,0,low,0.5,
32709,481486,1,3,7,0,40,3,1,1,48,0,low,0.3333333333333333,
32710,481487,1,3,7,0,60,1,1,1,48,2,low,0.3333333333333333,
32711,481488,1,1,7,0,30,1,1,1,48,0,high,1.0,
32712,481489,1,1,7,0,60,1,1,1,48,0,high,1.0,
32713,481490,1,1,7,0,70,9,9,1,48,1,high,1.0,
32714,481491,1,2,4,0,35,3,1,1,48,0,low,0.5,
32715,481492,1,1,6,0,65,2,1,1,48,1,high,1.0,
32716,481493,1,1,6,0,30,2,1,1,48,0,high,1.0,
32717,481494,1,1,6,0,45,1,2,6,48,0,high,1.0,
32718,481495,1,1,6,0,40,2,1,1,48,1,high,1.0,
32719,481496,2,3,7,0,60,2,1,1,48,0,high,0.6666666666666666,
32720,481497,1,1,7,0,30,1,1,1,48,0,high,1.0,
32721,481498,1,2,7,0,50,2,1,1,48,2,low,0.5,
32722,481499,1,1,7,0,60,2,1,1,48,1,high,1.0,
32723,481500,1,4,7,5,60,3,1,1,48,1,low,0.25,
32724,481501,1,3,7,4,70,1,2,2,48,2,low,0.3333333333333333,
32725,481502,1,3,7,1,65,2,1,1,48,0,low,0.3333333333333333,
32726,481503,1,1,7,0,45,3,1,1,48,1,high,1.0,
32727,481504,1,2,7,0,60,2,1,1,48,0,low,0.5,
32728,481505,1,2,7,5,50,2,2,2,48,0,low,0.5,
32729,481506,1,1,7,0,65,2,1,1,48,0,high,1.0,
32730,481507,1,2,7,0,30,1,1,1,48,0,low,0.5,
32731,481508,1,2,7,0,60,1,1,1,48,0,low,0.5,
32732,481509,1,2,7,0,60,2,1,1,48,1,low,0.5,
32733,481510,1,3,7,5,45,3,1,1,48,1,low,0.3333333333333333,
32734,481511,1,4,7,0,70,1,2,8,48,0,low,0.25,
32735,481512,1,2,7,0,55,1,1,1,48,0,low,0.5,
32736,481513,1,1,7,0,30,1,1,1,48,0,high,1.0,
32737,481514,1,1,7,0,99,2,1,1,48,0,high,1.0,
32738,481515,1,3,7,3,60,1,1,1,48,0,low,0.3333333333333333,
32739,481516,1,1,7,0,65,1,2,2,48,0,high,1.0,
32740,481517,1,1,7,0,65,1,1,1,48,0,high,1.0,
32741,481518,1,4,7,0,35,3,1,1,48,0,low,0.25,
32742,481519,1,1,7,0,65,3,1,1,48,1,high,1.0,
32743,481520,1,3,6,5,70,1,1,1,48,0,low,0.3333333333333333,
32744,481521,1,1,8,0,70,1,1,1,48,0,high,1.0,
32745,481522,1,5,7,5,60,1,1,1,48,0,low,0.2,
32746,481523,1,4,7,2,70,1,1,1,48,0,low,0.25,
32747,481524,1,1,7,0,30,2,1,2,48,1,high,1.0,
32748,481525,1,1,7,0,65,2,1,1,48,1,high,1.0,
32749,481527,1,1,7,0,35,3,1,1,48,0,high,1.0,
32750,481528,1,1,7,0,40,2,1,1,48,1,high,1.0,
32751,481529,1,9,7,1,65,2,1,1,48,0,low,0.1111111111111111,
32752,481530,1,4,7,1,35,3,1,1,48,0,low,0.25,
32753,481531,2,4,5,5,35,3,1,1,48,2,low,0.5,
32754,481532,2,4,5,5,65,1,1,1,48,0,low,0.5,
32755,481533,1,3,6,0,45,2,1,1,48,1,low,0.3333333333333333,
32756,481534,1,3,6,1,60,3,1,1,48,0,low,0.3333333333333333,
32757,481535,1,1,6,0,65,1,1,2,48,0,high,1.0,
32758,481536,1,3,7,1,70,1,1,1,48,0,low,0.3333333333333333,
32759,481537,1,2,7,9,65,1,2,2,48,0,low,0.5,
32760,481538,1,1,7,0,65,2,1,1,48,1,high,1.0,
32761,481539,1,2,7,1,65,4,1,1,48,1,low,0.5,
32762,481540,1,1,7,0,60,2,1,1,48,1,high,1.0,
32763,481541,1,3,7,0,40,1,1,1,48,0,low,0.3333333333333333,
32764,481542,1,1,7,0,30,1,1,1,48,1,high,1.0,
32765,481543,1,2,7,0,65,2,1,1,48,0,low,0.5,
32766,481544,1,2,7,0,45,1,1,1,48,0,low,0.5,
32767,481545,1,2,7,0,60,1,1,1,48,0,low,0.5,
32768,481546,1,3,7,5,55,1,1,1,48,0,low,0.3333333333333333,
32769,481547,1,6,7,2,65,2,1,1,48,1,low,0.16666666666666666,
32770,481548,1,1,7,0,35,2,2,2,48,1,high,1.0,
32771,481549,1,4,7,0,55,2,1,1,48,1,low,0.25,
32772,481550,1,1,7,0,60,1,1,1,48,0,high,1.0,
32773,481551,1,2,7,0,80,1,1,1,48,0,low,0.5,
32774,481552,1,3,4,5,50,4,1,1,48,1,low,0.3333333333333333,
32775,481553,1,2,6,0,30,2,1,1,48,1,low,0.5,
32776,481554,1,6,6,0,65,3,1,1,48,0,low,0.16666666666666666,
32777,481555,1,2,7,0,50,3,1,1,48,1,low,0.5,
32778,481556,1,1,7,0,30,3,1,1,48,1,high,1.0,
32779,481557,1,2,7,5,65,1,1,1,48,0,low,0.5,
32780,481558,1,1,7,0,30,1,1,1,48,0,high,1.0,
32781,481559,1,2,7,2,70,1,1,1,48,0,low,0.5,
32782,481560,1,3,7,5,50,3,1,1,48,0,low,0.3333333333333333,
32783,481561,2,5,8,4,55,1,1,1,48,1,low,0.4,
32784,481562,1,1,8,0,70,4,1,1,48,0,high,1.0,
32785,481564,1,5,8,5,30,3,1,1,48,1,low,0.2,
32786,481565,1,1,6,0,55,2,1,1,48,0,high,1.0,
32787,481566,1,7,7,5,65,2,1,1,48,2,low,0.14285714285714285,
32788,481567,1,3,7,0,55,1,1,1,48,0,low,0.3333333333333333,
32789,481568,1,1,7,0,65,2,1,1,48,1,high,1.0,
32790,481569,1,2,7,2,60,1,1,1,48,0,low,0.5,
32791,481570,2,3,7,0,70,1,2,2,48,0,high,0.6666666666666666,
32792,481571,1,3,7,4,65,2,1,1,48,0,low,0.3333333333333333,
32793,481572,1,1,7,0,35,1,1,2,48,0,high,1.0,
32794,481573,1,2,7,2,60,2,1,1,48,0,low,0.5,
32795,481574,1,2,7,2,70,2,5,2,48,0,low,0.5,
32796,481575,1,4,7,0,70,1,1,1,48,0,low,0.25,
32797,481576,1,2,7,5,65,2,1,1,48,0,low,0.5,
32798,481577,1,2,7,5,35,2,1,1,48,0,low,0.5,
32799,481578,1,3,7,5,70,1,1,1,48,0,low,0.3333333333333333,
32800,481579,1,1,7,0,55,2,1,1,48,1,high,1.0,
32801,481580,1,2,7,0,55,2,1,1,48,1,low,0.5,
32802,481581,2,6,7,1,70,1,2,2,48,0,low,0.3333333333333333,
32803,481582,1,3,8,5,65,1,1,1,48,0,low,0.3333333333333333,
32804,481583,1,2,8,0,70,1,1,1,48,0,low,0.5,
32805,481584,1,4,8,0,55,1,1,1,48,0,low,0.25,
32806,481585,1,4,8,5,70,1,1,1,48,0,low,0.25,
32807,481586,1,1,8,0,70,1,1,1,48,0,high,1.0,
32808,481587,1,3,8,3,65,2,1,1,48,0,low,0.3333333333333333,
32809,481588,1,2,8,1,70,1,1,1,48,0,low,0.5,
32810,481589,3,10,8,0,55,1,1,1,48,0,low,0.3,
32811,481590,1,6,6,2,55,1,2,2,48,0,low,0.16666666666666666,
32812,481591,1,2,7,2,65,2,1,1,48,1,low,0.5,
32813,481592,1,2,7,2,65,2,1,1,48,0,low,0.5,
32814,481593,1,1,7,0,55,1,1,1,48,0,high,1.0,
32815,481594,1,1,7,0,65,2,1,1,48,0,high,1.0,
32816,481595,1,3,7,1,65,1,2,2,48,0,low,0.3333333333333333,
32817,481596,1,1,8,0,50,2,1,1,48,0,high,1.0,
32818,481597,1,1,8,0,65,2,1,1,48,0,high,1.0,
32819,481598,1,2,8,0,60,2,5,1,48,1,low,0.5,
32820,481599,1,3,8,0,55,2,1,1,48,1,low,0.3333333333333333,
32821,481600,1,3,8,5,60,1,1,1,48,0,low,0.3333333333333333,
32822,481601,1,1,8,0,35,1,1,1,48,1,high,1.0,
32823,481602,1,2,8,1,60,1,1,1,48,1,low,0.5,
32824,481603,1,2,8,5,55,1,1,1,48,0,low,0.5,
32825,481604,1,6,7,1,65,1,1,1,48,0,low,0.16666666666666666,
32826,481605,1,1,7,0,60,3,1,1,48,0,high,1.0,
32827,481606,1,7,7,2,65,1,1,1,48,0,low,0.14285714285714285,
32828,481607,1,2,7,0,55,1,1,1,48,0,low,0.5,
32829,481608,1,2,7,0,50,3,1,1,48,1,low,0.5,
32830,481609,1,2,7,0,45,1,1,1,48,0,low,0.5,
32831,481610,1,1,7,0,65,2,1,1,48,0,high,1.0,
32832,481611,1,2,7,0,55,1,1,1,48,0,low,0.5,
32833,481612,1,3,7,0,80,1,1,1,48,0,low,0.3333333333333333,
32834,481613,1,1,7,0,50,1,1,1,48,1,high,1.0,
32835,481614,1,3,6,0,55,1,1,1,48,1,low,0.3333333333333333,
32836,481615,1,3,8,0,50,2,1,1,48,0,low,0.3333333333333333,
32837,481616,1,2,7,2,50,3,1,1,48,1,low,0.5,
32838,481617,1,1,7,0,70,1,1,1,48,0,high,1.0,
32839,481618,1,2,7,0,65,1,1,1,48,0,low,0.5,
32840,481619,1,1,7,0,60,1,1,1,48,0,high,1.0,
32841,481620,1,4,7,2,45,2,1,1,48,0,low,0.25,
32842,481621,1,1,7,0,35,1,1,1,48,0,high,1.0,
32843,481622,1,3,7,5,70,1,2,2,48,0,low,0.3333333333333333,
32844,481623,1,5,7,5,35,1,1,1,48,0,low,0.2,
32845,481624,2,2,7,0,30,1,1,1,48,2,high,1.0,
32846,481625,1,2,7,0,35,3,1,1,48,1,low,0.5,
32847,481626,1,2,7,0,30,3,1,1,48,1,low,0.5,
32848,481627,1,2,8,1,40,3,1,1,48,0,low,0.5,
32849,481628,1,5,8,0,65,2,1,5,48,0,low,0.2,
32850,481629,1,2,8,0,30,2,1,1,48,1,low,0.5,
32851,481630,1,3,4,0,60,3,1,1,48,1,low,0.3333333333333333,
32852,481631,1,2,5,0,65,3,1,1,48,1,low,0.5,
32853,481632,1,1,5,0,65,2,2,2,48,0,high,1.0,
32854,481633,1,1,6,0,65,2,5,1,48,0,high,1.0,
32855,481634,1,2,7,4,35,5,1,1,48,0,low,0.5,
32856,481635,1,3,7,0,30,1,1,1,48,0,low,0.3333333333333333,
32857,481636,1,1,7,0,50,2,1,1,48,1,high,1.0,
32858,481637,1,2,7,0,35,3,2,2,48,1,low,0.5,
32859,481638,1,4,7,5,45,4,1,1,48,0,low,0.25,
32860,481639,1,2,7,0,40,3,2,2,48,1,low,0.5,
32861,481640,1,1,7,0,60,1,1,1,48,0,high,1.0,