,ST_CASE,FATALS,PERSONS,MONTH,MAN_COLL,SP_LIMIT,LGT_COND,WEATHER,SUR_COND,STATE,DRUNK_DR,rate,rate_numerical,arrival_time
33254,482041,1,2,9,0,40,2,1,1,48,1,low,0.5,
33255,482042,1,3,9,0,40,3,1,1,48,0,low,0.3333333333333333,
33256,482043,1,6,9,1,55,3,1,1,48,0,low,0.16666666666666666,
33257,482044,1,1,9,0,65,2,1,1,48,1,high,1.0,
33258,482045,2,4,9,4,65,2,1,1,48,0,low,0.5,
33259,482046,1,2,9,0,60,2,1,1,48,0,low,0.5,
33260,482047,1,3,9,1,65,4,1,1,48,0,low,0.3333333333333333,
33261,482048,1,4,9,0,65,2,1,1,48,0,low,0.25,
33262,482049,2,5,9,1,60,1,1,1,48,0,low,0.4,
33263,482050,1,3,9,11,70,1,1,1,48,1,low,0.3333333333333333,
33264,482051,1,2,9,0,35,1,1,1,48,0,low,0.5,
33265,482052,1,2,9,2,55,1,1,1,48,0,low,0.5,
33266,482053,1,1,9,0,55,1,1,1,48,0,high,1.0,
33267,482054,1,1,9,0,35,2,1,1,48,0,high,1.0,
33268,482055,1,1,9,0,40,2,1,1,48,0,high,1.0,
33269,482056,2,3,9,2,70,1,1,1,48,0,high,0.6666666666666666,
33270,482057,2,4,9,4,70,1,1,1,48,0,low,0.5,
33271,482058,2,3,9,0,60,1,1,1,48,0,high,0.6666666666666666,
33272,482059,1,1,9,0,70,1,1,1,48,0,high,1.0,
33273,482060,1,4,9,8,65,1,1,1,48,0,low,0.25,
33274,482061,1,1,9,0,60,3,1,1,48,0,high,1.0,
33275,482062,1,1,9,0,60,3,1,1,48,0,high,1.0,
33276,482063,1,3,9,0,60,1,1,1,48,0,low,0.3333333333333333,
33277,482064,1,3,9,0,60,1,1,1,48,0,low,0.3333333333333333,
33278,482065,1,2,9,1,65,2,1,1,48,0,low,0.5,
33279,482066,1,4,9,5,35,1,1,1,48,0,low,0.25,
33280,482067,1,3,9,0,45,2,1,1,48,0,low,0.3333333333333333,
33281,482068,1,3,9,5,60,3,1,1,48,0,low,0.3333333333333333,
33282,482069,1,1,9,0,70,1,1,1,48,0,high,1.0,
33283,482070,1,2,9,0,70,2,1,1,48,1,low,0.5,
33284,482071,1,3,9,0,65,2,1,2,48,0,low,0.3333333333333333,
33285,482072,1,1,9,0,65,3,1,1,48,1,high,1.0,
33286,482073,1,2,9,0,55,2,1,1,48,1,low,0.5,
33287,482074,1,2,9,4,55,2,1,1,48,1,low,0.5,
33288,482075,1,4,9,5,35,3,1,1,48,1,low,0.25,
33289,482076,1,2,9,0,50,3,1,1,48,1,low,0.5,
33290,482077,1,4,9,5,60,1,1,1,48,0,low,0.25,
33291,482078,1,1,9,0,70,1,1,1,48,0,high,1.0,
33292,482079,1,4,9,0,55,2,1,1,48,0,low,0.25,
33293,482080,2,3,9,2,65,2,1,1,48,0,high,0.6666666666666666,
33294,482081,1,1,9,0,60,1,1,1,48,0,high,1.0,
33295,482082,1,1,9,0,60,1,1,1,48,0,high,1.0,
33296,482083,1,2,9,5,45,1,1,1,48,0,low,0.5,
33297,482084,1,1,9,0,35,1,1,1,48,1,high,1.0,
33298,482085,1,2,9,0,65,2,1,1,48,1,low,0.5,
33299,482086,1,4,9,0,40,3,1,1,48,1,low,0.25,
33300,482087,1,3,9,1,65,1,1,1,48,0,low,0.3333333333333333,
33301,482088,2,2,9,2,65,4,1,1,48,0,high,1.0,
33302,482089,1,1,9,0,65,1,1,1,48,0,high,1.0,
33303,482090,1,1,9,0,45,2,1,1,48,0,high,1.0,
33304,482091,1,1,9,0,60,1,1,1,48,0,high,1.0,
33305,482092,1,3,9,1,65,2,1,1,48,0,low,0.3333333333333333,
33306,482093,1,3,9,1,65,2,1,1,48,0,low,0.3333333333333333,
33307,482094,1,2,9,5,99,1,1,1,48,0,low,0.5,
33308,482095,1,2,9,5,65,4,5,1,48,0,low,0.5,
33309,482096,1,2,9,0,45,2,1,1,48,0,low,0.5,
33310,482097,1,7,9,1,60,5,1,1,48,1,low,0.14285714285714285,
33311,482098,2,3,9,5,65,2,1,1,48,0,high,0.6666666666666666,
33312,482099,1,2,9,0,65,2,5,2,48,0,low,0.5,
33313,482100,1,1,9,0,65,2,5,1,48,0,high,1.0,
33314,482101,1,2,9,4,65,1,1,1,48,0,low,0.5,
33315,482102,1,2,9,4,60,1,1,1,48,0,low,0.5,
33316,482103,1,3,9,1,75,1,1,1,48,0,low,0.3333333333333333,
33317,482104,1,2,9,0,65,2,1,1,48,0,low,0.5,
33318,482105,1,1,9,0,55,3,1,1,48,1,high,1.0,
33319,482106,1,2,9,0,30,1,1,1,48,0,low,0.5,
33320,482107,1,2,9,0,40,3,1,1,48,1,low,0.5,
33321,482108,1,3,9,0,70,1,1,1,48,0,low,0.3333333333333333,
33322,482109,1,2,9,0,55,2,1,1,48,2,low,0.5,
33323,482110,1,1,9,0,35,3,1,1,48,0,high,1.0,
33324,482111,1,2,9,0,50,1,1,1,48,0,low,0.5,
33325,482112,1,2,9,2,65,2,1,1,48,0,low,0.5,
33326,482113,1,2,9,0,65,2,1,1,48,0,low,0.5,
33327,482114,2,2,9,0,70,1,1,1,48,0,high,1.0,
33328,482115,1,1,9,0,70,2,1,1,48,0,high,1.0,
33329,482116,1,2,9,0,50,1,1,1,48,1,low,0.5,
33330,482117,1,4,9,1,60,4,1,1,48,1,low,0.25,
33331,482118,1,2,10,0,35,3,1,1,48,0,low,0.5,
33332,482119,1,1,10,0,45,3,1,1,48,1,high,1.0,
33333,482120,1,2,10,3,55,2,1,1,48,1,low,0.5,
33334,482121,1,1,10,0,99,1,1,1,48,0,high,1.0,
33335,482122,1,4,10,1,70,1,1,1,48,0,low,0.25,
33336,482123,1,2,10,1,65,3,1,1,48,1,low,0.5,
33337,482124,1,3,10,5,40,3,1,1,48,0,low,0.3333333333333333,
33338,482125,1,2,10,0,60,2,1,1,48,0,low,0.5,
33339,482127,1,3,8,5,40,1,1,1,48,0,low,0.3333333333333333,
33340,482128,2,3,8,2,65,1,1,1,48,0,high,0.6666666666666666,
33341,482129,1,1,8,0,65,1,1,1,48,0,high,1.0,
33342,482130,1,2,8,5,60,1,1,1,48,0,low,0.5,
33343,482131,1,2,9,2,60,2,1,1,48,0,low,0.5,
33344,482133,1,1,9,0,35,3,1,1,48,0,high,1.0,
33345,482134,1,2,9,0,55,2,1,1,48,1,low,0.5,
33346,482135,1,1,9,0,65,2,1,1,48,1,high,1.0,
33347,482136,1,1,9,0,60,2,1,1,48,1,high,1.0,
33348,482137,1,2,9,0,99,2,1,5,48,1,low,0.5,
33349,482138,1,3,9,5,70,1,1,1,48,0,low,0.3333333333333333,
33350,482139,1,2,9,4,50,1,1,1,48,0,low,0.5,
33351,482140,1,2,9,4,50,1,1,1,48,0,low,0.5,
33352,482141,2,3,9,2,70,1,1,1,48,0,high,0.6666666666666666,
33353,482142,1,2,9,0,45,1,1,1,48,1,low,0.5,
33354,482143,1,1,9,0,30,3,1,1,48,1,high,1.0,
33355,482144,1,4,9,0,55,1,1,1,48,0,low,0.25,
33356,482145,1,3,9,5,70,1,1,1,48,0,low,0.3333333333333333,
33357,482146,1,3,9,0,65,1,1,1,48,0,low,0.3333333333333333,
33358,482147,1,2,9,0,99,2,1,1,48,0,low,0.5,
33359,482148,2,2,9,1,45,1,1,1,48,0,high,1.0,
33360,482149,1,1,9,0,55,1,1,1,48,0,high,1.0,
33361,482150,1,2,9,5,30,3,1,1,48,0,low,0.5,
33362,482151,1,2,9,4,55,1,1,1,48,0,low,0.5,
33363,482152,1,1,9,0,30,1,1,1,48,0,high,1.0,
33364,482153,1,1,9,0,65,2,1,1,48,1,high,1.0,
33365,482154,1,9,9,5,60,1,1,1,48,0,low,0.1111111111111111,
33366,482155,1,2,10,0,55,1,1,1,48,0,low,0.5,
33367,482156,1,2,10,0,50,2,1,1,48,0,low,0.5,
33368,482157,2,3,10,2,65,2,1,1,48,0,high,0.6666666666666666,
33369,482158,1,2,10,4,55,1,1,1,48,1,low,0.5,
33370,482160,1,2,10,5,50,1,1,1,48,1,low,0.5,
33371,482161,1,2,10,4,65,1,1,1,48,0,low,0.5,
33372,482162,1,1,10,0,30,1,1,1,48,0,high,1.0,
33373,482163,1,1,10,0,65,2,1,1,48,0,high,1.0,
33374,482164,1,3,10,0,65,2,1,1,48,0,low,0.3333333333333333,
33375,482166,1,2,10,5,30,1,1,1,48,0,low,0.5,
33376,482167,1,1,10,0,40,3,1,1,48,1,high,1.0,
33377,482168,2,2,10,0,30,3,1,1,48,0,high,1.0,
33378,482169,1,1,10,0,99,3,1,1,48,1,high,1.0,
33379,482170,1,1,10,0,50,2,1,1,48,0,high,1.0,
33380,482171,1,4,1,4,35,3,1,1,48,0,low,0.25,
33381,482172,1,2,6,0,45,2,1,1,48,2,low,0.5,
33382,482173,1,3,5,0,50,1,1,1,48,0,low,0.3333333333333333,
33383,482174,1,1,6,0,35,3,1,1,48,0,high,1.0,
33384,482175,1,1,6,0,35,3,1,1,48,0,high,1.0,
33385,482176,1,2,9,0,35,3,1,1,48,1,low,0.5,
33386,482177,1,2,9,5,55,1,1,1,48,0,low,0.5,
33387,482178,2,6,9,0,55,5,1,1,48,1,low,0.3333333333333333,
33388,482179,1,2,9,0,65,2,1,1,48,0,low,0.5,
33389,482180,1,1,9,0,65,2,1,1,48,0,high,1.0,
33390,482181,1,3,9,1,30,1,1,1,48,0,low,0.3333333333333333,
33391,482182,2,3,9,5,20,1,9,9,48,0,high,0.6666666666666666,
33392,482183,1,1,9,0,70,1,1,1,48,0,high,1.0,
33393,482184,1,2,9,0,45,3,1,8,48,1,low,0.5,
33394,482185,1,1,9,0,70,1,1,1,48,0,high,1.0,
33395,482186,1,2,9,0,40,1,1,1,48,0,low,0.5,
33396,482187,1,1,9,0,65,2,1,1,48,1,high,1.0,
33397,482188,1,1,9,0,60,1,1,1,48,0,high,1.0,
33398,482189,1,2,9,0,45,1,1,1,48,0,low,0.5,
33399,482190,1,3,9,0,60,5,1,1,48,1,low,0.3333333333333333,
33400,482191,1,2,9,0,65,2,1,1,48,0,low,0.5,
33401,482192,1,4,9,1,35,3,1,1,48,0,low,0.25,
33402,482193,1,2,9,11,70,4,1,1,48,0,low,0.5,
33403,482194,1,1,9,0,45,1,1,1,48,1,high,1.0,
33404,482195,1,5,9,8,65,1,1,1,48,1,low,0.2,
33405,482196,1,1,9,0,55,2,1,1,48,0,high,1.0,
33406,482197,1,3,9,0,40,2,1,1,48,1,low,0.3333333333333333,
33407,482198,1,1,9,0,60,2,1,1,48,0,high,1.0,
33408,482199,1,2,7,5,45,1,1,1,48,0,low,0.5,
33409,482200,1,1,9,0,55,1,1,1,48,1,high,1.0,
33410,482201,1,3,9,2,65,1,1,1,48,0,low,0.3333333333333333,
33411,482202,1,2,9,0,70,1,1,1,48,0,low,0.5,
33412,482203,1,1,9,0,30,1,1,1,48,0,high,1.0,
33413,482204,1,1,9,0,60,1,1,1,48,0,high,1.0,
33414,482205,1,2,9,0,30,2,1,1,48,0,low,0.5,
33415,482206,1,2,9,5,55,1,1,1,48,0,low,0.5,
33416,482207,1,3,9,3,65,5,1,1,48,1,low,0.3333333333333333,
33417,482208,1,1,9,0,30,2,1,1,48,1,high,1.0,
33418,482209,1,1,9,0,70,1,1,1,48,0,high,1.0,
33419,482210,1,3,9,1,60,1,1,1,48,0,low,0.3333333333333333,
33420,482211,1,2,9,0,60,2,1,1,48,0,low,0.5,
33421,482212,2,2,9,0,60,1,1,1,48,0,high,1.0,
33422,482213,1,1,9,0,40,2,1,1,48,1,high,1.0,
33423,482214,2,4,9,5,70,1,1,1,48,0,low,0.5,
33424,482215,2,5,9,5,45,1,1,1,48,1,low,0.4,
33425,482216,1,2,9,0,70,1,1,1,48,2,low,0.5,
33426,482217,1,6,9,0,70,1,1,1,48,0,low,0.16666666666666666,
33427,482218,1,1,10,0,60,1,1,1,48,0,high,1.0,
33428,482219,1,6,10,4,55,1,1,1,48,0,low,0.16666666666666666,
33429,482220,1,2,10,0,55,1,1,1,48,0,low,0.5,
33430,482221,1,1,10,0,55,2,1,1,48,0,high,1.0,
33431,482222,1,1,10,0,60,3,1,1,48,1,high,1.0,
33432,482223,1,4,10,8,65,2,1,1,48,0,low,0.25,
33433,482224,1,3,10,2,55,1,1,1,48,0,low,0.3333333333333333,
33434,482225,1,2,10,5,60,3,1,1,48,0,low,0.5,
33435,482226,1,3,10,5,40,1,1,1,48,0,low,0.3333333333333333,
33436,482227,1,6,10,5,35,1,1,1,48,0,low,0.16666666666666666,
33437,482228,1,1,10,0,60,1,1,1,48,0,high,1.0,
33438,482229,1,2,10,0,40,1,1,1,48,0,low,0.5,
33439,482230,1,1,10,0,70,1,1,1,48,0,high,1.0,
33440,482231,1,2,10,1,65,3,1,1,48,0,low,0.5,
33441,482232,1,3,10,1,65,1,1,1,48,0,low,0.3333333333333333,
33442,482233,1,2,10,2,45,3,1,1,48,0,low,0.5,
33443,482234,1,2,10,1,60,2,1,1,48,0,low,0.5,
33444,482235,1,3,10,1,60,2,1,1,48,1,low,0.3333333333333333,
33445,482236,1,1,10,0,65,2,1,1,48,1,high,1.0,
33446,482237,1,1,10,0,65,3,1,1,48,1,high,1.0,
33447,482238,1,1,10,0,40,2,1,1,48,1,high,1.0,
33448,482239,1,2,10,4,50,3,1,1,48,0,low,0.5,
33449,482240,1,1,10,0,30,1,1,5,48,1,high,1.0,
33450,482241,1,3,10,5,60,1,1,1,48,0,low,0.3333333333333333,
33451,482242,1,1,10,0,65,2,1,1,48,1,high,1.0,
33452,482243,2,2,10,0,70,1,5,2,48,0,high,1.0,
33453,482244,1,2,10,7,60,1,1,1,48,0,low,0.5,
33454,482245,1,2,10,0,55,3,1,1,48,1,low,0.5,
33455,482246,1,1,10,0,55,1,1,1,48,0,high,1.0,
33456,482247,1,2,10,2,70,1,2,2,48,0,low,0.5,
33457,482248,1,1,10,0,99,1,1,1,48,0,high,1.0,
33458,482249,1,2,10,0,45,1,1,1,48,0,low,0.5,
33459,482250,1,4,10,5,35,3,1,1,48,3,low,0.25,
33460,482251,1,1,10,0,35,2,1,1,48,1,high,1.0,
33461,482252,1,2,10,0,70,1,1,1,48,0,low,0.5,
33462,482253,1,2,10,11,60,1,1,1,48,0,low,0.5,
33463,482254,1,3,10,0,70,1,1,1,48,0,low,0.3333333333333333,
33464,482255,1,2,10,4,50,1,1,1,48,0,low,0.5,
33465,482256,1,2,10,5,60,1,1,1,48,0,low,0.5,
33466,482257,1,1,10,0,65,3,1,1,48,1,high,1.0,
33467,482258,1,1,10,0,55,2,1,1,48,1,high,1.0,
33468,482259,1,2,10,4,65,2,1,1,48,0,low,0.5,
33469,482260,3,5,10,5,55,2,1,1,48,1,high,0.6,
33470,482261,1,1,10,0,65,1,1,1,48,0,high,1.0,
33471,482262,1,2,10,0,55,1,1,1,48,0,low,0.5,
33472,482263,1,3,10,2,65,2,1,1,48,0,low,0.3333333333333333,
33473,482264,2,3,10,5,60,2,1,1,48,1,high,0.6666666666666666,
33474,482265,1,1,10,0,55,2,1,1,48,0,high,1.0,
33475,482266,1,2,10,9,99,2,1,1,48,1,low,0.5,
33476,482267,1,1,10,0,60,1,1,1,48,0,high,1.0,
33477,482268,1,2,10,0,60,2,1,1,48,1,low,0.5,
33478,482269,3,4,10,0,80,1,1,1,48,0,high,0.75,
33479,482270,1,2,10,1,50,3,1,1,48,1,low,0.5,
33480,482271,1,2,10,0,45,3,1,1,48,1,low,0.5,
33481,482272,1,3,10,2,35,3,1,1,48,1,low,0.3333333333333333,
33482,482273,1,2,10,5,55,2,1,1,48,0,low,0.5,
33483,482274,1,1,10,0,60,2,1,1,48,1,high,1.0,
33484,482275,1,2,10,0,65,2,1,1,48,1,low,0.5,
33485,482276,1,4,10,5,45,2,1,1,48,2,low,0.25,
33486,482277,1,2,10,0,35,1,1,1,48,1,low,0.5,
33487,482278,1,1,10,0,65,1,1,1,48,0,high,1.0,
33488,482279,1,2,10,0,60,3,2,2,48,0,low,0.5,
33489,482280,1,1,10,0,45,3,1,1,48,1,high,1.0,
33490,482281,1,2,10,0,45,2,1,1,48,0,low,0.5,
33491,482282,1,1,10,0,60,2,1,1,48,0,high,1.0,
33492,482283,1,1,10,0,65,1,1,1,48,0,high,1.0,
33493,482284,1,4,10,5,35,3,1,1,48,1,low,0.25,
33494,482285,1,2,10,0,60,3,1,1,48,0,low,0.5,
33495,482286,1,6,10,0,60,3,1,1,48,0,low,0.16666666666666666,
33496,482287,1,3,10,5,30,1,1,1,48,0,low,0.3333333333333333,
33497,482288,1,1,10,0,30,2,1,1,48,1,high,1.0,
33498,482289,1,2,10,5,55,5,1,1,48,0,low,0.5,
33499,482290,1,2,10,1,70,1,1,1,48,0,low,0.5,
33500,482291,1,3,10,0,60,1,1,1,48,0,low,0.3333333333333333,
33501,482292,1,32,10,5,70,1,1,1,48,0,low,0.03125,
33502,482293,1,1,10,0,60,3,1,1,48,0,high,1.0,
33503,482294,1,2,10,2,60,1,1,1,48,0,low,0.5,
33504,482295,1,5,10,5,55,1,1,1,48,0,low,0.2,
33505,482296,1,2,10,5,45,1,2,2,48,0,low,0.5,
33506,482297,1,4,10,0,30,1,1,1,48,0,low,0.25,
33507,482298,1,3,10,0,45,2,1,1,48,0,low,0.3333333333333333,
33508,482299,1,3,10,0,60,1,1,1,48,1,low,0.3333333333333333,
33509,482300,1,2,10,0,40,1,1,1,48,0,low,0.5,
33510,482301,1,2,10,5,30,1,1,1,48,0,low,0.5,
33511,482302,1,3,10,0,20,1,1,1,48,0,low,0.3333333333333333,
33512,482303,1,1,10,0,45,3,1,1,48,0,high,1.0,
33513,482304,1,3,10,4,55,1,1,1,48,1,low,0.3333333333333333,
33514,482305,1,1,10,1,65,3,1,1,48,0,high,1.0,
33515,482306,2,3,10,5,60,1,1,1,48,0,high,0.6666666666666666,
33516,482307,1,1,10,0,55,2,1,1,48,0,high,1.0,
33517,482308,2,8,10,4,55,2,1,1,48,1,low,0.25,
33518,482309,1,4,10,5,45,3,1,3,48,0,low,0.25,
33519,482310,1,2,10,0,30,2,1,1,48,1,low,0.5,
33520,482311,1,3,10,2,55,2,1,1,48,1,low,0.3333333333333333,
33521,482312,1,2,10,0,35,2,1,1,48,1,low,0.5,
33522,482313,1,1,10,0,55,2,1,1,48,0,high,1.0,
33523,482314,1,1,10,0,30,9,1,1,48,1,high,1.0,
33524,482315,1,1,10,0,40,3,1,1,48,1,high,1.0,
33525,482316,1,4,10,0,35,3,1,1,48,2,low,0.25,
33526,482317,1,2,10,0,30,2,1,1,48,1,low,0.5,
33527,482318,1,3,10,0,30,2,1,1,48,0,low,0.3333333333333333,
33528,482319,1,3,10,5,50,1,1,1,48,0,low,0.3333333333333333,
33529,482320,1,3,10,2,55,1,1,1,48,0,low,0.3333333333333333,
33530,482321,1,2,10,2,35,3,1,1,48,1,low,0.5,
33531,482322,1,2,10,4,65,2,1,1,48,0,low,0.5,
33532,482323,1,1,10,0,65,1,1,1,48,0,high,1.0,
33533,482324,2,4,10,3,70,1,1,1,48,0,low,0.5,
33534,482325,1,1,10,0,55,1,1,1,48,0,high,1.0,
33535,482327,1,2,10,0,50,2,1,1,48,0,low,0.5,
33536,482329,1,1,10,0,55,2,1,1,48,1,high,1.0,
33537,482330,1,1,10,0,35,2,1,1,48,0,high,1.0,
33538,482331,1,1,10,0,55,2,1,1,48,0,high,1.0,
33539,482332,1,1,10,0,60,2,1,1,48,0,high,1.0,
33540,482333,3,4,10,0,0,2,1,1,48,1,high,0.75,
33541,482334,1,4,10,5,40,1,1,1,48,1,low,0.25,
33542,482335,1,2,10,0,35,2,1,1,48,2,low,0.5,
33543,482336,1,1,10,0,45,3,1,3,48,0,high,1.0,
33544,482337,1,3,10,0,30,1,1,1,48,0,low,0.3333333333333333,
33545,482338,1,1,10,0,65,2,1,1,48,0,high,1.0,
33546,482339,1,2,10,5,55,1,1,1,48,0,low,0.5,
33547,482340,1,3,10,5,60,1,1,1,48,0,low,0.3333333333333333,
33548,482341,1,1,10,0,65,2,1,1,48,0,high,1.0,
33549,482342,1,3,10,2,50,3,1,1,48,0,low,0.3333333333333333,
33550,482343,1,1,10,0,70,1,1,1,48,0,high,1.0,
33551,482344,1,1,10,0,55,1,1,1,48,0,high,1.0,
33552,482345,1,1,10,0,65,2,1,1,48,0,high,1.0,
33553,482346,1,1,10,0,60,1,1,1,48,0,high,1.0,
33554,482347,1,2,10,2,40,3,1,1,48,0,low,0.5,
33555,482348,1,3,4,7,35,1,1,1,48,0,low,0.3333333333333333,
33556,482349,1,1,5,0,70,1,1,1,48,0,high,1.0,
33557,482350,1,5,5,0,50,5,1,1,48,0,low,0.2,
33558,482351,1,6,6,2,35,2,1,1,48,0,low,0.16666666666666666,
33559,482352,1,2,6,0,60,1,1,1,48,1,low,0.5,
33560,482353,1,1,6,0,45,3,1,1,48,0,high,1.0,
33561,482354,1,4,6,0,45,3,1,1,48,0,low,0.25,
33562,482355,1,2,7,0,65,1,1,1,48,0,low,0.5,
33563,482356,1,3,7,0,30,1,1,1,48,0,low,0.3333333333333333,
33564,482357,1,3,8,5,35,3,1,1,48,0,low,0.3333333333333333,
33565,482358,1,3,8,3,45,1,1,1,48,0,low,0.3333333333333333,
33566,482359,1,1,8,0,45,3,1,1,48,1,high,1.0,
33567,482360,1,3,8,5,70,1,1,1,48,0,low,0.3333333333333333,
33568,482361,1,7,8,4,55,1,1,1,48,0,low,0.14285714285714285,
33569,482362,1,2,8,2,55,1,1,1,48,0,low,0.5,
33570,482363,1,2,8,5,40,1,1,1,48,0,low,0.5,
33571,482364,1,2,8,0,60,2,1,1,48,0,low,0.5,
33572,482365,1,1,8,0,35,3,1,1,48,1,high,1.0,
33573,482366,1,2,8,0,65,2,1,1,48,0,low,0.5,
33574,482367,1,2,8,0,60,3,1,1,48,1,low,0.5,
33575,482368,1,4,8,0,50,2,1,1,48,0,low,0.25,
33576,482369,1,2,8,2,55,1,1,2,48,0,low,0.5,
33577,482370,1,4,8,3,35,1,1,2,48,0,low,0.25,
33578,482371,1,2,8,0,55,3,1,1,48,0,low,0.5,
33579,482372,1,1,8,0,65,1,1,1,48,0,high,1.0,
33580,482373,1,2,8,2,65,2,1,1,48,0,low,0.5,
33581,482374,1,2,8,0,45,3,1,1,48,0,low,0.5,
33582,482375,1,2,9,0,45,5,2,1,48,1,low,0.5,
33583,482376,1,3,9,99,65,1,2,2,48,0,low,0.3333333333333333,
33584,482377,1,1,9,0,40,2,1,1,48,0,high,1.0,
33585,482378,1,1,9,0,40,2,1,2,48,1,high,1.0,
33586,482379,1,1,9,0,65,2,1,1,48,0,high,1.0,
33587,482380,1,1,9,0,35,3,1,1,48,1,high,1.0,
33588,482381,2,2,9,0,60,2,1,1,48,2,high,1.0,
33589,482382,1,1,9,0,40,2,1,1,48,0,high,1.0,
33590,482384,1,4,10,2,55,1,1,1,48,0,low,0.25,
33591,482385,1,2,10,4,70,1,2,2,48,0,low,0.5,
33592,482386,1,2,10,0,60,1,2,2,48,1,low,0.5,
33593,482387,1,4,10,0,80,1,1,1,48,0,low,0.25,
33594,482388,1,2,10,5,55,1,1,1,48,0,low,0.5,
33595,482389,1,2,10,0,55,2,1,1,48,1,low,0.5,
33596,482390,2,3,10,2,30,1,1,1,48,0,high,0.6666666666666666,
33597,482391,1,2,10,3,50,1,1,1,48,0,low,0.5,
33598,482392,2,2,10,0,55,2,1,1,48,2,high,1.0,
33599,482393,1,3,10,1,60,3,1,1,48,0,low,0.3333333333333333,
33600,482394,1,1,10,0,55,2,5,2,48,0,high,1.0,
33601,482395,1,1,10,0,65,2,1,1,48,0,high,1.0,
33602,482396,2,2,10,2,70,1,1,1,48,0,high,1.0,
33603,482397,1,2,10,0,70,1,1,1,48,0,low,0.5,
33604,482398,1,1,10,0,60,3,1,1,48,1,high,1.0,
33605,482399,1,2,10,0,65,2,5,1,48,0,low,0.5,
33606,482400,1,4,10,4,35,2,1,1,48,0,low,0.25,
33607,482401,1,1,10,0,65,2,1,1,48,1,high,1.0,
33608,482402,1,1,10,0,40,1,1,1,48,0,high,1.0,
33609,482403,1,2,10,0,60,2,1,1,48,0,low,0.5,
33610,482404,1,2,10,5,60,1,1,1,48,0,low,0.5,
33611,482405,1,2,10,5,70,4,2,2,48,0,low,0.5,
33612,482406,1,8,10,0,65,2,1,1,48,0,low,0.125,
33613,482407,1,2,10,0,65,2,1,1,48,0,low,0.5,
33614,482408,1,8,10,5,45,1,1,1,48,0,low,0.125,
33615,482409,1,1,10,0,65,2,1,1,48,0,high,1.0,
33616,482410,2,20,10,3,55,1,1,1,48,0,low,0.1,
33617,482411,1,2,10,0,65,2,1,1,48,0,low,0.5,
33618,482412,1,2,10,5,30,1,1,1,48,0,low,0.5,
33619,482413,1,1,10,0,65,2,1,1,48,1,high,1.0,
33620,482414,1,1,10,0,99,1,1,1,48,0,high,1.0,
33621,482415,1,1,10,0,60,1,1,1,48,0,high,1.0,
33622,482416,2,3,10,2,65,1,1,1,48,2,high,0.6666666666666666,
33623,482417,1,13,10,0,35,1,1,1,48,0,low,0.07692307692307693,
33624,482418,1,4,10,3,70,1,1,1,48,0,low,0.25,
33625,482419,1,1,10,5,30,1,1,1,48,0,high,1.0,
33626,482420,1,2,10,0,20,2,1,1,48,1,low,0.5,
33627,482421,1,2,10,5,60,3,1,1,48,0,low,0.5,
33628,482422,1,4,10,11,70,1,1,1,48,0,low,0.25,
33629,482423,1,2,10,2,55,1,1,1,48,0,low,0.5,
33630,482424,1,2,10,5,50,1,1,1,48,0,low,0.5,
33631,482425,1,1,11,0,70,1,1,1,48,0,high,1.0,
33632,482426,1,4,11,1,45,2,1,1,48,1,low,0.25,
33633,482427,1,2,11,2,60,1,1,1,48,0,low,0.5,
33634,482428,1,1,11,0,70,1,1,1,48,0,high,1.0,
33635,482429,1,3,11,5,45,1,1,1,48,0,low,0.3333333333333333,
33636,482430,1,2,11,0,65,3,1,1,48,1,low,0.5,
33637,482431,1,3,11,2,65,2,1,1,48,1,low,0.3333333333333333,
33638,482432,1,3,11,0,55,3,1,1,48,1,low,0.3333333333333333,
33639,482433,1,1,11,0,60,5,1,1,48,1,high,1.0,
33640,482434,1,2,11,0,30,3,1,1,48,0,low,0.5,
33641,482435,1,1,11,0,65,1,1,1,48,1,high,1.0,
33642,482436,1,2,11,2,65,2,1,1,48,1,low,0.5,
33643,482437,1,1,11,0,30,3,1,1,48,0,high,1.0,
33644,482438,1,1,11,0,55,2,1,1,48,1,high,1.0,
33645,482439,1,1,11,0,60,1,1,1,48,0,high,1.0,
33646,482440,1,1,11,0,70,1,1,1,48,0,high,1.0,
33647,482441,1,2,11,5,70,1,1,1,48,0,low,0.5,
33648,482442,1,2,11,1,50,1,1,1,48,0,low,0.5,
33649,482443,1,2,11,5,30,3,1,1,48,2,low,0.5,
33650,482444,2,5,11,4,65,3,1,1,48,0,low,0.4,
33651,482445,1,2,11,2,70,1,1,1,48,0,low,0.5,