,ST_CASE,FATALS,PERSONS,MONTH,MAN_COLL,SP_LIMIT,LGT_COND,WEATHER,SUR_COND,STATE,DRUNK_DR,rate,rate_numerical,arrival_time
33652,482446,1,1,11,0,50,1,1,1,48,0,high,1.0,
33653,482447,2,3,11,5,40,1,1,1,48,0,high,0.6666666666666666,
33654,482448,1,1,11,0,45,1,1,1,48,0,high,1.0,
33655,482449,1,2,11,0,65,2,1,1,48,1,low,0.5,
33656,482450,1,2,11,1,70,1,1,1,48,0,low,0.5,
33657,482451,1,2,11,0,35,3,1,1,48,1,low,0.5,
33658,482452,1,2,11,0,40,3,1,1,48,0,low,0.5,
33659,482453,1,2,11,5,55,2,1,1,48,0,low,0.5,
33660,482454,1,2,11,2,55,1,1,1,48,0,low,0.5,
33661,482455,1,1,11,0,45,2,1,1,48,0,high,1.0,
33662,482456,1,1,11,0,60,3,1,1,48,0,high,1.0,
33663,482457,1,2,11,0,55,2,1,1,48,1,low,0.5,
33664,482458,2,4,11,5,99,2,1,1,48,0,low,0.5,
33665,482459,1,1,8,0,65,2,1,1,48,0,high,1.0,
33666,482460,1,2,9,0,45,2,2,2,48,1,low,0.5,
33667,482461,1,1,9,0,65,1,1,1,48,0,high,1.0,
33668,482462,1,1,9,0,40,2,1,1,48,1,high,1.0,
33669,482463,1,2,9,0,40,1,1,1,48,0,low,0.5,
33670,482464,1,1,10,0,60,2,1,1,48,0,high,1.0,
33671,482465,1,1,10,0,35,1,1,1,48,0,high,1.0,
33672,482466,1,2,10,0,35,3,1,1,48,0,low,0.5,
33673,482467,1,5,10,5,40,3,1,1,48,0,low,0.2,
33674,482468,1,3,10,5,70,1,1,1,48,0,low,0.3333333333333333,
33675,482469,1,1,10,0,65,1,1,1,48,1,high,1.0,
33676,482470,1,4,10,4,60,1,2,2,48,0,low,0.25,
33677,482471,1,2,10,0,30,5,1,1,48,0,low,0.5,
33678,482472,7,12,10,5,65,1,1,1,48,0,high,0.5833333333333334,
33679,482473,1,3,10,0,70,1,1,1,48,0,low,0.3333333333333333,
33680,482474,1,1,10,0,35,1,1,1,48,0,high,1.0,
33681,482475,1,1,10,0,60,1,1,1,48,0,high,1.0,
33682,482476,1,1,10,0,50,2,1,1,48,1,high,1.0,
33683,482477,1,2,10,0,55,2,1,1,48,1,low,0.5,
33684,482478,1,1,10,0,55,2,1,1,48,0,high,1.0,
33685,482479,1,4,10,2,60,1,1,1,48,0,low,0.25,
33686,482480,1,5,10,0,50,3,1,1,48,0,low,0.2,
33687,482481,1,1,10,0,65,2,1,1,48,0,high,1.0,
33688,482482,1,1,11,0,55,2,1,1,48,1,high,1.0,
33689,482483,1,3,11,1,55,2,1,1,48,0,low,0.3333333333333333,
33690,482484,1,1,11,0,65,2,5,1,48,1,high,1.0,
33691,482485,1,3,11,5,45,1,1,1,48,0,low,0.3333333333333333,
33692,482486,1,2,11,5,45,1,1,1,48,0,low,0.5,
33693,482487,1,2,11,0,35,3,5,2,48,0,low,0.5,
33694,482488,1,2,11,0,60,2,1,1,48,1,low,0.5,
33695,482489,1,1,11,0,60,2,1,1,48,1,high,1.0,
33696,482490,1,3,11,5,30,1,1,1,48,1,low,0.3333333333333333,
33697,482491,1,1,11,0,70,1,1,1,48,0,high,1.0,
33698,482492,1,1,11,0,60,3,1,1,48,0,high,1.0,
33699,482493,1,2,11,0,80,1,1,1,48,0,low,0.5,
33700,482494,1,1,11,0,35,3,1,1,48,1,high,1.0,
33701,482495,1,6,11,0,65,2,1,1,48,1,low,0.16666666666666666,
33702,482496,1,1,11,0,30,1,1,1,48,0,high,1.0,
33703,482497,1,1,11,0,70,1,1,1,48,1,high,1.0,
33704,482498,1,1,11,0,60,2,1,1,48,1,high,1.0,
33705,482499,1,6,11,4,65,2,1,1,48,0,low,0.16666666666666666,
33706,482500,1,1,11,0,60,1,1,1,48,0,high,1.0,
33707,482501,1,2,11,0,99,2,1,1,48,0,low,0.5,
33708,482502,1,1,11,0,35,3,1,1,48,1,high,1.0,
33709,482503,1,2,11,5,70,1,1,1,48,0,low,0.5,
33710,482504,1,1,11,0,60,2,1,1,48,1,high,1.0,
33711,482505,1,2,11,0,65,2,1,1,48,0,low,0.5,
33712,482506,1,2,11,5,50,2,1,1,48,1,low,0.5,
33713,482507,1,1,11,0,60,1,1,1,48,1,high,1.0,
33714,482508,1,2,11,0,35,2,1,1,48,0,low,0.5,
33715,482509,2,2,11,0,60,2,1,1,48,0,high,1.0,
33716,482510,1,2,11,5,65,1,1,1,48,0,low,0.5,
33717,482511,1,1,11,0,30,2,1,1,48,0,high,1.0,
33718,482512,2,3,11,0,65,1,1,1,48,0,high,0.6666666666666666,
33719,482513,1,2,11,0,60,2,1,1,48,1,low,0.5,
33720,482514,1,1,11,0,55,3,1,1,48,0,high,1.0,
33721,482515,1,1,11,0,50,1,5,1,48,1,high,1.0,
33722,482516,1,2,11,0,55,2,1,1,48,1,low,0.5,
33723,482517,1,4,11,0,65,2,1,1,48,0,low,0.25,
33724,482518,2,4,11,5,60,1,2,2,48,0,low,0.5,
33725,482519,1,3,11,0,70,1,1,2,48,0,low,0.3333333333333333,
33726,482520,1,3,11,2,65,2,1,1,48,0,low,0.3333333333333333,
33727,482521,1,2,11,4,60,5,1,1,48,0,low,0.5,
33728,482522,1,2,11,5,55,2,1,1,48,0,low,0.5,
33729,482523,1,5,11,0,60,3,1,1,48,0,low,0.2,
33730,482524,1,1,11,0,35,1,1,1,48,0,high,1.0,
33731,482525,1,2,11,1,65,2,1,1,48,0,low,0.5,
33732,482526,1,4,11,0,30,2,1,1,48,1,low,0.25,
33733,482527,1,4,11,0,30,2,1,1,48,1,low,0.25,
33734,482528,1,5,11,3,45,3,1,1,48,2,low,0.2,
33735,482529,1,4,11,4,65,1,1,1,48,0,low,0.25,
33736,482530,1,2,11,1,45,1,1,1,48,0,low,0.5,
33737,482531,1,1,11,0,70,2,1,1,48,0,high,1.0,
33738,482532,1,1,11,0,55,2,1,1,48,1,high,1.0,
33739,482533,1,2,11,0,40,3,1,1,48,0,low,0.5,
33740,482534,2,3,11,0,65,2,1,1,48,1,high,0.6666666666666666,
33741,482535,1,2,11,0,30,5,1,1,48,0,low,0.5,
33742,482536,1,7,11,1,55,2,1,1,48,1,low,0.14285714285714285,
33743,482537,1,2,11,1,35,1,1,1,48,0,low,0.5,
33744,482538,1,2,11,1,55,2,1,1,48,0,low,0.5,
33745,482539,1,3,11,0,45,2,1,1,48,0,low,0.3333333333333333,
33746,482540,1,2,11,0,70,1,1,1,48,0,low,0.5,
33747,482541,1,3,11,1,60,1,1,1,48,0,low,0.3333333333333333,
33748,482542,1,1,11,0,50,1,1,1,48,0,high,1.0,
33749,482543,1,3,11,0,55,2,1,1,48,1,low,0.3333333333333333,
33750,482544,1,4,11,5,45,2,1,1,48,0,low,0.25,
33751,482545,2,5,11,5,40,3,1,1,48,1,low,0.4,
33752,482546,1,2,11,0,65,2,1,1,48,1,low,0.5,
33753,482547,1,1,11,0,65,2,1,1,48,1,high,1.0,
33754,482548,1,3,11,5,35,3,1,1,48,2,low,0.3333333333333333,
33755,482549,1,4,11,3,70,1,1,1,48,0,low,0.25,
33756,482550,1,1,11,0,55,2,1,1,48,0,high,1.0,
33757,482551,1,2,11,0,60,1,1,1,48,0,low,0.5,
33758,482552,1,5,11,0,60,2,1,1,48,1,low,0.2,
33759,482553,1,1,11,5,65,2,5,2,48,0,high,1.0,
33760,482554,1,3,11,0,45,3,1,1,48,1,low,0.3333333333333333,
33761,482555,1,2,11,5,55,1,2,2,48,0,low,0.5,
33762,482556,1,5,11,2,65,2,1,1,48,1,low,0.2,
33763,482557,1,3,11,5,40,3,1,1,48,1,low,0.3333333333333333,
33764,482558,1,1,11,0,60,3,1,1,48,1,high,1.0,
33765,482559,2,2,11,2,65,2,1,2,48,0,high,1.0,
33766,482560,1,5,11,0,70,1,1,1,48,0,low,0.2,
33767,482561,1,3,11,3,65,2,1,2,48,0,low,0.3333333333333333,
33768,482562,2,5,11,2,65,2,1,1,48,1,low,0.4,
33769,482563,1,1,11,0,55,2,1,1,48,1,high,1.0,
33770,482564,1,2,11,0,65,2,1,1,48,0,low,0.5,
33771,482565,2,5,11,0,55,1,1,1,48,0,low,0.4,
33772,482566,1,4,11,1,45,1,1,1,48,0,low,0.25,
33773,482567,1,3,11,5,60,3,1,1,48,0,low,0.3333333333333333,
33774,482568,1,3,11,1,45,3,1,1,48,1,low,0.3333333333333333,
33775,482569,1,8,11,1,60,5,1,1,48,0,low,0.125,
33776,482570,1,3,11,4,65,2,1,1,48,0,low,0.3333333333333333,
33777,482571,1,1,11,0,70,1,1,1,48,0,high,1.0,
33778,482572,1,1,11,0,55,2,2,2,48,0,high,1.0,
33779,482573,1,2,11,1,60,3,1,1,48,0,low,0.5,
33780,482574,1,3,11,5,55,2,1,1,48,2,low,0.3333333333333333,
33781,482575,1,1,11,0,60,1,1,2,48,1,high,1.0,
33782,482576,1,1,11,0,30,2,1,1,48,0,high,1.0,
33783,482577,1,1,11,0,65,2,1,1,48,1,high,1.0,
33784,482578,1,4,11,2,45,1,1,1,48,0,low,0.25,
33785,482579,2,4,11,5,65,2,2,2,48,1,low,0.5,
33786,482580,1,2,11,5,70,5,1,4,48,0,low,0.5,
33787,482581,1,2,11,0,55,2,2,2,48,0,low,0.5,
33788,482582,1,3,11,2,70,5,1,2,48,0,low,0.3333333333333333,
33789,482583,1,2,11,0,50,1,1,1,48,0,low,0.5,
33790,482584,1,3,11,2,65,1,1,1,48,0,low,0.3333333333333333,
33791,482585,1,2,11,0,50,3,1,1,48,1,low,0.5,
33792,482586,1,2,11,0,20,1,1,1,48,0,low,0.5,
33793,482587,1,1,11,0,50,3,1,1,48,0,high,1.0,
33794,482588,1,1,11,0,50,3,1,1,48,0,high,1.0,
33795,482589,1,5,12,0,60,1,2,2,48,0,low,0.2,
33796,482590,1,3,12,4,45,2,1,1,48,0,low,0.3333333333333333,
33797,482591,1,1,7,5,30,1,1,1,48,0,high,1.0,
33798,482592,1,3,8,0,30,1,1,1,48,0,low,0.3333333333333333,
33799,482593,1,3,8,1,35,3,1,1,48,1,low,0.3333333333333333,
33800,482594,1,3,9,5,40,1,1,1,48,0,low,0.3333333333333333,
33801,482595,1,3,9,0,15,1,1,1,48,0,low,0.3333333333333333,
33802,482596,1,2,9,0,35,3,1,1,48,0,low,0.5,
33803,482597,1,2,9,0,35,2,1,1,48,1,low,0.5,
33804,482598,1,1,9,0,35,3,1,1,48,1,high,1.0,
33805,482599,1,4,10,1,65,1,1,1,48,0,low,0.25,
33806,482600,1,1,10,0,30,2,1,2,48,1,high,1.0,
33807,482601,1,3,10,2,65,1,1,1,48,0,low,0.3333333333333333,
33808,482602,1,2,10,0,65,3,1,1,48,1,low,0.5,
33809,482603,1,3,10,5,50,3,1,1,48,1,low,0.3333333333333333,
33810,482604,1,2,10,0,40,2,1,1,48,1,low,0.5,
33811,482605,1,2,10,5,40,3,1,1,48,1,low,0.5,
33812,482606,1,1,11,0,70,1,1,1,48,0,high,1.0,
33813,482607,1,3,11,5,45,4,5,1,48,1,low,0.3333333333333333,
33814,482608,1,2,11,0,45,2,1,1,48,1,low,0.5,
33815,482609,1,1,11,0,35,1,1,1,48,0,high,1.0,
33816,482610,2,2,11,3,70,4,1,1,48,0,high,1.0,
33817,482611,1,1,11,0,60,1,1,1,48,0,high,1.0,
33818,482612,1,6,11,1,30,2,2,2,48,2,low,0.16666666666666666,
33819,482613,1,1,11,0,30,2,2,2,48,0,high,1.0,
33820,482614,1,2,11,0,10,3,1,5,48,0,low,0.5,
33821,482615,1,2,11,0,45,2,1,1,48,0,low,0.5,
33822,482616,1,1,11,0,70,1,1,1,48,0,high,1.0,
33823,482617,1,5,11,1,65,1,1,1,48,0,low,0.2,
33824,482618,1,1,11,0,45,2,1,1,48,1,high,1.0,
33825,482619,1,1,11,0,45,3,1,1,48,1,high,1.0,
33826,482620,1,1,11,0,30,2,1,1,48,0,high,1.0,
33827,482621,1,1,11,0,40,1,1,1,48,0,high,1.0,
33828,482622,1,2,12,0,65,2,1,1,48,1,low,0.5,
33829,482623,1,1,12,0,45,2,1,2,48,0,high,1.0,
33830,482624,1,4,12,0,40,3,1,1,48,0,low,0.25,
33831,482625,2,4,12,0,70,1,2,2,48,0,low,0.5,
33832,482626,1,1,12,0,55,2,1,1,48,0,high,1.0,
33833,482627,1,2,12,0,35,2,1,1,48,0,low,0.5,
33834,482628,1,2,12,0,30,2,1,1,48,0,low,0.5,
33835,482629,1,1,12,0,55,2,1,1,48,1,high,1.0,
33836,482630,1,1,12,0,60,1,1,1,48,1,high,1.0,
33837,482633,1,3,12,5,40,1,1,1,48,0,low,0.3333333333333333,
33838,482634,1,2,12,0,40,1,1,1,48,0,low,0.5,
33839,482635,1,2,12,1,45,1,1,1,48,0,low,0.5,
33840,482636,1,1,12,0,55,1,1,1,48,0,high,1.0,
33841,482637,1,2,12,5,35,1,1,1,48,0,low,0.5,
33842,482638,1,3,12,0,60,2,1,1,48,0,low,0.3333333333333333,
33843,482639,1,2,12,0,60,3,1,2,48,1,low,0.5,
33844,482640,1,2,12,0,45,3,1,1,48,1,low,0.5,
33845,482641,1,6,12,5,45,2,1,1,48,1,low,0.16666666666666666,
33846,482642,1,2,12,0,30,1,1,1,48,1,low,0.5,
33847,482643,1,3,12,5,45,3,1,1,48,2,low,0.3333333333333333,
33848,482644,1,4,12,0,60,1,1,1,48,0,low,0.25,
33849,482645,1,1,12,0,65,3,1,1,48,1,high,1.0,
33850,482646,1,2,12,0,30,1,1,1,48,0,low,0.5,
33851,482647,1,1,12,0,30,1,1,1,48,0,high,1.0,
33852,482648,1,3,12,0,45,2,1,1,48,1,low,0.3333333333333333,
33853,482649,1,2,12,0,60,1,1,1,48,0,low,0.5,
33854,482650,1,1,12,0,35,3,5,2,48,1,high,1.0,
33855,482651,1,1,12,0,60,2,1,5,48,0,high,1.0,
33856,482653,1,1,12,0,30,3,1,1,48,0,high,1.0,
33857,482654,1,2,12,0,35,3,1,1,48,1,low,0.5,
33858,482655,1,1,12,0,60,2,1,1,48,1,high,1.0,
33859,482656,1,4,12,0,35,1,1,1,48,0,low,0.25,
33860,482657,2,2,12,0,35,5,1,1,48,0,high,1.0,
33861,482658,1,1,12,0,30,1,1,1,48,0,high,1.0,
33862,482659,1,1,12,0,45,3,1,1,48,1,high,1.0,
33863,482660,1,2,12,2,30,3,1,1,48,0,low,0.5,
33864,482661,1,1,12,0,60,3,1,1,48,0,high,1.0,
33865,482662,1,2,12,0,30,1,1,1,48,0,low,0.5,
33866,482663,1,4,12,4,40,3,1,1,48,1,low,0.25,
33867,482664,1,3,12,0,30,2,1,1,48,0,low,0.3333333333333333,
33868,482665,1,4,12,4,45,1,1,1,48,1,low,0.25,
33869,482666,1,4,10,0,65,3,1,1,48,0,low,0.25,
33870,482667,2,5,8,0,99,1,1,1,48,0,low,0.4,
33871,482668,1,2,9,0,70,1,1,1,48,0,low,0.5,
33872,482669,2,2,9,0,65,2,1,1,48,1,high,1.0,
33873,482670,1,2,10,1,60,2,1,1,48,0,low,0.5,
33874,482671,1,2,10,0,55,2,1,1,48,0,low,0.5,
33875,482672,1,1,10,0,45,2,1,1,48,0,high,1.0,
33876,482673,1,2,11,1,60,1,1,2,48,0,low,0.5,
33877,482674,1,2,11,0,65,2,1,1,48,1,low,0.5,
33878,482675,2,2,11,0,45,3,1,1,48,0,high,1.0,
33879,482677,1,2,11,0,40,1,1,1,48,0,low,0.5,
33880,482678,1,4,11,0,35,2,1,1,48,0,low,0.25,
33881,482679,1,3,12,0,65,2,1,1,48,0,low,0.3333333333333333,
33882,482680,1,1,12,0,60,2,1,1,48,1,high,1.0,
33883,482681,2,5,12,0,60,2,1,2,48,1,low,0.4,
33884,482682,1,2,12,7,60,1,1,1,48,0,low,0.5,
33885,482683,1,1,12,0,60,2,1,1,48,0,high,1.0,
33886,482684,1,3,12,5,65,2,2,2,48,0,low,0.3333333333333333,
33887,482685,1,5,12,4,60,1,2,2,48,0,low,0.2,
33888,482687,1,2,12,5,65,1,1,1,48,0,low,0.5,
33889,482688,1,2,12,5,50,3,1,1,48,0,low,0.5,
33890,482689,1,6,12,1,55,1,1,1,48,0,low,0.16666666666666666,
33891,482690,1,3,12,2,65,2,1,1,48,1,low,0.3333333333333333,
33892,482691,1,1,12,0,35,1,1,1,48,0,high,1.0,
33893,482692,1,2,12,0,35,3,1,1,48,1,low,0.5,
33894,482693,1,2,12,5,45,3,1,1,48,1,low,0.5,
33895,482694,2,2,12,0,50,1,2,2,48,0,high,1.0,
33896,482695,1,3,12,0,30,3,1,1,48,0,low,0.3333333333333333,
33897,482696,1,3,5,5,45,3,1,1,48,0,low,0.3333333333333333,
33898,482697,1,3,7,0,30,1,1,1,48,0,low,0.3333333333333333,
33899,482698,1,5,7,0,35,1,1,1,48,0,low,0.2,
33900,482699,1,2,7,1,60,3,1,1,48,1,low,0.5,
33901,482700,1,2,7,0,65,1,1,1,48,0,low,0.5,
33902,482701,3,8,7,2,65,2,1,1,48,1,low,0.375,
33903,482702,1,3,9,9,65,2,1,1,48,0,low,0.3333333333333333,
33904,482703,1,1,9,0,60,3,1,1,48,0,high,1.0,
33905,482704,1,2,10,0,65,1,1,1,48,1,low,0.5,
33906,482705,1,3,10,2,65,2,1,1,48,1,low,0.3333333333333333,
33907,482706,1,3,10,0,65,2,1,1,48,0,low,0.3333333333333333,
33908,482707,1,1,10,0,35,3,1,1,48,1,high,1.0,
33909,482708,1,3,10,5,70,1,1,1,48,0,low,0.3333333333333333,
33910,482709,2,4,10,2,65,2,1,1,48,1,low,0.5,
33911,482710,1,3,10,3,65,1,1,1,48,0,low,0.3333333333333333,
33912,482711,1,2,11,0,45,3,1,1,48,1,low,0.5,
33913,482712,1,1,11,0,45,3,1,1,48,1,high,1.0,
33914,482713,1,2,11,5,45,1,1,1,48,0,low,0.5,
33915,482714,1,1,11,0,30,3,1,1,48,1,high,1.0,
33916,482715,1,3,11,5,50,4,1,1,48,0,low,0.3333333333333333,
33917,482716,1,2,11,0,65,2,1,1,48,1,low,0.5,
33918,482717,1,2,11,0,65,1,1,1,48,0,low,0.5,
33919,482718,1,2,11,0,65,2,1,1,48,1,low,0.5,
33920,482719,1,1,11,0,45,2,1,1,48,0,high,1.0,
33921,482720,1,2,11,5,30,3,1,1,48,1,low,0.5,
33922,482721,1,2,11,0,50,1,1,1,48,0,low,0.5,
33923,482722,1,2,11,2,70,1,1,1,48,0,low,0.5,
33924,482723,1,8,11,2,55,1,1,1,48,0,low,0.125,
33925,482724,1,2,11,0,55,2,1,1,48,0,low,0.5,
33926,482725,1,2,11,5,70,1,1,1,48,0,low,0.5,
33927,482726,1,2,11,0,35,3,1,1,48,0,low,0.5,
33928,482727,1,4,11,5,45,3,1,1,48,1,low,0.25,
33929,482728,1,2,11,5,30,1,1,1,48,0,low,0.5,
33930,482729,1,1,11,0,55,2,1,1,48,1,high,1.0,
33931,482730,1,1,11,0,60,2,9,2,48,1,high,1.0,
33932,482731,1,2,11,0,55,2,1,1,48,1,low,0.5,
33933,482732,1,2,11,0,60,2,2,2,48,1,low,0.5,
33934,482733,1,2,11,0,55,1,2,2,48,0,low,0.5,
33935,482734,1,2,11,0,70,1,1,2,48,0,low,0.5,
33936,482735,1,1,11,0,60,2,2,2,48,0,high,1.0,
33937,482736,1,4,11,4,70,1,4,2,48,1,low,0.25,
33938,482737,1,9,11,1,55,1,1,1,48,0,low,0.1111111111111111,
33939,482738,1,4,11,5,70,1,1,1,48,0,low,0.25,
33940,482739,2,2,11,0,30,1,1,1,48,0,high,1.0,
33941,482740,1,2,11,2,70,1,1,1,48,0,low,0.5,
33942,482741,1,4,11,1,70,1,1,1,48,0,low,0.25,
33943,482742,1,5,11,0,65,3,2,2,48,0,low,0.2,
33944,482743,1,3,12,5,60,1,1,1,48,0,low,0.3333333333333333,
33945,482744,1,3,12,1,60,1,1,1,48,1,low,0.3333333333333333,
33946,482745,1,5,12,0,65,1,1,1,48,1,low,0.2,
33947,482746,1,1,12,0,50,2,1,1,48,1,high,1.0,
33948,482747,1,5,12,5,30,1,1,1,48,0,low,0.2,
33949,482748,1,2,12,2,55,2,1,1,48,1,low,0.5,
33950,482749,1,4,12,0,35,1,1,1,48,0,low,0.25,
33951,482750,1,1,12,0,55,2,1,1,48,1,high,1.0,
33952,482751,1,3,12,5,65,2,1,1,48,0,low,0.3333333333333333,
33953,482752,1,2,12,1,70,1,1,1,48,0,low,0.5,
33954,482753,1,2,12,2,45,1,1,1,48,0,low,0.5,
33955,482754,1,2,12,0,65,2,1,1,48,1,low,0.5,
33956,482755,1,1,12,0,45,1,1,1,48,0,high,1.0,
33957,482756,1,1,12,0,55,1,1,1,48,0,high,1.0,
33958,482757,1,2,12,0,55,1,1,1,48,1,low,0.5,
33959,482758,1,2,12,0,65,1,1,1,48,0,low,0.5,
33960,482759,1,6,12,1,65,2,1,1,48,0,low,0.16666666666666666,
33961,482760,1,3,12,4,35,2,1,1,48,1,low,0.3333333333333333,
33962,482761,1,7,12,5,55,3,1,1,48,1,low,0.14285714285714285,
33963,482762,1,1,12,0,60,1,2,2,48,0,high,1.0,
33964,482763,1,2,12,0,65,2,2,2,48,0,low,0.5,
33965,482764,1,1,12,0,60,1,1,1,48,0,high,1.0,
33966,482765,1,1,12,0,60,2,2,2,48,0,high,1.0,
33967,482766,1,1,12,0,65,2,1,1,48,1,high,1.0,
33968,482767,1,3,12,5,45,3,2,2,48,0,low,0.3333333333333333,
33969,482768,2,6,12,2,45,2,1,1,48,1,low,0.3333333333333333,
33970,482769,1,2,12,0,60,2,1,1,48,2,low,0.5,
33971,482770,1,3,12,4,70,1,1,1,48,0,low,0.3333333333333333,
33972,482771,1,1,12,0,65,1,1,1,48,1,high,1.0,
33973,482772,1,2,12,0,50,2,1,1,48,1,low,0.5,
33974,482773,1,1,12,0,35,1,1,1,48,1,high,1.0,
33975,482774,2,6,12,4,35,3,1,2,48,0,low,0.3333333333333333,
33976,482775,1,2,12,0,65,2,1,1,48,0,low,0.5,
33977,482776,1,1,12,0,45,2,1,2,48,1,high,1.0,
33978,482777,1,3,12,4,70,1,5,2,48,0,low,0.3333333333333333,
33979,482778,1,2,12,0,30,5,1,1,48,0,low,0.5,
33980,482779,1,3,12,0,55,1,1,1,48,0,low,0.3333333333333333,
33981,482780,1,1,12,0,45,2,1,1,48,0,high,1.0,
33982,482781,1,3,12,0,30,3,1,1,48,1,low,0.3333333333333333,
33983,482782,2,3,12,0,40,3,1,1,48,0,high,0.6666666666666666,
33984,482783,1,3,12,1,50,2,1,1,48,0,low,0.3333333333333333,
33985,482784,1,10,12,1,70,1,4,3,48,0,low,0.1,
33986,482785,1,5,12,5,30,1,1,1,48,0,low,0.2,
33987,482786,1,2,12,0,55,2,1,1,48,1,low,0.5,
33988,482787,1,1,12,0,35,2,1,1,48,1,high,1.0,
33989,482788,1,9,12,0,65,2,1,1,48,0,low,0.1111111111111111,
33990,482789,1,2,12,5,45,3,1,1,48,1,low,0.5,
33991,482790,1,2,12,1,55,2,1,1,48,1,low,0.5,
33992,482791,1,1,12,0,65,2,1,1,48,1,high,1.0,
33993,482792,1,1,12,0,45,1,1,1,48,0,high,1.0,
33994,482793,1,3,12,1,45,3,1,1,48,1,low,0.3333333333333333,
33995,482794,1,5,12,5,30,1,1,1,48,0,low,0.2,
33996,482795,1,5,12,1,60,3,1,1,48,1,low,0.2,
33997,482796,1,2,12,2,65,5,1,1,48,0,low,0.5,
33998,482797,2,3,3,1,55,1,1,1,48,1,high,0.6666666666666666,
33999,482798,1,3,9,1,60,2,1,1,48,1,low,0.3333333333333333,
34000,482799,1,5,11,1,55,2,1,1,48,0,low,0.2,
34001,482800,2,2,11,2,60,1,1,1,48,0,high,1.0,
34002,482801,1,2,11,2,65,2,1,1,48,0,low,0.5,
34003,482802,1,1,11,0,45,3,1,1,48,0,high,1.0,
34004,482803,1,3,11,5,70,1,1,1,48,0,low,0.3333333333333333,
34005,482804,1,2,11,0,45,2,1,1,48,0,low,0.5,
34006,482805,1,3,11,2,65,2,1,1,48,0,low,0.3333333333333333,
34007,482806,1,2,11,2,60,1,1,1,48,0,low,0.5,
34008,482807,1,2,11,2,65,2,1,1,48,0,low,0.5,
34009,482808,1,1,11,0,55,2,1,1,48,0,high,1.0,
34010,482809,1,2,11,5,70,1,1,1,48,0,low,0.5,
34011,482810,1,2,12,0,65,2,1,1,48,1,low,0.5,
34012,482811,1,3,12,0,55,2,1,1,48,1,low,0.3333333333333333,
34013,482812,1,1,12,0,65,2,1,1,48,1,high,1.0,
34014,482813,1,1,12,0,60,2,1,2,48,0,high,1.0,
34015,482814,1,2,12,0,15,2,5,2,48,2,low,0.5,
34016,482815,1,3,12,2,60,1,1,1,48,0,low,0.3333333333333333,
34017,482816,1,2,12,2,65,3,1,1,48,1,low,0.5,
34018,482817,1,2,12,0,40,3,1,1,48,0,low,0.5,
34019,482818,1,2,12,2,65,1,1,1,48,0,low,0.5,
34020,482819,1,4,12,2,60,2,1,1,48,1,low,0.25,
34021,482820,1,1,12,0,55,2,1,1,48,0,high,1.0,
34022,482821,2,3,12,5,60,2,1,1,48,1,high,0.6666666666666666,
34023,482822,1,2,2,5,55,5,1,1,48,1,low,0.5,
34024,482823,1,2,4,0,60,3,1,1,48,2,low,0.5,
34025,482824,1,2,4,5,30,1,1,1,48,0,low,0.5,
34026,482825,1,3,5,0,45,2,1,1,48,1,low,0.3333333333333333,
34027,482826,1,4,6,5,45,1,1,1,48,0,low,0.25,
34028,482827,1,5,7,0,55,3,1,1,48,0,low,0.2,
34029,482828,1,2,7,0,55,1,1,1,48,1,low,0.5,
34030,482829,1,1,8,0,35,1,1,1,48,0,high,1.0,
34031,482830,2,6,9,4,40,3,2,2,48,0,low,0.3333333333333333,
34032,482831,1,5,9,0,55,3,1,1,48,1,low,0.2,
34033,482832,1,2,9,11,60,1,1,1,48,0,low,0.5,
34034,482833,2,3,9,4,45,1,1,1,48,0,high,0.6666666666666666,
34035,482834,1,2,10,0,35,3,1,1,48,1,low,0.5,
34036,482835,1,2,10,0,30,1,1,1,48,0,low,0.5,
34037,482836,1,2,10,0,45,3,1,1,48,0,low,0.5,
34038,482837,1,2,10,0,60,3,2,2,48,0,low,0.5,
34039,482838,1,2,10,0,55,3,1,1,48,0,low,0.5,
34040,482839,1,2,10,3,70,1,2,2,48,0,low,0.5,
34041,482840,1,3,10,2,55,1,1,1,48,0,low,0.3333333333333333,
34042,482841,1,2,10,0,30,1,1,1,48,0,low,0.5,
34043,482842,1,1,10,0,45,3,1,1,48,1,high,1.0,
34044,482843,2,3,10,0,60,2,1,1,48,0,high,0.6666666666666666,