,ST_CASE,FATALS,PERSONS,MONTH,MAN_COLL,SP_LIMIT,LGT_COND,WEATHER,SUR_COND,STATE,DRUNK_DR,rate,rate_numerical,arrival_time
34443,490183,1,1,9,0,45,3,1,1,49,1,high,1.0,
34444,490184,1,1,9,0,35,2,1,2,49,1,high,1.0,
34445,490185,3,7,9,0,75,5,1,1,49,1,low,0.42857142857142855,
34446,490186,1,4,9,0,65,2,1,2,49,0,low,0.25,
34447,490187,1,3,4,2,35,2,1,1,49,0,low,0.3333333333333333,
34448,490188,1,5,9,0,25,2,1,1,49,0,low,0.2,
34449,490189,1,2,10,2,40,1,1,1,49,0,low,0.5,
34450,490190,1,1,10,0,40,1,1,1,49,1,high,1.0,
34451,490191,1,3,10,5,40,1,1,1,49,0,low,0.3333333333333333,
34452,490192,1,5,10,0,65,5,1,1,49,0,low,0.2,
34453,490193,1,4,10,0,40,2,1,1,49,0,low,0.25,
34454,490194,1,2,10,5,40,1,1,1,49,0,low,0.5,
34455,490195,1,1,10,0,25,2,1,1,49,0,high,1.0,
34456,490196,1,2,10,0,65,2,1,1,49,0,low,0.5,
34457,490197,1,2,10,8,55,1,1,1,49,0,low,0.5,
34458,490200,1,13,10,0,25,1,1,1,49,0,low,0.07692307692307693,
34459,490201,1,1,10,0,55,2,1,1,49,1,high,1.0,
34460,490202,1,4,10,0,75,2,3,3,49,1,low,0.25,
34461,490203,1,1,10,0,55,1,1,1,49,1,high,1.0,
34462,490204,1,5,10,0,75,2,1,1,49,0,low,0.2,
34463,490205,1,3,10,0,40,1,1,1,49,0,low,0.3333333333333333,
34464,490206,1,3,10,0,65,1,1,1,49,0,low,0.3333333333333333,
34465,490207,1,3,10,0,65,2,1,1,49,1,low,0.3333333333333333,
34466,490208,1,1,10,0,75,2,1,1,49,1,high,1.0,
34467,490209,1,2,10,0,30,3,1,1,49,0,low,0.5,
34468,490210,1,2,10,2,40,1,1,1,49,0,low,0.5,
34469,490211,2,7,8,1,75,1,6,1,49,0,low,0.2857142857142857,
34470,490212,1,9,10,5,55,1,1,1,49,0,low,0.1111111111111111,
34471,490213,1,3,9,5,25,1,1,1,49,0,low,0.3333333333333333,
34472,490214,1,1,10,0,75,5,1,1,49,0,high,1.0,
34473,490215,1,2,11,5,35,1,1,1,49,0,low,0.5,
34474,490216,1,4,11,7,60,2,1,1,49,0,low,0.25,
34475,490217,1,2,11,0,25,1,1,1,49,0,low,0.5,
34476,490218,1,2,11,2,65,1,1,1,49,0,low,0.5,
34477,490219,1,1,11,0,65,2,1,1,49,0,high,1.0,
34478,490220,1,2,11,1,75,2,1,1,49,0,low,0.5,
34479,490221,1,1,11,0,45,3,1,1,49,0,high,1.0,
34480,490222,1,2,11,0,65,3,1,1,49,1,low,0.5,
34481,490223,2,4,11,0,75,2,1,3,49,0,low,0.5,
34482,490224,1,2,11,0,55,2,1,1,49,1,low,0.5,
34483,490225,1,5,11,0,75,2,1,1,49,0,low,0.2,
34484,490226,1,4,11,8,55,2,1,2,49,0,low,0.25,
34485,490227,2,4,11,0,65,2,1,1,49,0,low,0.5,
34486,490228,1,4,11,5,75,2,1,1,49,0,low,0.25,
34487,490229,1,2,11,1,75,1,1,1,49,1,low,0.5,
34488,490230,1,4,11,2,55,2,1,2,49,0,low,0.25,
34489,490231,1,2,12,0,35,3,1,2,49,0,low,0.5,
34490,490232,2,3,12,1,65,2,4,3,49,0,high,0.6666666666666666,
34491,490233,1,2,12,0,40,2,1,1,49,0,low,0.5,
34492,490234,1,2,12,0,65,3,1,1,49,0,low,0.5,
34493,490235,1,2,12,0,35,3,2,2,49,0,low,0.5,
34494,490236,1,2,12,0,55,1,1,1,49,0,low,0.5,
34495,490237,1,1,12,0,35,9,1,9,49,0,high,1.0,
34496,490238,1,5,12,5,60,2,1,1,49,0,low,0.2,
34497,490239,1,2,12,0,30,2,1,1,49,0,low,0.5,
34498,490240,1,2,12,0,75,2,1,1,49,1,low,0.5,
34499,490241,1,2,12,0,40,3,1,2,49,0,low,0.5,
34500,490242,1,2,12,0,50,2,1,1,49,0,low,0.5,
34501,490243,1,1,12,0,35,2,4,3,49,0,high,1.0,
34502,490244,1,2,12,0,25,2,1,1,49,0,low,0.5,
34503,490245,1,2,12,0,75,1,1,1,49,0,low,0.5,
34504,490246,1,2,1,5,60,1,1,1,49,0,low,0.5,
34505,490247,1,3,12,5,40,3,1,2,49,0,low,0.3333333333333333,
34506,490248,1,2,5,5,40,1,1,1,49,0,low,0.5,
34507,490249,1,1,6,0,65,2,1,1,49,0,high,1.0,
34508,490250,1,2,6,0,65,1,1,1,49,0,low,0.5,
34509,490251,1,2,7,0,65,1,1,1,49,0,low,0.5,
34510,490252,1,1,8,0,25,1,1,1,49,0,high,1.0,
34511,490253,1,3,10,7,65,1,1,1,49,0,low,0.3333333333333333,
34512,490254,1,1,10,0,25,3,1,1,49,0,high,1.0,
34513,490255,1,3,10,2,40,3,1,1,49,0,low,0.3333333333333333,
34514,490256,1,2,11,0,35,1,1,1,49,0,low,0.5,
34515,490257,1,6,11,1,65,1,1,1,49,0,low,0.16666666666666666,
34516,490258,1,3,12,0,65,1,1,3,49,0,low,0.3333333333333333,
34517,490259,1,1,7,0,35,2,1,1,49,1,high,1.0,
34518,490260,1,2,11,0,65,1,1,1,49,0,low,0.5,
34519,500001,1,2,1,2,50,2,4,4,50,0,low,0.5,
34520,500002,1,2,1,0,65,1,1,1,50,0,low,0.5,
34521,500003,1,2,1,2,50,5,1,2,50,0,low,0.5,
34522,500004,1,2,1,0,25,2,1,4,50,0,low,0.5,
34523,500005,1,3,2,2,50,5,1,1,50,1,low,0.3333333333333333,
34524,500006,1,2,1,2,40,1,1,1,50,0,low,0.5,
34525,500007,1,4,2,0,55,1,1,2,50,0,low,0.25,
34526,500008,2,3,2,5,55,1,1,4,50,0,high,0.6666666666666666,
34527,500009,2,3,2,5,50,1,4,2,50,0,high,0.6666666666666666,
34528,500010,1,2,3,0,35,5,1,1,50,2,low,0.5,
34529,500011,1,2,4,5,50,2,1,1,50,1,low,0.5,
34530,500012,1,2,4,2,50,1,2,2,50,0,low,0.5,
34531,500013,1,1,4,0,40,2,1,1,50,1,high,1.0,
34532,500014,1,1,2,0,25,1,1,1,50,1,high,1.0,
34533,500015,1,2,3,5,40,1,1,2,50,0,low,0.5,
34534,500016,1,3,4,1,50,2,4,3,50,0,low,0.3333333333333333,
34535,500017,1,5,1,2,50,2,1,1,50,1,low,0.2,
34536,500018,1,2,2,5,50,1,1,1,50,0,low,0.5,
34537,500019,1,1,3,0,10,3,1,1,50,1,high,1.0,
34538,500020,1,1,5,0,40,1,1,1,50,0,high,1.0,
34539,500021,1,1,5,0,50,2,1,1,50,1,high,1.0,
34540,500022,1,1,5,0,65,2,1,1,50,0,high,1.0,
34541,500023,1,1,4,0,0,5,4,3,50,1,high,1.0,
34542,500024,1,2,4,0,50,2,1,1,50,2,low,0.5,
34543,500025,1,1,5,0,50,1,1,1,50,0,high,1.0,
34544,500027,1,1,4,0,65,2,1,1,50,0,high,1.0,
34545,500028,1,1,6,0,50,2,1,1,50,0,high,1.0,
34546,500029,1,1,6,0,0,1,1,1,50,0,high,1.0,
34547,500030,1,2,6,3,50,1,1,1,50,0,low,0.5,
34548,500031,1,2,7,0,35,1,1,1,50,2,low,0.5,
34549,500032,1,2,7,0,25,1,1,1,50,0,low,0.5,
34550,500033,1,1,7,0,50,1,1,1,50,1,high,1.0,
34551,500034,1,1,6,0,40,2,1,1,50,1,high,1.0,
34552,500035,1,1,7,0,40,2,1,1,50,1,high,1.0,
34553,500036,1,1,7,0,0,2,1,1,50,1,high,1.0,
34554,500037,1,2,7,0,65,1,1,1,50,0,low,0.5,
34555,500038,1,1,8,0,0,1,1,1,50,1,high,1.0,
34556,500039,1,4,8,4,35,1,1,1,50,1,low,0.25,
34557,500040,1,1,8,0,50,2,1,1,50,1,high,1.0,
34558,500041,1,1,9,0,25,1,1,1,50,0,high,1.0,
34559,500042,1,2,8,5,30,1,1,1,50,1,low,0.5,
34560,500043,1,2,5,0,50,2,1,1,50,2,low,0.5,
34561,500044,1,3,8,0,25,1,1,1,50,2,low,0.3333333333333333,
34562,500045,1,2,8,0,30,1,1,1,50,0,low,0.5,
34563,500046,1,3,8,2,50,1,1,1,50,1,low,0.3333333333333333,
34564,500047,1,1,9,0,50,1,1,6,50,1,high,1.0,
34565,500048,1,2,9,0,35,1,1,1,50,0,low,0.5,
34566,500049,1,7,7,8,50,1,1,1,50,0,low,0.14285714285714285,
34567,500050,1,5,9,8,50,1,1,1,50,0,low,0.2,
34568,500051,1,2,12,2,50,2,2,4,50,2,low,0.5,
34569,500052,1,1,11,0,40,2,1,1,50,0,high,1.0,
34570,500053,2,2,8,0,40,2,1,1,50,2,high,1.0,
34571,500054,1,1,10,0,65,2,1,1,50,0,high,1.0,
34572,500055,1,6,11,8,55,2,1,1,50,5,low,0.16666666666666666,
34573,500056,1,3,11,0,65,2,1,3,50,0,low,0.3333333333333333,
34574,500057,1,1,8,0,35,1,1,1,50,0,high,1.0,
34575,500058,2,4,11,2,40,1,1,1,50,0,low,0.5,
34576,500059,1,2,11,5,35,1,1,3,50,0,low,0.5,
34577,500060,1,2,12,0,40,3,1,2,50,1,low,0.5,
34578,500061,1,7,12,4,50,5,1,3,50,0,low,0.14285714285714285,
34579,500062,1,2,12,0,40,3,1,3,50,1,low,0.5,
34580,500063,1,3,10,0,50,2,2,2,50,0,low,0.3333333333333333,
34581,510001,1,2,1,0,55,2,2,2,51,1,low,0.5,
34582,510002,1,1,1,0,45,2,2,2,51,1,high,1.0,
34583,510003,1,1,1,0,55,2,2,2,51,0,high,1.0,
34584,510004,1,2,1,5,45,2,2,2,51,1,low,0.5,
34585,510005,1,2,1,0,25,1,1,1,51,0,low,0.5,
34586,510006,1,2,1,1,55,1,1,1,51,0,low,0.5,
34587,510007,1,3,1,2,55,1,1,1,51,0,low,0.3333333333333333,
34588,510008,1,2,1,0,50,2,1,1,51,0,low,0.5,
34589,510009,1,2,1,0,45,2,1,1,51,0,low,0.5,
34590,510010,2,3,1,5,35,3,1,1,51,1,high,0.6666666666666666,
34591,510011,1,1,1,0,65,2,1,1,51,0,high,1.0,
34592,510012,1,1,1,0,65,2,1,1,51,0,high,1.0,
34593,510013,1,2,1,0,55,2,1,1,51,2,low,0.5,
34594,510014,1,4,1,5,55,1,1,1,51,0,low,0.25,
34595,510015,1,3,1,4,55,1,1,1,51,1,low,0.3333333333333333,
34596,510016,1,2,1,0,55,2,1,1,51,0,low,0.5,
34597,510017,1,1,1,0,40,2,1,1,51,1,high,1.0,
34598,510018,1,7,1,7,55,2,1,1,51,0,low,0.14285714285714285,
34599,510019,1,3,1,5,65,2,1,1,51,0,low,0.3333333333333333,
34600,510020,1,2,1,5,65,3,1,1,51,1,low,0.5,
34601,510021,1,2,1,1,55,1,1,1,51,0,low,0.5,
34602,510022,1,1,1,0,55,2,1,1,51,1,high,1.0,
34603,510023,1,1,1,0,45,3,2,2,51,1,high,1.0,
34604,510024,1,3,1,0,65,2,1,2,51,0,low,0.3333333333333333,
34605,510025,2,3,1,1,35,2,1,1,51,1,high,0.6666666666666666,
34606,510026,1,1,1,0,55,2,1,1,51,1,high,1.0,
34607,510027,1,2,1,1,40,1,2,2,51,0,low,0.5,
34608,510028,1,2,1,5,55,2,1,1,51,0,low,0.5,
34609,510029,1,1,1,0,65,1,3,4,51,0,high,1.0,
34610,510030,1,2,1,2,55,1,1,1,51,0,low,0.5,
34611,510031,1,2,1,0,45,1,1,2,51,0,low,0.5,
34612,510032,1,5,1,5,45,2,1,1,51,2,low,0.2,
34613,510033,5,7,1,5,45,2,1,1,51,3,high,0.7142857142857143,
34614,510034,1,1,1,0,55,2,1,1,51,1,high,1.0,
34615,510035,1,2,1,0,55,2,1,1,51,2,low,0.5,
34616,510036,1,2,1,0,55,1,1,1,51,0,low,0.5,
34617,510037,1,2,1,0,55,1,1,1,51,0,low,0.5,
34618,510038,1,5,1,2,45,1,4,2,51,0,low,0.2,
34619,510039,1,1,1,0,55,2,1,1,51,1,high,1.0,
34620,510040,1,1,1,0,60,2,1,1,51,1,high,1.0,
34621,510041,1,2,1,0,45,2,1,1,51,0,low,0.5,
34622,510042,1,3,1,2,55,2,1,1,51,1,low,0.3333333333333333,
34623,510043,1,3,1,2,55,1,1,1,51,0,low,0.3333333333333333,
34624,510044,1,2,1,1,65,2,1,2,51,0,low,0.5,
34625,510045,3,4,1,1,55,3,1,1,51,0,high,0.75,
34626,510046,1,3,1,4,35,1,1,1,51,0,low,0.3333333333333333,
34627,510047,1,2,1,0,45,3,1,1,51,1,low,0.5,
34628,510048,2,6,1,5,65,1,4,4,51,0,low,0.3333333333333333,
34629,510049,1,2,2,0,55,1,1,1,51,0,low,0.5,
34630,510050,1,2,2,4,55,1,1,1,51,0,low,0.5,
34631,510051,1,2,2,5,55,1,1,1,51,0,low,0.5,
34632,510052,1,2,2,0,45,3,1,1,51,2,low,0.5,
34633,510053,1,1,2,0,55,1,1,1,51,0,high,1.0,
34634,510054,1,3,2,7,65,1,1,1,51,0,low,0.3333333333333333,
34635,510055,1,2,2,0,55,2,1,1,51,2,low,0.5,
34636,510056,1,1,2,0,25,1,1,1,51,0,high,1.0,
34637,510057,1,2,2,0,55,1,1,1,51,0,low,0.5,
34638,510058,1,2,2,0,40,1,1,1,51,1,low,0.5,
34639,510059,1,2,2,0,45,1,1,1,51,0,low,0.5,
34640,510060,1,2,2,5,55,1,1,1,51,0,low,0.5,
34641,510061,1,4,2,8,55,1,1,1,51,0,low,0.25,
34642,510062,1,1,2,0,55,2,2,4,51,0,high,1.0,
34643,510063,1,1,2,0,55,1,1,1,51,0,high,1.0,
34644,510064,1,1,2,0,55,2,1,4,51,0,high,1.0,
34645,510065,1,1,2,0,55,1,1,4,51,0,high,1.0,
34646,510066,1,1,2,0,60,1,1,1,51,0,high,1.0,
34647,510067,2,4,2,4,45,2,1,1,51,1,low,0.5,
34648,510068,1,5,2,0,65,1,4,2,51,0,low,0.2,
34649,510069,1,1,2,0,65,2,1,1,51,1,high,1.0,
34650,510070,1,1,2,0,55,2,1,1,51,1,high,1.0,
34651,510071,1,1,2,0,45,2,1,1,51,1,high,1.0,
34652,510072,1,2,2,2,35,1,1,1,51,0,low,0.5,
34653,510073,1,1,2,0,65,1,1,1,51,0,high,1.0,
34654,510074,1,2,2,2,55,1,1,2,51,0,low,0.5,
34655,510075,1,3,2,2,55,2,1,1,51,0,low,0.3333333333333333,
34656,510076,1,2,1,4,55,5,1,1,51,1,low,0.5,
34657,510077,1,1,2,0,45,2,1,1,51,0,high,1.0,
34658,510078,1,1,2,0,55,2,2,2,51,0,high,1.0,
34659,510079,1,2,2,5,55,1,1,1,51,0,low,0.5,
34660,510080,1,1,2,0,55,2,2,2,51,1,high,1.0,
34661,510081,1,4,2,5,35,1,1,2,51,1,low,0.25,
34662,510082,1,3,2,0,55,2,1,1,51,0,low,0.3333333333333333,
34663,510083,1,2,2,1,55,5,1,1,51,0,low,0.5,
34664,510084,1,2,2,1,55,1,1,1,51,0,low,0.5,
34665,510085,1,3,2,0,55,1,1,2,51,0,low,0.3333333333333333,
34666,510086,1,2,2,2,55,1,1,1,51,0,low,0.5,
34667,510087,1,2,2,2,55,1,1,1,51,0,low,0.5,
34668,510088,1,1,2,0,55,1,1,1,51,0,high,1.0,
34669,510089,1,3,2,0,45,2,1,2,51,0,low,0.3333333333333333,
34670,510090,1,2,2,5,60,2,1,1,51,1,low,0.5,
34671,510091,1,1,2,0,45,2,1,1,51,1,high,1.0,
34672,510092,1,1,2,0,55,2,1,2,51,1,high,1.0,
34673,510093,1,2,2,0,55,2,1,1,51,1,low,0.5,
34674,510094,1,1,2,0,60,2,2,2,51,0,high,1.0,
34675,510095,1,2,2,2,60,1,1,1,51,0,low,0.5,
34676,510096,1,3,2,4,60,1,1,1,51,1,low,0.3333333333333333,
34677,510097,1,3,2,5,45,1,1,1,51,0,low,0.3333333333333333,
34678,510098,1,2,1,0,45,1,1,1,51,0,low,0.5,
34679,510099,1,1,1,0,45,1,1,1,51,1,high,1.0,
34680,510100,1,1,2,0,55,2,1,2,51,0,high,1.0,
34681,510101,1,1,2,0,45,1,1,1,51,0,high,1.0,
34682,510102,1,3,2,5,55,1,1,1,51,0,low,0.3333333333333333,
34683,510103,1,2,2,0,25,3,1,1,51,0,low,0.5,
34684,510104,1,3,2,4,45,2,1,1,51,0,low,0.3333333333333333,
34685,510105,1,2,2,0,35,3,1,1,51,1,low,0.5,
34686,510106,1,3,3,0,45,3,1,1,51,2,low,0.3333333333333333,
34687,510107,1,1,3,0,55,2,2,2,51,0,high,1.0,
34688,510108,1,1,3,1,65,1,1,1,51,0,high,1.0,
34689,510109,1,2,3,0,45,1,1,1,51,1,low,0.5,
34690,510110,1,3,3,8,55,3,1,1,51,2,low,0.3333333333333333,
34691,510111,1,3,3,5,55,1,2,2,51,0,low,0.3333333333333333,
34692,510112,1,2,3,0,55,1,1,2,51,0,low,0.5,
34693,510113,1,1,3,0,55,1,1,2,51,0,high,1.0,
34694,510114,1,1,3,0,55,1,1,1,51,1,high,1.0,
34695,510115,1,2,3,5,60,3,1,1,51,1,low,0.5,
34696,510116,1,4,3,0,55,1,1,1,51,0,low,0.25,
34697,510117,1,2,3,5,55,1,1,1,51,0,low,0.5,
34698,510118,1,1,3,0,55,3,1,1,51,0,high,1.0,
34699,510119,1,1,3,0,55,2,1,1,51,1,high,1.0,
34700,510120,1,2,3,0,55,1,1,1,51,2,low,0.5,
34701,510121,1,1,3,0,40,3,1,1,51,1,high,1.0,
34702,510122,1,1,3,0,55,2,1,1,51,0,high,1.0,
34703,510123,1,1,3,0,60,1,1,2,51,1,high,1.0,
34704,510124,1,1,3,0,55,1,1,1,51,0,high,1.0,
34705,510125,1,1,3,0,55,1,1,1,51,0,high,1.0,
34706,510126,1,1,3,0,55,2,1,2,51,0,high,1.0,
34707,510127,1,1,3,0,55,2,1,1,51,1,high,1.0,
34708,510128,1,2,3,0,65,2,1,1,51,0,low,0.5,
34709,510129,1,2,3,2,45,1,1,1,51,0,low,0.5,
34710,510130,1,1,3,0,55,1,1,2,51,0,high,1.0,
34711,510131,2,4,3,4,55,2,2,2,51,0,low,0.5,
34712,510132,1,1,3,0,55,2,1,1,51,1,high,1.0,
34713,510133,1,3,3,0,55,1,1,1,51,0,low,0.3333333333333333,
34714,510134,1,1,3,0,55,2,1,1,51,0,high,1.0,
34715,510135,1,2,4,0,55,1,1,2,51,0,low,0.5,
34716,510136,1,2,3,0,65,2,1,1,51,1,low,0.5,
34717,510137,1,2,4,0,55,1,1,1,51,0,low,0.5,
34718,510138,1,2,3,0,45,1,1,1,51,0,low,0.5,
34719,510139,1,4,2,0,45,4,4,4,51,0,low,0.25,
34720,510140,1,1,3,0,55,3,2,2,51,1,high,1.0,
34721,510141,1,2,3,2,55,4,2,2,51,0,low,0.5,
34722,510142,1,2,3,0,55,2,1,2,51,0,low,0.5,
34723,510143,1,2,3,0,40,3,1,1,51,1,low,0.5,
34724,510144,2,3,3,0,55,2,1,1,51,2,high,0.6666666666666666,
34725,510145,1,2,3,0,35,2,1,2,51,1,low,0.5,
34726,510146,1,2,3,2,55,1,1,1,51,0,low,0.5,
34727,510147,1,3,3,1,60,2,1,1,51,0,low,0.3333333333333333,
34728,510148,1,2,3,2,55,3,1,1,51,0,low,0.5,
34729,510149,2,3,3,1,35,1,1,1,51,0,high,0.6666666666666666,
34730,510150,1,1,3,0,45,1,1,2,51,0,high,1.0,
34731,510151,1,1,3,0,35,2,1,1,51,0,high,1.0,
34732,510152,1,1,3,0,60,2,1,2,51,0,high,1.0,
34733,510153,1,1,3,0,55,2,1,2,51,1,high,1.0,
34734,510154,1,3,3,5,35,3,1,3,51,2,low,0.3333333333333333,
34735,510155,1,2,3,5,35,1,1,1,51,0,low,0.5,
34736,510156,1,1,3,0,60,1,1,1,51,0,high,1.0,
34737,510157,1,1,3,0,45,1,1,1,51,0,high,1.0,
34738,510158,1,2,3,0,55,1,1,1,51,0,low,0.5,
34739,510159,1,1,3,0,60,2,1,1,51,0,high,1.0,
34740,510160,1,1,3,0,45,3,1,2,51,0,high,1.0,
34741,510161,1,5,3,0,55,1,4,3,51,0,low,0.2,
34742,510162,1,6,3,5,55,2,1,2,51,0,low,0.16666666666666666,
34743,510163,1,2,3,0,60,2,1,1,51,1,low,0.5,
34744,510164,1,1,3,0,65,1,1,1,51,0,high,1.0,
34745,510165,1,1,3,0,45,2,1,1,51,1,high,1.0,
34746,510166,2,2,3,0,55,1,1,2,51,0,high,1.0,
34747,510167,1,2,3,0,35,3,1,1,51,2,low,0.5,
34748,510168,1,2,2,2,45,1,1,1,51,1,low,0.5,
34749,510169,1,2,3,5,45,1,1,1,51,0,low,0.5,
34750,510170,1,2,3,2,65,2,1,2,51,1,low,0.5,
34751,510171,1,1,3,0,55,2,1,1,51,1,high,1.0,
34752,510172,1,3,3,4,55,1,1,1,51,0,low,0.3333333333333333,
34753,510173,1,4,3,1,55,3,1,1,51,0,low,0.25,
34754,510174,1,2,3,5,55,2,1,2,51,0,low,0.5,
34755,510175,1,2,3,2,55,1,1,2,51,0,low,0.5,
34756,510176,2,3,3,1,45,3,1,1,51,2,high,0.6666666666666666,
34757,510177,1,4,3,1,55,3,1,1,51,2,low,0.25,
34758,510178,2,4,1,2,55,1,1,1,51,0,low,0.5,
34759,510179,1,1,1,0,45,2,1,1,51,0,high,1.0,
34760,510180,1,3,1,0,55,1,1,2,51,0,low,0.3333333333333333,
34761,510181,1,2,2,0,55,1,1,1,51,0,low,0.5,
34762,510182,1,1,2,0,55,2,2,2,51,0,high,1.0,
34763,510183,1,3,2,0,55,1,1,1,51,0,low,0.3333333333333333,
34764,510184,1,2,2,0,45,3,1,1,51,1,low,0.5,
34765,510185,1,1,3,0,55,1,1,1,51,0,high,1.0,
34766,510186,1,3,3,2,55,2,1,1,51,0,low,0.3333333333333333,
34767,510187,1,3,3,2,35,1,1,1,51,0,low,0.3333333333333333,
34768,510189,1,4,3,5,25,1,1,1,51,0,low,0.25,
34769,510190,1,2,3,0,35,3,1,1,51,0,low,0.5,
34770,510191,1,1,3,0,45,1,1,2,51,0,high,1.0,
34771,510192,1,3,3,2,45,1,1,1,51,0,low,0.3333333333333333,
34772,510193,1,1,4,0,55,2,1,1,51,1,high,1.0,
34773,510194,1,2,4,2,45,1,1,1,51,1,low,0.5,
34774,510195,1,2,4,0,45,2,1,1,51,1,low,0.5,
34775,510196,1,1,4,0,55,2,1,2,51,0,high,1.0,
34776,510197,1,2,4,0,55,2,1,1,51,0,low,0.5,
34777,510198,1,1,4,0,55,2,1,1,51,1,high,1.0,
34778,510199,1,2,4,5,45,2,1,1,51,1,low,0.5,
34779,510200,1,2,4,0,40,1,1,1,51,0,low,0.5,
34780,510201,1,3,4,2,45,1,1,1,51,0,low,0.3333333333333333,
34781,510202,1,1,4,0,65,2,4,4,51,0,high,1.0,
34782,510203,1,2,4,0,55,2,2,2,51,1,low,0.5,
34783,510204,1,1,4,0,55,1,1,2,51,0,high,1.0,
34784,510205,1,1,4,1,65,2,1,1,51,0,high,1.0,
34785,510206,1,1,4,0,55,2,1,1,51,0,high,1.0,
34786,510207,1,1,4,0,55,1,1,1,51,1,high,1.0,
34787,510208,1,2,4,0,55,2,1,1,51,1,low,0.5,
34788,510209,1,3,4,5,45,1,1,1,51,0,low,0.3333333333333333,
34789,510210,1,3,4,0,55,3,1,1,51,2,low,0.3333333333333333,
34790,510211,1,2,4,5,45,1,1,2,51,0,low,0.5,
34791,510212,1,2,4,5,45,2,1,2,51,0,low,0.5,
34792,510213,1,3,4,1,65,1,1,1,51,0,low,0.3333333333333333,
34793,510214,1,1,4,0,55,1,1,1,51,0,high,1.0,
34794,510215,1,1,4,0,60,2,1,1,51,1,high,1.0,
34795,510216,1,2,4,1,60,1,1,1,51,0,low,0.5,
34796,510217,1,2,4,5,60,1,2,2,51,0,low,0.5,
34797,510218,1,1,4,0,45,1,2,2,51,0,high,1.0,
34798,510219,1,1,4,0,45,4,2,2,51,1,high,1.0,
34799,510220,1,2,4,0,55,2,1,2,51,1,low,0.5,
34800,510221,1,1,4,0,55,1,1,2,51,0,high,1.0,
34801,510222,1,1,4,0,55,2,1,1,51,1,high,1.0,
34802,510223,1,1,4,0,65,1,1,1,51,0,high,1.0,
34803,510224,1,1,4,0,55,2,1,1,51,1,high,1.0,
34804,510225,1,3,4,4,45,1,1,1,51,0,low,0.3333333333333333,
34805,510226,1,1,4,0,45,2,1,1,51,0,high,1.0,
34806,510227,1,1,4,0,45,1,1,1,51,0,high,1.0,
34807,510228,1,1,4,0,25,1,1,1,51,0,high,1.0,
34808,510229,1,3,4,1,45,2,1,1,51,2,low,0.3333333333333333,
34809,510230,2,2,4,0,40,2,1,1,51,1,high,1.0,
34810,510231,1,2,4,1,55,3,1,1,51,0,low,0.5,
34811,510232,1,6,4,1,55,1,1,1,51,0,low,0.16666666666666666,
34812,510233,1,4,4,2,55,1,1,1,51,0,low,0.25,
34813,510234,1,1,4,0,45,2,1,1,51,1,high,1.0,
34814,510235,1,2,4,0,55,2,1,1,51,1,low,0.5,
34815,510236,1,2,4,0,25,1,1,1,51,0,low,0.5,
34816,510237,1,1,4,0,45,1,1,1,51,0,high,1.0,
34817,510238,1,1,4,0,45,1,1,1,51,0,high,1.0,
34818,510239,1,3,4,5,25,1,1,1,51,0,low,0.3333333333333333,
34819,510240,1,1,4,0,55,2,1,2,51,1,high,1.0,
34820,510241,1,2,4,5,25,1,1,1,51,0,low,0.5,
34821,510242,1,2,4,4,55,2,1,2,51,1,low,0.5,
34822,510243,1,2,4,0,60,1,1,1,51,0,low,0.5,
34823,510244,1,2,4,5,60,1,2,2,51,0,low,0.5,
34824,510245,2,5,4,1,55,1,1,1,51,0,low,0.4,
34825,510246,1,5,4,0,50,3,1,1,51,2,low,0.2,
34826,510247,1,2,4,4,35,1,1,1,51,0,low,0.5,
34827,510248,1,1,4,0,55,2,1,1,51,0,high,1.0,
34828,510249,1,1,4,0,55,3,1,1,51,0,high,1.0,
34829,510250,1,1,4,0,55,1,1,1,51,0,high,1.0,
34830,510251,1,3,4,2,55,1,1,1,51,0,low,0.3333333333333333,
34831,510252,1,4,4,7,55,1,1,1,51,0,low,0.25,
34832,510253,1,2,4,2,55,1,1,1,51,0,low,0.5,
34833,510254,1,2,4,1,55,2,2,2,51,0,low,0.5,
34834,510255,1,2,4,0,45,2,1,1,51,0,low,0.5,
34835,510256,1,4,4,1,65,1,1,1,51,0,low,0.25,
34836,510257,1,4,4,0,55,2,1,2,51,0,low,0.25,
34837,510258,1,1,4,0,45,2,1,1,51,0,high,1.0,
34838,510259,1,2,2,4,45,1,1,1,51,0,low,0.5,
34839,510260,1,1,5,0,45,1,1,1,51,1,high,1.0,
34840,510261,1,2,5,0,55,3,1,1,51,0,low,0.5,
34841,510262,1,5,5,4,55,1,1,1,51,0,low,0.2,
34842,510263,1,2,5,0,60,2,1,1,51,0,low,0.5,
34843,510264,1,4,5,0,65,1,1,1,51,0,low,0.25,
34844,510265,1,2,4,0,60,1,1,1,51,0,low,0.5,
34845,510266,1,3,5,1,65,1,1,1,51,0,low,0.3333333333333333,