,ST_CASE,FATALS,PERSONS,MONTH,MAN_COLL,SP_LIMIT,LGT_COND,WEATHER,SUR_COND,STATE,DRUNK_DR,rate,rate_numerical,arrival_time
34846,510267,1,1,5,0,55,1,1,1,51,0,high,1.0,
34847,510268,1,1,5,0,55,1,1,1,51,0,high,1.0,
34848,510269,1,3,5,2,55,1,1,1,51,0,low,0.3333333333333333,
34849,510270,1,4,5,5,45,1,1,1,51,0,low,0.25,
34850,510271,1,1,5,0,65,1,1,1,51,0,high,1.0,
34851,510272,1,1,5,0,55,1,1,1,51,0,high,1.0,
34852,510273,1,2,5,0,99,3,1,1,51,1,low,0.5,
34853,510274,1,2,5,5,25,1,1,1,51,0,low,0.5,
34854,510275,1,1,5,0,55,2,1,1,51,0,high,1.0,
34855,510276,1,2,5,4,25,2,1,1,51,1,low,0.5,
34856,510277,1,3,5,1,45,2,1,1,51,1,low,0.3333333333333333,
34857,510278,1,2,5,0,55,1,1,1,51,0,low,0.5,
34858,510279,2,4,5,5,30,1,1,1,51,0,low,0.5,
34859,510280,1,2,4,0,35,3,1,1,51,0,low,0.5,
34860,510281,1,3,5,4,40,1,1,2,51,0,low,0.3333333333333333,
34861,510282,1,1,5,0,55,1,1,1,51,1,high,1.0,
34862,510283,1,3,5,0,25,5,1,1,51,2,low,0.3333333333333333,
34863,510284,1,2,5,2,25,1,1,1,51,0,low,0.5,
34864,510285,1,2,5,0,45,1,1,1,51,0,low,0.5,
34865,510286,1,4,5,0,55,3,2,2,51,2,low,0.25,
34866,510287,1,1,5,0,65,1,1,1,51,0,high,1.0,
34867,510288,1,4,5,8,35,1,1,1,51,0,low,0.25,
34868,510289,1,3,5,0,55,3,1,1,51,1,low,0.3333333333333333,
34869,510290,1,2,5,5,45,1,1,1,51,0,low,0.5,
34870,510291,1,2,5,4,60,2,1,1,51,0,low,0.5,
34871,510292,1,3,5,1,65,1,1,1,51,0,low,0.3333333333333333,
34872,510293,1,2,5,4,55,2,1,1,51,0,low,0.5,
34873,510294,1,2,5,0,60,1,1,1,51,0,low,0.5,
34874,510295,1,1,5,0,55,1,1,1,51,0,high,1.0,
34875,510296,1,1,3,0,55,2,1,1,51,0,high,1.0,
34876,510297,1,5,3,7,55,1,1,1,51,1,low,0.2,
34877,510298,1,2,4,4,45,1,1,2,51,0,low,0.5,
34878,510299,1,1,4,0,35,1,1,1,51,0,high,1.0,
34879,510300,1,2,4,0,45,3,2,2,51,1,low,0.5,
34880,510301,1,1,4,0,45,2,2,2,51,1,high,1.0,
34881,510302,1,1,4,0,55,5,1,1,51,1,high,1.0,
34882,510303,1,3,4,0,40,1,1,1,51,1,low,0.3333333333333333,
34883,510304,1,1,5,0,45,1,1,1,51,0,high,1.0,
34884,510305,1,1,5,0,45,1,1,1,51,1,high,1.0,
34885,510306,1,4,5,1,55,3,1,1,51,0,low,0.25,
34886,510307,1,4,5,5,55,4,1,1,51,0,low,0.25,
34887,510308,1,1,5,0,25,2,1,1,51,0,high,1.0,
34888,510309,1,6,5,0,65,1,1,1,51,1,low,0.16666666666666666,
34889,510310,1,1,5,0,55,1,1,2,51,0,high,1.0,
34890,510311,1,1,5,0,55,1,1,1,51,1,high,1.0,
34891,510312,1,1,5,0,45,1,1,1,51,0,high,1.0,
34892,510313,1,3,5,4,55,1,1,1,51,0,low,0.3333333333333333,
34893,510314,1,1,5,0,45,1,1,1,51,1,high,1.0,
34894,510315,1,10,5,2,55,1,1,1,51,0,low,0.1,
34895,510316,1,2,5,1,55,2,1,1,51,0,low,0.5,
34896,510317,2,2,5,0,25,1,1,1,51,0,high,1.0,
34897,510318,1,1,5,0,25,2,1,1,51,0,high,1.0,
34898,510319,1,2,5,1,55,2,1,1,51,1,low,0.5,
34899,510320,1,2,5,0,55,1,1,1,51,0,low,0.5,
34900,510321,3,5,5,2,55,1,1,1,51,0,high,0.6,
34901,510322,4,9,5,0,60,2,1,1,51,0,low,0.4444444444444444,
34902,510323,1,3,5,4,50,1,1,1,51,0,low,0.3333333333333333,
34903,510324,1,1,5,0,35,1,1,2,51,1,high,1.0,
34904,510325,1,1,5,0,55,1,1,1,51,0,high,1.0,
34905,510326,1,4,5,0,25,2,1,1,51,1,low,0.25,
34906,510327,1,1,5,0,60,2,1,1,51,1,high,1.0,
34907,510328,1,2,5,1,55,1,1,1,51,0,low,0.5,
34908,510329,2,2,5,2,55,2,1,1,51,0,high,1.0,
34909,510330,1,1,5,0,65,2,1,1,51,0,high,1.0,
34910,510331,1,2,5,2,55,1,1,1,51,0,low,0.5,
34911,510332,1,2,5,2,45,1,1,1,51,0,low,0.5,
34912,510333,1,1,5,0,55,4,1,1,51,0,high,1.0,
34913,510334,1,2,5,2,45,1,1,1,51,0,low,0.5,
34914,510335,1,1,5,0,55,2,1,1,51,1,high,1.0,
34915,510336,1,1,5,0,35,1,1,1,51,0,high,1.0,
34916,510337,1,2,5,1,55,1,1,1,51,0,low,0.5,
34917,510338,1,1,5,0,55,2,1,1,51,1,high,1.0,
34918,510339,1,3,4,4,25,1,1,1,51,0,low,0.3333333333333333,
34919,510340,1,2,6,4,25,1,1,1,51,0,low,0.5,
34920,510341,1,2,6,5,55,1,1,1,51,0,low,0.5,
34921,510342,1,3,6,0,25,3,1,1,51,2,low,0.3333333333333333,
34922,510343,5,5,6,0,65,1,1,1,51,0,high,1.0,
34923,510344,1,3,6,0,65,2,1,1,51,0,low,0.3333333333333333,
34924,510345,1,2,6,0,25,1,1,1,51,0,low,0.5,
34925,510346,1,2,6,5,60,2,1,1,51,0,low,0.5,
34926,510347,2,5,6,7,55,1,1,1,51,1,low,0.4,
34927,510348,1,1,6,0,60,1,1,1,51,1,high,1.0,
34928,510349,1,2,6,4,55,1,1,1,51,1,low,0.5,
34929,510350,1,2,6,0,55,1,1,1,51,0,low,0.5,
34930,510351,1,4,6,0,45,1,1,1,51,0,low,0.25,
34931,510352,1,3,6,0,60,1,1,1,51,1,low,0.3333333333333333,
34932,510353,1,1,6,0,35,1,1,1,51,1,high,1.0,
34933,510354,1,2,6,2,99,1,2,2,51,0,low,0.5,
34934,510355,1,2,6,2,55,3,1,1,51,1,low,0.5,
34935,510356,1,2,6,0,55,1,1,1,51,0,low,0.5,
34936,510357,1,1,6,0,45,1,1,2,51,0,high,1.0,
34937,510358,2,5,6,4,35,5,1,2,51,0,low,0.4,
34938,510359,1,2,6,2,45,1,1,1,51,0,low,0.5,
34939,510360,1,1,6,0,55,1,1,1,51,0,high,1.0,
34940,510361,1,2,6,2,55,2,1,1,51,1,low,0.5,
34941,510362,1,1,6,0,55,1,1,1,51,1,high,1.0,
34942,510363,2,3,6,2,45,1,1,1,51,1,high,0.6666666666666666,
34943,510364,1,1,6,0,55,1,1,1,51,0,high,1.0,
34944,510365,1,1,6,0,55,2,1,1,51,1,high,1.0,
34945,510366,1,4,6,0,55,2,1,1,51,1,low,0.25,
34946,510367,1,2,6,0,45,2,1,1,51,2,low,0.5,
34947,510368,2,2,6,0,35,3,1,1,51,2,high,1.0,
34948,510369,1,1,6,0,55,4,5,1,51,0,high,1.0,
34949,510370,1,2,6,4,55,1,1,1,51,0,low,0.5,
34950,510371,1,3,6,2,45,1,2,2,51,0,low,0.3333333333333333,
34951,510372,1,2,6,0,30,3,1,1,51,2,low,0.5,
34952,510373,1,2,6,8,55,2,1,2,51,0,low,0.5,
34953,510374,1,1,6,0,55,1,1,1,51,0,high,1.0,
34954,510375,1,1,6,0,55,1,5,2,51,1,high,1.0,
34955,510376,1,2,6,1,55,3,1,1,51,1,low,0.5,
34956,510377,4,6,6,1,50,3,1,1,51,4,high,0.6666666666666666,
34957,510378,1,5,6,1,65,1,1,1,51,0,low,0.2,
34958,510379,2,4,6,5,55,1,1,1,51,0,low,0.5,
34959,510380,1,2,6,5,55,1,1,1,51,1,low,0.5,
34960,510381,1,1,6,0,55,1,1,1,51,1,high,1.0,
34961,510382,1,1,6,0,65,2,1,2,51,1,high,1.0,
34962,510383,1,1,6,0,55,1,1,1,51,1,high,1.0,
34963,510384,1,3,6,5,45,1,1,1,51,1,low,0.3333333333333333,
34964,510385,1,1,6,0,55,1,1,1,51,0,high,1.0,
34965,510386,1,3,6,8,55,1,1,1,51,0,low,0.3333333333333333,
34966,510387,1,1,6,0,55,1,1,1,51,0,high,1.0,
34967,510388,1,2,6,1,55,1,1,1,51,2,low,0.5,
34968,510389,1,4,6,2,40,1,1,1,51,0,low,0.25,
34969,510390,1,1,6,0,55,1,1,1,51,0,high,1.0,
34970,510391,1,1,6,0,35,2,1,1,51,1,high,1.0,
34971,510392,1,1,6,0,45,1,1,1,51,1,high,1.0,
34972,510393,1,2,6,0,60,1,1,1,51,1,low,0.5,
34973,510394,1,3,6,2,55,1,1,1,51,0,low,0.3333333333333333,
34974,510395,1,1,6,0,55,1,1,1,51,0,high,1.0,
34975,510396,1,2,6,0,25,1,1,1,51,0,low,0.5,
34976,510397,1,3,6,4,55,1,1,1,51,0,low,0.3333333333333333,
34977,510398,1,2,6,0,55,2,1,1,51,0,low,0.5,
34978,510399,1,2,6,0,55,2,1,2,51,1,low,0.5,
34979,510400,1,1,6,0,35,1,1,1,51,0,high,1.0,
34980,510401,1,1,6,0,55,5,1,1,51,1,high,1.0,
34981,510402,1,2,6,0,55,1,1,1,51,0,low,0.5,
34982,510403,1,2,6,0,55,1,1,1,51,0,low,0.5,
34983,510404,1,2,6,0,55,1,1,1,51,0,low,0.5,
34984,510405,1,1,6,0,45,1,1,1,51,0,high,1.0,
34985,510406,1,2,6,0,35,2,1,1,51,0,low,0.5,
34986,510407,1,3,6,0,40,2,1,1,51,1,low,0.3333333333333333,
34987,510408,1,1,6,0,55,1,1,1,51,0,high,1.0,
34988,510409,1,2,6,0,65,1,1,2,51,0,low,0.5,
34989,510410,1,1,6,0,55,2,1,1,51,1,high,1.0,
34990,510411,2,5,6,0,60,1,1,1,51,0,low,0.4,
34991,510412,1,2,6,4,45,1,1,1,51,0,low,0.5,
34992,510413,1,3,4,2,45,1,2,2,51,0,low,0.3333333333333333,
34993,510414,1,9,4,5,55,1,1,1,51,0,low,0.1111111111111111,
34994,510415,1,2,4,0,35,3,1,1,51,2,low,0.5,
34995,510416,1,1,5,0,55,3,1,1,51,1,high,1.0,
34996,510417,1,2,6,5,25,1,1,1,51,1,low,0.5,
34997,510418,2,2,6,0,35,2,1,1,51,0,high,1.0,
34998,510419,4,6,6,1,60,1,1,1,51,1,high,0.6666666666666666,
34999,510420,1,1,6,0,45,1,1,1,51,0,high,1.0,
35000,510421,1,1,6,0,55,1,1,1,51,0,high,1.0,
35001,510422,1,4,6,0,55,3,1,1,51,0,low,0.25,
35002,510423,1,1,6,0,55,1,1,1,51,0,high,1.0,
35003,510424,1,5,6,4,45,1,1,1,51,0,low,0.2,
35004,510425,1,4,6,2,45,1,1,1,51,0,low,0.25,
35005,510426,1,2,6,0,45,1,1,1,51,0,low,0.5,
35006,510427,1,2,6,0,40,1,1,1,51,0,low,0.5,
35007,510428,1,3,5,5,45,1,1,1,51,0,low,0.3333333333333333,
35008,510429,1,2,5,5,45,1,1,1,51,0,low,0.5,
35009,510430,1,1,2,0,35,2,1,5,51,0,high,1.0,
35010,510431,1,2,7,0,55,2,1,2,51,1,low,0.5,
35011,510432,1,1,7,0,55,3,1,1,51,1,high,1.0,
35012,510433,2,2,7,0,60,1,1,1,51,0,high,1.0,
35013,510434,1,3,6,5,30,5,1,1,51,0,low,0.3333333333333333,
35014,510435,1,1,7,0,45,1,1,1,51,0,high,1.0,
35015,510436,1,6,7,0,45,2,1,1,51,0,low,0.16666666666666666,
35016,510437,1,3,6,7,55,1,1,1,51,0,low,0.3333333333333333,
35017,510438,1,2,7,0,60,1,1,1,51,0,low,0.5,
35018,510439,1,2,7,0,40,3,1,1,51,1,low,0.5,
35019,510440,1,1,7,0,45,2,1,1,51,1,high,1.0,
35020,510441,1,3,7,8,55,1,1,1,51,0,low,0.3333333333333333,
35021,510442,1,3,7,2,55,2,1,1,51,1,low,0.3333333333333333,
35022,510443,2,2,7,0,65,1,1,1,51,0,high,1.0,
35023,510444,1,2,7,7,35,1,1,1,51,0,low,0.5,
35024,510445,2,4,7,0,60,1,1,1,51,0,low,0.5,
35025,510446,1,1,7,0,55,2,1,1,51,1,high,1.0,
35026,510447,1,1,7,0,55,1,1,1,51,0,high,1.0,
35027,510448,1,3,7,4,35,1,1,1,51,0,low,0.3333333333333333,
35028,510449,1,1,7,0,45,1,1,1,51,1,high,1.0,
35029,510450,1,1,7,0,65,1,1,1,51,0,high,1.0,
35030,510451,1,3,7,0,55,2,1,1,51,1,low,0.3333333333333333,
35031,510452,1,3,7,2,55,4,1,1,51,0,low,0.3333333333333333,
35032,510453,1,1,7,0,45,1,1,1,51,0,high,1.0,
35033,510454,2,3,7,0,55,1,1,1,51,0,high,0.6666666666666666,
35034,510455,1,1,7,0,55,1,1,1,51,0,high,1.0,
35035,510456,1,5,7,7,55,2,1,1,51,1,low,0.2,
35036,510457,1,2,7,4,55,1,1,1,51,0,low,0.5,
35037,510458,1,2,7,0,65,1,1,1,51,1,low,0.5,
35038,510459,1,1,7,0,55,2,1,1,51,1,high,1.0,
35039,510460,1,2,7,2,25,1,1,1,51,0,low,0.5,
35040,510461,1,1,7,0,45,1,1,1,51,0,high,1.0,
35041,510462,1,2,7,0,30,3,1,1,51,0,low,0.5,
35042,510463,1,1,7,0,55,3,1,1,51,0,high,1.0,
35043,510464,1,5,7,0,65,1,1,1,51,0,low,0.2,
35044,510465,1,3,7,2,25,1,1,1,51,0,low,0.3333333333333333,
35045,510466,1,1,7,0,55,2,1,1,51,0,high,1.0,
35046,510467,1,1,7,0,55,5,1,1,51,0,high,1.0,
35047,510468,1,2,7,2,35,1,1,1,51,0,low,0.5,
35048,510469,1,1,7,0,55,2,1,1,51,0,high,1.0,
35049,510470,1,1,7,0,40,2,1,1,51,1,high,1.0,
35050,510471,1,5,7,2,45,1,1,1,51,0,low,0.2,
35051,510472,3,5,7,2,55,1,1,1,51,0,high,0.6,
35052,510473,1,3,7,0,45,2,1,1,51,0,low,0.3333333333333333,
35053,510474,1,2,7,0,45,5,1,1,51,1,low,0.5,
35054,510475,1,4,7,0,55,2,1,1,51,0,low,0.25,
35055,510476,1,1,7,0,55,2,1,1,51,0,high,1.0,
35056,510477,1,2,7,0,65,1,1,1,51,0,low,0.5,
35057,510478,1,2,7,0,25,3,1,2,51,0,low,0.5,
35058,510479,2,2,7,0,55,2,1,1,51,2,high,1.0,
35059,510480,1,1,7,0,35,2,1,1,51,0,high,1.0,
35060,510481,1,1,7,0,55,1,1,1,51,0,high,1.0,
35061,510482,1,2,7,0,25,3,1,1,51,1,low,0.5,
35062,510483,1,1,7,0,35,2,1,1,51,1,high,1.0,
35063,510484,1,2,7,0,55,1,1,1,51,0,low,0.5,
35064,510485,1,1,7,0,35,3,1,2,51,1,high,1.0,
35065,510486,1,1,7,0,55,1,1,2,51,0,high,1.0,
35066,510487,1,2,7,0,45,2,1,1,51,1,low,0.5,
35067,510488,1,1,7,0,55,1,1,1,51,0,high,1.0,
35068,510489,1,3,7,2,55,2,1,1,51,1,low,0.3333333333333333,
35069,510490,1,2,7,0,65,1,1,1,51,0,low,0.5,
35070,510491,1,2,7,0,55,1,1,1,51,0,low,0.5,
35071,510492,1,1,7,0,35,2,1,1,51,1,high,1.0,
35072,510493,1,1,7,0,55,1,1,1,51,1,high,1.0,
35073,510494,1,1,7,0,45,1,1,1,51,0,high,1.0,
35074,510495,1,3,7,1,45,3,1,1,51,1,low,0.3333333333333333,
35075,510496,1,2,7,2,55,1,1,1,51,0,low,0.5,
35076,510497,1,2,7,0,55,1,1,1,51,0,low,0.5,
35077,510498,1,1,7,0,45,1,2,2,51,0,high,1.0,
35078,510499,1,1,7,0,35,1,1,1,51,1,high,1.0,
35079,510500,4,5,7,0,25,3,1,1,51,5,high,0.8,
35080,510501,1,1,7,0,55,1,1,1,51,1,high,1.0,
35081,510502,1,2,7,0,35,3,1,1,51,1,low,0.5,
35082,510503,1,3,7,4,55,1,1,1,51,0,low,0.3333333333333333,
35083,510504,1,1,7,2,40,3,1,1,51,0,high,1.0,
35084,510505,1,1,8,0,65,2,1,1,51,1,high,1.0,
35085,510506,2,4,8,4,55,2,1,1,51,0,low,0.5,
35086,510507,1,3,8,2,45,1,1,1,51,0,low,0.3333333333333333,
35087,510508,1,4,8,2,45,1,1,1,51,0,low,0.25,
35088,510509,1,5,8,5,35,5,1,1,51,0,low,0.2,
35089,510510,1,2,8,2,55,1,1,1,51,0,low,0.5,
35090,510511,1,12,8,1,55,1,1,1,51,0,low,0.08333333333333333,
35091,510512,1,2,8,1,35,1,1,1,51,0,low,0.5,
35092,510513,1,1,8,1,65,1,1,1,51,1,high,1.0,
35093,510514,1,3,8,5,45,2,1,1,51,0,low,0.3333333333333333,
35094,510515,1,3,8,2,45,1,1,1,51,0,low,0.3333333333333333,
35095,510516,1,2,8,0,55,2,1,1,51,1,low,0.5,
35096,510517,1,4,8,5,65,1,1,1,51,0,low,0.25,
35097,510518,1,1,8,0,35,5,1,1,51,0,high,1.0,
35098,510519,1,2,8,0,55,2,1,1,51,0,low,0.5,
35099,510520,1,1,8,0,55,3,1,1,51,1,high,1.0,
35100,510521,1,4,8,5,65,2,1,1,51,1,low,0.25,
35101,510522,1,5,8,0,55,1,1,1,51,0,low,0.2,
35102,510523,1,1,8,0,65,1,1,1,51,0,high,1.0,
35103,510524,1,2,8,5,55,1,1,1,51,0,low,0.5,
35104,510525,1,1,8,0,55,1,1,1,51,0,high,1.0,
35105,510526,1,1,8,0,35,2,1,1,51,0,high,1.0,
35106,510527,1,6,8,4,45,1,1,1,51,0,low,0.16666666666666666,
35107,510528,1,2,8,5,55,1,1,1,51,1,low,0.5,
35108,510529,1,1,8,0,50,2,1,1,51,0,high,1.0,
35109,510530,1,3,8,4,55,1,1,1,51,0,low,0.3333333333333333,
35110,510531,1,4,8,5,55,2,1,1,51,0,low,0.25,
35111,510532,1,1,7,0,55,2,1,1,51,0,high,1.0,
35112,510533,1,1,7,0,55,2,1,1,51,1,high,1.0,
35113,510534,1,2,7,0,25,1,1,1,51,2,low,0.5,
35114,510535,1,3,5,0,35,2,1,1,51,1,low,0.3333333333333333,
35115,510536,1,3,5,7,65,1,1,1,51,0,low,0.3333333333333333,
35116,510537,1,2,3,0,55,1,1,1,51,1,low,0.5,
35117,510538,1,3,5,5,35,1,1,1,51,0,low,0.3333333333333333,
35118,510539,1,1,5,0,55,1,1,1,51,1,high,1.0,
35119,510540,1,1,6,0,55,1,1,1,51,0,high,1.0,
35120,510541,1,9,6,0,55,1,1,1,51,2,low,0.1111111111111111,
35121,510543,1,2,7,0,55,2,1,2,51,2,low,0.5,
35122,510544,1,1,8,0,55,1,1,1,51,0,high,1.0,
35123,510545,1,2,8,2,30,1,1,1,51,1,low,0.5,
35124,510546,1,1,8,0,35,3,1,1,51,1,high,1.0,
35125,510547,1,2,8,5,40,1,1,1,51,0,low,0.5,
35126,510548,1,2,8,2,45,1,1,1,51,1,low,0.5,
35127,510549,1,1,8,0,55,1,1,1,51,0,high,1.0,
35128,510550,1,1,8,0,45,1,1,1,51,1,high,1.0,
35129,510551,1,1,8,0,55,1,1,1,51,1,high,1.0,
35130,510552,2,6,8,0,55,2,1,1,51,0,low,0.3333333333333333,
35131,510553,1,4,8,0,55,5,1,1,51,0,low,0.25,
35132,510554,1,1,8,0,45,2,1,1,51,0,high,1.0,
35133,510555,1,1,8,0,65,1,1,1,51,1,high,1.0,
35134,510556,1,2,8,0,25,3,1,1,51,0,low,0.5,
35135,510557,1,1,8,0,55,1,1,1,51,0,high,1.0,
35136,510558,1,1,8,0,45,1,1,1,51,0,high,1.0,
35137,510559,2,4,8,2,45,1,1,1,51,0,low,0.5,
35138,510560,1,2,8,0,55,3,1,1,51,0,low,0.5,
35139,510561,3,5,8,1,55,1,1,1,51,0,high,0.6,
35140,510562,1,1,9,0,55,1,1,1,51,1,high,1.0,
35141,510563,1,2,8,0,55,2,1,1,51,1,low,0.5,
35142,510564,1,2,8,0,25,1,1,1,51,0,low,0.5,
35143,510565,1,1,8,0,55,2,1,1,51,0,high,1.0,
35144,510566,1,1,8,0,55,2,1,1,51,0,high,1.0,
35145,510567,1,1,8,0,35,3,1,1,51,1,high,1.0,
35146,510568,1,2,8,4,50,1,1,1,51,0,low,0.5,
35147,510569,1,2,8,0,65,2,1,1,51,1,low,0.5,
35148,510570,1,1,8,0,55,1,1,1,51,0,high,1.0,
35149,510571,1,2,8,4,30,1,1,1,51,0,low,0.5,
35150,510572,1,1,8,0,25,3,1,1,51,1,high,1.0,
35151,510573,1,1,8,0,45,2,1,1,51,1,high,1.0,
35152,510574,1,2,8,0,65,1,1,2,51,0,low,0.5,
35153,510575,1,2,8,0,55,2,1,1,51,0,low,0.5,
35154,510576,1,1,8,0,40,1,1,1,51,0,high,1.0,
35155,510577,1,1,8,0,45,2,1,1,51,1,high,1.0,
35156,510578,1,2,7,4,25,1,1,1,51,0,low,0.5,
35157,510579,1,1,8,0,60,2,1,1,51,0,high,1.0,
35158,510580,1,1,9,0,25,1,1,1,51,0,high,1.0,
35159,510581,2,4,9,5,60,1,1,1,51,0,low,0.5,
35160,510582,2,8,9,4,25,1,1,1,51,0,low,0.25,
35161,510583,1,1,9,0,60,2,1,1,51,0,high,1.0,
35162,510584,1,1,9,0,45,3,1,1,51,1,high,1.0,
35163,510585,3,6,9,0,55,1,1,1,51,0,low,0.5,
35164,510586,1,1,9,0,50,3,1,1,51,1,high,1.0,
35165,510587,2,2,9,0,55,1,1,1,51,0,high,1.0,
35166,510588,1,4,7,4,25,1,1,1,51,0,low,0.25,
35167,510589,1,2,9,0,45,1,1,1,51,1,low,0.5,
35168,510590,2,3,9,1,60,2,1,1,51,2,high,0.6666666666666666,
35169,510591,1,1,9,0,40,2,1,1,51,1,high,1.0,
35170,510592,1,1,9,0,65,1,1,1,51,0,high,1.0,
35171,510593,1,2,9,0,60,1,1,1,51,0,low,0.5,
35172,510594,1,3,9,5,45,3,1,1,51,1,low,0.3333333333333333,
35173,510595,1,2,9,5,25,1,1,1,51,0,low,0.5,
35174,510596,1,3,9,2,65,2,1,1,51,1,low,0.3333333333333333,
35175,510597,1,2,9,0,55,1,1,1,51,0,low,0.5,
35176,510598,1,2,9,0,55,2,1,1,51,1,low,0.5,
35177,510599,1,1,9,0,35,2,1,1,51,0,high,1.0,
35178,510600,2,2,9,0,25,1,1,1,51,1,high,1.0,
35179,510601,1,1,9,0,35,1,1,1,51,1,high,1.0,
35180,510602,1,1,9,0,30,3,1,1,51,0,high,1.0,
35181,510603,1,2,9,1,55,2,1,1,51,1,low,0.5,
35182,510604,1,1,9,0,55,1,1,1,51,0,high,1.0,
35183,510605,1,1,9,0,45,2,1,1,51,1,high,1.0,
35184,510606,1,3,9,4,35,2,1,1,51,0,low,0.3333333333333333,
35185,510607,1,2,9,0,35,3,1,1,51,1,low,0.5,
35186,510608,1,2,9,0,55,2,1,1,51,0,low,0.5,
35187,510609,2,4,9,0,45,2,5,2,51,2,low,0.5,
35188,510610,1,1,9,0,55,2,2,2,51,1,high,1.0,
35189,510611,1,6,9,0,35,1,1,1,51,0,low,0.16666666666666666,
35190,510612,1,1,9,0,55,1,1,1,51,1,high,1.0,
35191,510613,1,2,9,0,50,1,1,1,51,0,low,0.5,
35192,510614,1,3,9,5,55,1,2,2,51,0,low,0.3333333333333333,
35193,510615,1,2,9,0,55,2,2,2,51,1,low,0.5,
35194,510616,1,2,9,0,45,1,1,1,51,1,low,0.5,
35195,510617,1,1,9,0,55,2,1,1,51,1,high,1.0,
35196,510618,1,1,9,0,45,2,1,1,51,0,high,1.0,
35197,510619,1,4,9,0,55,2,1,1,51,1,low,0.25,
35198,510620,1,2,9,4,35,5,1,1,51,0,low,0.5,
35199,510621,1,1,9,0,45,3,1,1,51,1,high,1.0,
35200,510622,1,6,9,1,50,1,1,1,51,0,low,0.16666666666666666,
35201,510623,1,1,9,0,65,2,1,1,51,0,high,1.0,
35202,510624,1,4,9,5,40,3,1,1,51,1,low,0.25,
35203,510625,1,3,9,2,55,1,1,1,51,0,low,0.3333333333333333,
35204,510626,1,1,9,0,55,2,1,1,51,0,high,1.0,
35205,510627,1,1,9,0,55,2,1,1,51,1,high,1.0,
35206,510628,1,2,9,0,55,1,1,1,51,1,low,0.5,
35207,510629,1,1,9,0,45,1,1,1,51,1,high,1.0,
35208,510630,1,1,9,0,55,2,1,1,51,1,high,1.0,
35209,510631,1,1,9,0,55,1,1,1,51,1,high,1.0,
35210,510632,1,3,9,5,55,2,1,1,51,0,low,0.3333333333333333,
35211,510633,1,3,9,0,55,1,1,1,51,0,low,0.3333333333333333,
35212,510634,1,1,9,0,45,1,1,1,51,1,high,1.0,
35213,510635,1,2,9,2,55,1,5,1,51,0,low,0.5,
35214,510636,1,1,9,0,55,1,1,1,51,1,high,1.0,
35215,510637,1,2,9,2,55,1,1,1,51,0,low,0.5,
35216,510638,1,1,9,0,55,1,1,1,51,0,high,1.0,
35217,510639,1,2,9,0,55,3,2,2,51,0,low,0.5,
35218,510640,1,1,9,0,55,1,1,1,51,0,high,1.0,
35219,510641,1,1,9,0,45,2,1,1,51,1,high,1.0,
35220,510642,1,2,9,7,55,3,1,1,51,1,low,0.5,
35221,510643,1,1,9,0,55,2,1,1,51,0,high,1.0,
35222,510644,1,2,9,0,45,1,1,1,51,1,low,0.5,
35223,510645,1,1,9,0,25,2,1,1,51,0,high,1.0,
35224,510646,1,1,9,0,55,2,1,1,51,1,high,1.0,
35225,510647,2,4,9,0,55,1,1,1,51,1,low,0.5,
35226,510648,1,1,9,0,45,3,1,1,51,1,high,1.0,
35227,510649,1,2,9,0,55,2,1,1,51,0,low,0.5,
35228,510650,1,1,9,0,35,5,1,1,51,1,high,1.0,
35229,510651,1,1,9,0,55,2,1,1,51,1,high,1.0,
35230,510652,1,1,9,0,45,2,1,1,51,0,high,1.0,
35231,510653,1,2,9,1,55,1,1,1,51,0,low,0.5,
35232,510654,1,5,9,1,55,2,1,1,51,0,low,0.2,
35233,510655,1,2,9,4,45,1,1,1,51,0,low,0.5,
35234,510656,1,3,9,0,55,1,1,1,51,0,low,0.3333333333333333,
35235,510657,2,3,9,4,55,4,1,1,51,0,high,0.6666666666666666,
35236,510658,1,1,9,0,55,2,1,1,51,0,high,1.0,
35237,510659,1,2,9,0,25,2,1,1,51,2,low,0.5,
35238,510660,1,2,9,4,45,1,1,1,51,0,low,0.5,
35239,510661,1,2,9,1,65,1,1,1,51,1,low,0.5,
35240,510662,1,5,7,0,25,3,1,1,51,0,low,0.2,
35241,510663,1,2,7,5,35,1,1,1,51,0,low,0.5,
35242,510664,1,2,7,5,45,1,1,1,51,0,low,0.5,
35243,510665,1,2,7,0,55,1,1,1,51,0,low,0.5,
35244,510666,1,1,7,0,45,1,1,1,51,0,high,1.0,
35245,510667,1,2,7,0,65,1,1,1,51,0,low,0.5,
35246,510668,6,8,7,5,60,1,1,1,51,0,high,0.75,
35247,510669,1,3,9,0,45,1,5,2,51,0,low,0.3333333333333333,
35248,510670,1,3,9,5,35,2,1,1,51,0,low,0.3333333333333333,
35249,510671,1,2,9,0,35,1,2,2,51,0,low,0.5,
35250,510672,1,1,9,0,60,2,1,1,51,0,high,1.0,
35251,510673,1,7,10,5,55,1,1,1,51,0,low,0.14285714285714285,