,ST_CASE,FATALS,PERSONS,MONTH,MAN_COLL,SP_LIMIT,LGT_COND,WEATHER,SUR_COND,STATE,DRUNK_DR,rate,rate_numerical,arrival_time
35653,530138,1,2,4,5,30,1,1,1,53,1,low,0.5,
35654,530139,1,2,3,0,35,5,1,1,53,0,low,0.5,
35655,530140,1,2,4,0,35,2,1,1,53,2,low,0.5,
35656,530141,1,3,4,0,55,1,1,1,53,0,low,0.3333333333333333,
35657,530142,1,4,5,5,35,1,1,1,53,0,low,0.25,
35658,530143,1,1,2,0,40,2,2,2,53,0,high,1.0,
35659,530144,1,4,4,4,55,1,1,1,53,0,low,0.25,
35660,530146,1,4,5,4,55,1,1,1,53,0,low,0.25,
35661,530147,1,2,5,0,40,1,1,1,53,0,low,0.5,
35662,530148,1,1,5,0,60,2,1,1,53,0,high,1.0,
35663,530149,1,1,5,0,40,1,1,2,53,1,high,1.0,
35664,530150,1,2,5,0,45,1,1,1,53,0,low,0.5,
35665,530151,1,4,4,5,40,2,2,2,53,1,low,0.25,
35666,530152,1,1,4,0,55,2,1,2,53,1,high,1.0,
35667,530153,1,2,4,0,40,2,1,2,53,1,low,0.5,
35668,530154,2,4,5,0,50,1,1,1,53,0,low,0.5,
35669,530155,1,1,5,0,60,2,1,2,53,0,high,1.0,
35670,530156,1,2,2,2,25,3,1,1,53,1,low,0.5,
35671,530157,1,1,3,0,35,3,2,2,53,1,high,1.0,
35672,530158,1,2,5,0,35,1,1,1,53,0,low,0.5,
35673,530159,1,1,5,0,45,1,1,1,53,0,high,1.0,
35674,530160,1,3,5,11,60,1,1,1,53,0,low,0.3333333333333333,
35675,530161,1,4,5,5,55,1,1,1,53,0,low,0.25,
35676,530163,1,2,5,4,25,1,1,1,53,1,low,0.5,
35677,530164,1,2,5,0,25,2,1,1,53,2,low,0.5,
35678,530165,1,2,5,2,55,1,1,1,53,0,low,0.5,
35679,530166,1,5,5,0,25,5,1,1,53,0,low,0.2,
35680,530167,1,5,5,1,40,3,1,1,53,1,low,0.2,
35681,530168,1,2,5,5,45,1,1,1,53,0,low,0.5,
35682,530169,1,2,5,5,35,1,1,1,53,1,low,0.5,
35683,530170,3,5,5,2,65,2,1,1,53,1,high,0.6,
35684,530171,1,2,5,0,99,1,1,1,53,1,low,0.5,
35685,530172,1,1,5,0,60,1,1,1,53,0,high,1.0,
35686,530173,1,1,2,0,35,2,1,1,53,1,high,1.0,
35687,530174,1,2,4,0,40,1,1,1,53,0,low,0.5,
35688,530175,1,1,5,1,60,1,1,1,53,0,high,1.0,
35689,530176,1,5,5,4,50,1,9,1,53,1,low,0.2,
35690,530177,1,1,5,0,60,2,1,1,53,1,high,1.0,
35691,530178,1,2,5,0,40,1,1,1,53,0,low,0.5,
35692,530179,1,1,5,0,50,2,1,1,53,0,high,1.0,
35693,530180,1,2,5,0,0,1,1,1,53,0,low,0.5,
35694,530181,3,3,5,0,35,3,2,2,53,2,high,1.0,
35695,530182,1,1,5,0,50,1,1,1,53,1,high,1.0,
35696,530183,1,2,5,0,35,1,1,1,53,0,low,0.5,
35697,530184,1,1,5,0,0,1,1,1,53,0,high,1.0,
35698,530185,1,5,5,1,50,3,1,1,53,1,low,0.2,
35699,530186,1,3,5,1,35,3,1,1,53,0,low,0.3333333333333333,
35700,530187,2,3,5,5,55,1,1,1,53,0,high,0.6666666666666666,
35701,530188,1,1,5,0,50,1,1,1,53,0,high,1.0,
35702,530189,1,3,5,5,50,1,1,1,53,0,low,0.3333333333333333,
35703,530190,1,1,5,0,45,1,1,1,53,0,high,1.0,
35704,530191,5,6,6,2,60,1,1,1,53,0,high,0.8333333333333334,
35705,530192,1,2,6,2,60,1,1,1,53,0,low,0.5,
35706,530193,1,1,5,0,35,2,2,2,53,1,high,1.0,
35707,530194,1,6,5,4,35,3,1,2,53,0,low,0.16666666666666666,
35708,530195,1,2,6,4,50,1,1,1,53,0,low,0.5,
35709,530196,1,1,5,0,50,1,2,2,53,0,high,1.0,
35710,530197,1,2,5,0,25,1,1,1,53,0,low,0.5,
35711,530198,1,5,5,1,55,1,1,1,53,0,low,0.2,
35712,530199,1,1,6,1,25,1,1,1,53,0,high,1.0,
35713,530200,1,2,6,5,50,1,1,1,53,0,low,0.5,
35714,530201,1,2,6,0,0,1,1,9,53,0,low,0.5,
35715,530202,1,3,6,0,25,3,1,1,53,1,low,0.3333333333333333,
35716,530203,1,3,6,5,25,5,1,1,53,0,low,0.3333333333333333,
35717,530204,1,4,5,1,55,1,1,1,53,0,low,0.25,
35718,530205,1,1,6,0,50,1,1,1,53,0,high,1.0,
35719,530206,1,3,6,4,55,1,1,2,53,1,low,0.3333333333333333,
35720,530207,2,3,6,5,45,5,1,1,53,1,high,0.6666666666666666,
35721,530208,1,4,6,8,55,1,1,1,53,0,low,0.25,
35722,530209,1,3,6,0,35,1,1,1,53,0,low,0.3333333333333333,
35723,530210,1,3,6,4,35,1,1,2,53,1,low,0.3333333333333333,
35724,530211,1,3,6,4,30,1,1,1,53,0,low,0.3333333333333333,
35725,530212,1,2,6,1,55,1,1,1,53,1,low,0.5,
35726,530213,1,3,6,8,35,1,1,1,53,0,low,0.3333333333333333,
35727,530214,1,1,6,0,35,1,1,1,53,1,high,1.0,
35728,530215,1,2,6,2,50,5,2,2,53,0,low,0.5,
35729,530216,1,2,6,2,50,1,1,1,53,1,low,0.5,
35730,530217,1,2,6,0,70,1,1,1,53,0,low,0.5,
35731,530218,1,2,6,8,50,1,1,1,53,1,low,0.5,
35732,530219,1,1,6,0,55,2,1,1,53,0,high,1.0,
35733,530220,1,2,6,5,30,1,1,1,53,0,low,0.5,
35734,530221,1,2,6,0,40,2,1,1,53,2,low,0.5,
35735,530222,1,8,6,0,25,4,1,1,53,1,low,0.125,
35736,530223,1,6,6,4,35,1,1,2,53,1,low,0.16666666666666666,
35737,530224,1,1,6,0,60,1,2,2,53,0,high,1.0,
35738,530225,1,1,6,0,30,5,1,1,53,1,high,1.0,
35739,530226,1,3,6,5,25,1,1,1,53,0,low,0.3333333333333333,
35740,530227,1,1,6,0,55,1,1,1,53,0,high,1.0,
35741,530228,1,2,6,0,50,1,1,1,53,0,low,0.5,
35742,530229,1,6,6,3,50,1,1,1,53,0,low,0.16666666666666666,
35743,530230,1,3,6,8,55,1,1,1,53,0,low,0.3333333333333333,
35744,530231,1,3,6,7,70,1,1,1,53,0,low,0.3333333333333333,
35745,530232,1,1,6,0,55,2,1,1,53,1,high,1.0,
35746,530233,1,1,6,0,35,3,1,1,53,1,high,1.0,
35747,530234,1,4,6,0,60,1,1,1,53,0,low,0.25,
35748,530235,1,3,6,0,35,3,1,1,53,1,low,0.3333333333333333,
35749,530236,1,3,6,2,50,1,1,1,53,0,low,0.3333333333333333,
35750,530237,1,3,6,1,60,1,2,2,53,0,low,0.3333333333333333,
35751,530238,1,1,6,0,50,2,1,1,53,1,high,1.0,
35752,530239,1,2,6,2,40,3,1,1,53,1,low,0.5,
35753,530240,1,3,6,0,70,2,1,1,53,0,low,0.3333333333333333,
35754,530241,1,4,6,0,60,2,1,1,53,1,low,0.25,
35755,530242,1,1,6,0,99,1,1,1,53,0,high,1.0,
35756,530243,2,5,6,5,60,1,1,1,53,0,low,0.4,
35757,530244,1,2,4,0,25,5,1,1,53,0,low,0.5,
35758,530245,1,3,4,2,55,5,1,1,53,0,low,0.3333333333333333,
35759,530246,1,4,6,5,50,1,1,1,53,0,low,0.25,
35760,530247,2,3,6,5,30,3,1,1,53,2,high,0.6666666666666666,
35761,530248,1,2,5,5,25,1,1,1,53,0,low,0.5,
35762,530249,1,1,7,0,45,1,1,1,53,1,high,1.0,
35763,530250,1,1,7,5,25,2,1,1,53,1,high,1.0,
35764,530251,1,2,7,1,60,1,1,1,53,0,low,0.5,
35765,530252,1,2,7,0,30,1,1,1,53,0,low,0.5,
35766,530253,1,4,7,5,60,1,1,1,53,0,low,0.25,
35767,530254,1,3,7,0,35,1,1,1,53,0,low,0.3333333333333333,
35768,530255,1,2,4,5,45,1,1,2,53,0,low,0.5,
35769,530256,1,3,5,0,60,3,2,2,53,0,low,0.3333333333333333,
35770,530257,1,8,7,1,35,1,1,1,53,0,low,0.125,
35771,530258,1,1,7,0,70,1,1,1,53,0,high,1.0,
35772,530259,1,3,7,0,50,2,1,1,53,1,low,0.3333333333333333,
35773,530260,3,3,7,0,60,2,1,1,53,2,high,1.0,
35774,530261,1,3,7,2,55,2,1,1,53,2,low,0.3333333333333333,
35775,530262,1,1,7,0,60,1,1,1,53,0,high,1.0,
35776,530263,1,1,4,0,50,2,1,1,53,1,high,1.0,
35777,530264,1,1,6,0,35,1,1,1,53,1,high,1.0,
35778,530265,1,1,6,0,35,1,1,1,53,1,high,1.0,
35779,530266,1,1,7,0,50,5,1,1,53,1,high,1.0,
35780,530267,1,9,6,5,45,1,1,1,53,0,low,0.1111111111111111,
35781,530268,1,1,7,0,60,3,1,1,53,1,high,1.0,
35782,530269,1,2,7,0,35,4,1,1,53,1,low,0.5,
35783,530270,1,2,7,0,50,2,1,1,53,2,low,0.5,
35784,530271,2,2,7,0,35,3,1,1,53,2,high,1.0,
35785,530272,1,1,7,0,45,1,1,1,53,1,high,1.0,
35786,530273,1,5,7,0,60,1,1,1,53,0,low,0.2,
35787,530274,1,1,7,0,45,1,1,1,53,0,high,1.0,
35788,530275,1,1,7,0,25,1,1,1,53,0,high,1.0,
35789,530276,1,3,7,0,50,2,1,1,53,0,low,0.3333333333333333,
35790,530277,1,1,1,0,30,1,1,2,53,0,high,1.0,
35791,530278,1,2,7,0,40,1,1,1,53,0,low,0.5,
35792,530279,1,3,7,0,35,2,1,1,53,0,low,0.3333333333333333,
35793,530280,1,1,7,0,50,1,1,1,53,1,high,1.0,
35794,530281,1,2,7,0,50,1,1,1,53,1,low,0.5,
35795,530282,1,10,7,5,55,1,1,1,53,0,low,0.1,
35796,530283,1,3,7,0,40,3,1,1,53,0,low,0.3333333333333333,
35797,530284,2,3,7,2,60,1,1,1,53,0,high,0.6666666666666666,
35798,530285,1,16,7,1,30,1,1,1,53,0,low,0.0625,
35799,530286,1,5,7,8,60,1,1,2,53,0,low,0.2,
35800,530287,1,3,7,3,50,1,1,1,53,1,low,0.3333333333333333,
35801,530288,1,2,7,0,50,5,1,1,53,1,low,0.5,
35802,530289,1,2,7,2,60,1,1,1,53,0,low,0.5,
35803,530290,1,3,7,0,25,1,1,1,53,1,low,0.3333333333333333,
35804,530291,1,3,7,0,60,1,1,1,53,0,low,0.3333333333333333,
35805,530292,1,2,7,0,60,1,1,1,53,0,low,0.5,
35806,530293,1,2,7,2,40,2,1,1,53,1,low,0.5,
35807,530294,1,2,7,1,55,1,1,1,53,0,low,0.5,
35808,530295,1,1,7,0,45,1,1,1,53,1,high,1.0,
35809,530296,1,3,7,0,25,3,2,2,53,2,low,0.3333333333333333,
35810,530297,1,1,7,0,70,1,1,1,53,1,high,1.0,
35811,530298,1,1,7,0,55,1,1,1,53,0,high,1.0,
35812,530299,1,3,7,2,60,1,1,1,53,0,low,0.3333333333333333,
35813,530300,1,4,7,2,65,1,1,1,53,1,low,0.25,
35814,530301,1,3,7,5,30,1,1,1,53,0,low,0.3333333333333333,
35815,530302,1,3,7,2,55,1,1,1,53,2,low,0.3333333333333333,
35816,530303,1,2,7,0,50,2,1,1,53,0,low,0.5,
35817,530304,1,2,7,0,30,5,1,1,53,1,low,0.5,
35818,530305,1,1,7,0,35,1,1,1,53,1,high,1.0,
35819,530306,2,2,7,0,50,2,1,1,53,0,high,1.0,
35820,530307,1,1,7,1,55,1,1,1,53,1,high,1.0,
35821,530308,2,3,7,2,50,1,1,1,53,1,high,0.6666666666666666,
35822,530309,1,2,8,1,50,1,1,1,53,1,low,0.5,
35823,530310,1,8,8,5,35,1,1,1,53,0,low,0.125,
35824,530311,1,3,8,1,35,1,1,1,53,0,low,0.3333333333333333,
35825,530312,1,7,8,5,45,3,1,1,53,1,low,0.14285714285714285,
35826,530313,1,4,8,4,60,1,1,1,53,0,low,0.25,
35827,530314,1,1,8,0,60,3,1,1,53,1,high,1.0,
35828,530315,1,3,8,2,55,1,1,1,53,0,low,0.3333333333333333,
35829,530316,1,4,8,5,60,1,1,1,53,0,low,0.25,
35830,530317,1,2,8,0,30,3,1,1,53,0,low,0.5,
35831,530318,1,2,8,0,55,3,1,1,53,1,low,0.5,
35832,530319,1,1,8,0,50,1,1,1,53,0,high,1.0,
35833,530320,1,2,8,7,50,2,1,1,53,0,low,0.5,
35834,530321,1,3,7,2,55,1,1,1,53,1,low,0.3333333333333333,
35835,530322,1,1,8,0,70,1,1,1,53,0,high,1.0,
35836,530323,1,2,8,2,50,1,1,1,53,0,low,0.5,
35837,530324,1,2,8,0,25,1,1,5,53,2,low,0.5,
35838,530325,1,2,8,4,45,2,1,1,53,1,low,0.5,
35839,530326,1,2,8,7,50,1,1,1,53,1,low,0.5,
35840,530327,1,2,8,5,25,1,1,1,53,0,low,0.5,
35841,530328,1,1,8,0,50,1,1,1,53,0,high,1.0,
35842,530329,1,2,8,0,99,2,1,1,53,1,low,0.5,
35843,530331,1,2,8,0,60,1,1,1,53,0,low,0.5,
35844,530332,1,2,8,0,55,2,2,2,53,1,low,0.5,
35845,530333,1,1,8,0,40,2,1,2,53,0,high,1.0,
35846,530334,1,1,8,0,45,1,1,1,53,0,high,1.0,
35847,530335,1,1,8,0,40,1,1,1,53,0,high,1.0,
35848,530336,1,1,8,0,50,1,1,1,53,0,high,1.0,
35849,530337,1,1,8,0,50,2,1,1,53,1,high,1.0,
35850,530338,1,2,8,2,45,1,1,1,53,1,low,0.5,
35851,530339,1,1,8,0,60,2,1,1,53,1,high,1.0,
35852,530340,1,1,8,0,55,1,1,1,53,0,high,1.0,
35853,530341,1,2,8,0,55,3,1,1,53,1,low,0.5,
35854,530342,1,3,8,5,35,3,1,1,53,0,low,0.3333333333333333,
35855,530343,1,2,8,5,35,1,1,1,53,1,low,0.5,
35856,530344,1,3,8,2,50,1,1,1,53,0,low,0.3333333333333333,
35857,530345,1,2,8,2,55,1,1,1,53,1,low,0.5,
35858,530346,1,4,8,0,35,1,1,1,53,0,low,0.25,
35859,530347,1,1,8,0,35,1,1,1,53,0,high,1.0,
35860,530348,1,6,8,2,60,1,1,1,53,0,low,0.16666666666666666,
35861,530349,1,2,8,5,99,1,1,1,53,0,low,0.5,
35862,530350,1,1,8,0,40,2,1,1,53,1,high,1.0,
35863,530351,1,2,7,2,60,2,1,1,53,1,low,0.5,
35864,530352,1,2,8,8,30,1,1,1,53,0,low,0.5,
35865,530353,1,2,8,0,50,2,1,1,53,0,low,0.5,
35866,530354,1,7,8,2,65,1,1,1,53,0,low,0.14285714285714285,
35867,530355,1,2,9,1,45,1,1,1,53,1,low,0.5,
35868,530356,1,3,9,0,0,1,1,1,53,2,low,0.3333333333333333,
35869,530357,1,2,9,5,35,5,1,1,53,0,low,0.5,
35870,530358,1,2,9,0,55,1,1,1,53,0,low,0.5,
35871,530359,1,2,9,2,35,1,1,1,53,0,low,0.5,
35872,530360,1,1,9,0,50,1,1,1,53,1,high,1.0,
35873,530361,1,2,9,0,45,1,1,1,53,0,low,0.5,
35874,530362,1,1,9,0,55,1,1,1,53,1,high,1.0,
35875,530363,1,1,9,0,50,1,1,1,53,1,high,1.0,
35876,530364,1,2,9,0,35,3,1,1,53,0,low,0.5,
35877,530365,1,3,9,0,60,2,1,1,53,0,low,0.3333333333333333,
35878,530366,1,1,9,0,99,2,1,1,53,1,high,1.0,
35879,530367,1,1,9,0,50,2,1,1,53,1,high,1.0,
35880,530368,1,1,9,0,50,4,1,1,53,1,high,1.0,
35881,530369,1,1,9,0,55,2,1,1,53,1,high,1.0,
35882,530370,1,1,9,0,99,1,1,1,53,0,high,1.0,
35883,530371,1,2,9,0,35,1,1,1,53,0,low,0.5,
35884,530372,1,3,9,0,35,3,1,1,53,2,low,0.3333333333333333,
35885,530374,1,1,9,0,60,3,1,1,53,1,high,1.0,
35886,530375,1,6,9,0,55,2,1,1,53,0,low,0.16666666666666666,
35887,530376,1,1,9,0,50,2,1,1,53,1,high,1.0,
35888,530377,1,5,9,4,35,1,1,1,53,0,low,0.2,
35889,530378,1,3,9,5,55,1,1,1,53,1,low,0.3333333333333333,
35890,530379,1,3,9,0,30,1,1,1,53,0,low,0.3333333333333333,
35891,530380,1,3,9,5,55,5,1,1,53,1,low,0.3333333333333333,
35892,530381,1,2,7,0,15,1,1,1,53,2,low,0.5,
35893,530382,1,2,9,0,40,1,1,1,53,0,low,0.5,
35894,530383,1,2,9,1,40,1,1,1,53,1,low,0.5,
35895,530384,1,2,9,2,50,2,1,1,53,1,low,0.5,
35896,530385,1,3,9,0,55,3,1,1,53,1,low,0.3333333333333333,
35897,530386,1,4,9,2,50,1,1,1,53,0,low,0.25,
35898,530387,1,1,9,0,60,3,1,1,53,1,high,1.0,
35899,530388,1,2,9,1,60,1,1,1,53,0,low,0.5,
35900,530389,1,3,8,5,55,1,1,1,53,0,low,0.3333333333333333,
35901,530390,1,3,9,2,35,3,1,1,53,1,low,0.3333333333333333,
35902,530391,1,2,9,0,60,3,1,1,53,1,low,0.5,
35903,530392,1,1,9,0,50,2,1,1,53,1,high,1.0,
35904,530393,1,4,9,5,40,3,1,1,53,1,low,0.25,
35905,530394,1,3,9,5,50,1,1,1,53,0,low,0.3333333333333333,
35906,530395,1,2,9,0,30,2,1,1,53,2,low,0.5,
35907,530396,1,2,5,2,25,1,1,1,53,2,low,0.5,
35908,530397,1,2,9,0,25,3,2,2,53,1,low,0.5,
35909,530399,1,4,10,5,70,4,1,2,53,0,low,0.25,
35910,530400,1,2,10,1,35,3,2,2,53,1,low,0.5,
35911,530401,1,1,10,0,60,1,1,1,53,1,high,1.0,
35912,530402,2,5,10,5,60,1,1,1,53,0,low,0.4,
35913,530403,1,2,1,0,35,1,1,3,53,0,low,0.5,
35914,530404,1,2,10,2,65,1,1,1,53,1,low,0.5,
35915,530405,2,6,10,1,60,1,1,1,53,0,low,0.3333333333333333,
35916,530406,1,1,10,0,50,2,1,1,53,1,high,1.0,
35917,530407,1,3,10,0,50,2,1,1,53,2,low,0.3333333333333333,
35918,530408,1,3,10,2,60,3,1,1,53,2,low,0.3333333333333333,
35919,530409,1,2,10,3,50,4,2,2,53,0,low,0.5,
35920,530410,1,1,10,0,70,1,1,1,53,0,high,1.0,
35921,530411,1,3,10,0,35,3,1,2,53,0,low,0.3333333333333333,
35922,530412,1,5,10,0,65,2,2,2,53,1,low,0.2,
35923,530413,1,1,10,0,35,2,1,1,53,1,high,1.0,
35924,530414,1,1,10,0,25,3,1,1,53,1,high,1.0,
35925,530415,2,3,10,0,55,2,1,1,53,2,high,0.6666666666666666,
35926,530416,1,2,10,0,60,2,1,1,53,1,low,0.5,
35927,530417,1,3,10,0,60,2,2,2,53,0,low,0.3333333333333333,
35928,530418,2,2,10,0,55,2,1,2,53,2,high,1.0,
35929,530419,1,3,3,5,35,1,1,1,53,0,low,0.3333333333333333,
35930,530420,1,2,5,0,99,1,1,1,53,0,low,0.5,
35931,530421,1,11,10,2,55,1,1,1,53,0,low,0.09090909090909091,
35932,530422,1,2,10,0,50,1,1,1,53,1,low,0.5,
35933,530423,1,1,10,0,35,2,1,2,53,0,high,1.0,
35934,530424,1,1,10,0,35,3,2,2,53,1,high,1.0,
35935,530425,1,1,10,0,40,3,3,2,53,1,high,1.0,
35936,530426,1,2,10,0,40,1,1,1,53,1,low,0.5,
35937,530427,1,1,10,0,50,1,1,2,53,1,high,1.0,
35938,530428,1,1,10,0,35,2,2,2,53,1,high,1.0,
35939,530429,1,2,10,0,60,2,1,1,53,0,low,0.5,
35940,530430,1,1,10,0,25,2,1,1,53,1,high,1.0,
35941,530431,1,1,10,0,60,2,1,1,53,1,high,1.0,
35942,530432,1,2,10,2,50,3,1,1,53,1,low,0.5,
35943,530433,1,1,10,0,40,2,1,1,53,1,high,1.0,
35944,530434,1,2,10,0,25,3,1,1,53,0,low,0.5,
35945,530435,1,2,10,2,55,1,1,1,53,1,low,0.5,
35946,530436,1,1,10,99,99,3,1,1,53,1,high,1.0,
35947,530437,1,1,11,0,45,2,1,1,53,0,high,1.0,
35948,530438,1,1,11,0,50,1,1,1,53,0,high,1.0,
35949,530439,1,1,11,0,55,1,1,1,53,0,high,1.0,
35950,530440,1,2,11,5,55,2,1,1,53,0,low,0.5,
35951,530441,1,2,10,4,40,1,1,1,53,1,low,0.5,
35952,530442,1,1,11,0,45,2,5,2,53,1,high,1.0,
35953,530443,1,1,11,0,50,2,5,2,53,1,high,1.0,
35954,530444,2,2,10,0,30,3,1,1,53,2,high,1.0,
35955,530445,1,2,10,4,65,1,1,1,53,0,low,0.5,
35956,530446,1,2,10,0,50,1,1,1,53,0,low,0.5,
35957,530447,1,2,11,0,30,1,1,1,53,0,low,0.5,
35958,530448,1,2,11,0,25,3,1,1,53,0,low,0.5,
35959,530449,1,5,11,5,50,1,2,2,53,0,low,0.2,
35960,530450,1,3,10,0,35,3,1,1,53,1,low,0.3333333333333333,
35961,530451,1,1,10,0,40,3,1,1,53,1,high,1.0,
35962,530452,1,3,12,0,35,3,1,1,53,0,low,0.3333333333333333,
35963,530453,1,1,11,0,35,3,2,2,53,1,high,1.0,
35964,530454,1,2,11,0,50,2,2,2,53,0,low,0.5,
35965,530455,1,2,11,0,70,1,1,1,53,0,low,0.5,
35966,530456,1,3,11,2,45,2,1,2,53,1,low,0.3333333333333333,
35967,530457,1,2,11,0,50,1,1,1,53,1,low,0.5,
35968,530458,1,1,11,0,25,1,1,1,53,0,high,1.0,
35969,530459,1,2,11,0,30,3,1,1,53,0,low,0.5,
35970,530460,1,1,11,0,40,1,1,1,53,0,high,1.0,
35971,530461,1,2,11,4,55,3,1,1,53,1,low,0.5,
35972,530462,1,1,11,0,50,2,1,2,53,1,high,1.0,
35973,530463,1,2,11,0,60,3,1,2,53,1,low,0.5,
35974,530464,1,4,11,0,25,3,2,2,53,1,low,0.25,
35975,530465,1,2,11,0,65,2,2,2,53,0,low,0.5,
35976,530466,1,2,6,2,25,1,1,1,53,0,low,0.5,
35977,530467,1,3,11,0,30,3,1,1,53,0,low,0.3333333333333333,
35978,530468,1,2,11,0,25,1,5,8,53,0,low,0.5,
35979,530469,1,2,11,0,25,3,1,1,53,2,low,0.5,
35980,530470,1,2,11,0,50,1,1,1,53,0,low,0.5,
35981,530471,1,1,11,0,35,2,1,1,53,1,high,1.0,
35982,530472,1,2,11,0,35,3,1,1,53,1,low,0.5,
35983,530473,1,1,11,0,45,2,1,1,53,1,high,1.0,
35984,530474,1,3,11,2,70,3,1,1,53,0,low,0.3333333333333333,
35985,530475,1,3,11,5,60,3,1,1,53,0,low,0.3333333333333333,
35986,530476,1,5,11,2,99,3,1,1,53,0,low,0.2,
35987,530477,1,2,11,0,70,1,1,4,53,0,low,0.5,
35988,530478,1,1,10,0,35,2,1,1,53,1,high,1.0,
35989,530479,1,2,11,0,35,2,1,1,53,2,low,0.5,
35990,530480,1,2,11,0,35,2,1,1,53,0,low,0.5,
35991,530481,1,3,11,5,50,2,1,1,53,0,low,0.3333333333333333,
35992,530482,1,2,11,0,50,1,1,1,53,0,low,0.5,
35993,530483,2,2,11,0,50,2,1,1,53,2,high,1.0,
35994,530484,1,2,11,0,50,2,4,3,53,0,low,0.5,
35995,530485,1,2,11,0,45,3,1,1,53,0,low,0.5,
35996,530486,1,2,11,5,99,1,1,2,53,0,low,0.5,
35997,530487,1,5,12,5,50,5,4,3,53,0,low,0.2,
35998,530488,1,4,7,1,45,1,1,1,53,0,low,0.25,
35999,530489,1,3,7,3,30,1,1,1,53,0,low,0.3333333333333333,
36000,530490,1,1,12,0,50,2,1,2,53,1,high,1.0,
36001,530491,2,3,12,2,55,2,2,2,53,2,high,0.6666666666666666,
36002,530492,1,1,12,0,60,2,4,3,53,0,high,1.0,
36003,530493,1,2,12,0,35,3,9,2,53,0,low,0.5,
36004,530494,1,1,12,0,35,3,1,1,53,1,high,1.0,
36005,530495,1,2,12,5,55,2,1,2,53,0,low,0.5,
36006,530496,1,1,12,0,55,3,1,1,53,1,high,1.0,
36007,530497,1,3,12,0,50,2,1,2,53,1,low,0.3333333333333333,
36008,530498,1,2,12,2,45,2,1,2,53,1,low,0.5,
36009,530499,1,7,12,2,35,2,1,1,53,1,low,0.14285714285714285,
36010,530500,1,1,12,0,35,2,5,2,53,0,high,1.0,
36011,530501,1,1,12,0,35,3,1,2,53,1,high,1.0,
36012,530502,1,1,12,0,25,2,4,3,53,0,high,1.0,
36013,530503,1,2,12,0,30,1,1,2,53,0,low,0.5,
36014,530504,1,3,8,0,35,2,1,1,53,1,low,0.3333333333333333,
36015,530505,1,3,12,0,55,2,1,2,53,0,low,0.3333333333333333,
36016,530506,1,4,12,0,55,1,1,1,53,0,low,0.25,
36017,530507,1,1,12,0,35,2,1,2,53,1,high,1.0,
36018,530508,1,2,12,0,40,1,1,2,53,0,low,0.5,
36019,530509,1,7,12,1,60,3,1,1,53,0,low,0.14285714285714285,
36020,530510,2,2,12,0,55,2,4,2,53,2,high,1.0,
36021,530511,1,2,12,1,60,4,1,1,53,0,low,0.5,
36022,530512,1,3,12,2,50,1,1,1,53,0,low,0.3333333333333333,
36023,530513,1,3,12,0,50,2,2,2,53,1,low,0.3333333333333333,
36024,530514,1,2,10,0,30,3,1,1,53,0,low,0.5,
36025,530515,1,1,12,0,45,1,1,1,53,0,high,1.0,
36026,530516,1,2,12,5,50,1,1,2,53,0,low,0.5,
36027,530517,1,1,12,0,60,3,2,2,53,1,high,1.0,
36028,530518,2,3,12,4,55,2,1,4,53,0,high,0.6666666666666666,
36029,530519,1,1,12,0,35,2,2,2,53,1,high,1.0,
36030,530520,1,4,12,2,45,1,2,2,53,0,low,0.25,
36031,530521,1,2,12,0,30,3,2,2,53,0,low,0.5,
36032,530522,1,3,12,2,60,2,1,1,53,1,low,0.3333333333333333,
36033,530523,1,3,12,0,50,1,1,1,53,1,low,0.3333333333333333,
36034,530524,1,4,12,0,45,1,2,3,53,0,low,0.25,
36035,530525,1,2,12,2,50,2,1,1,53,2,low,0.5,
36036,530526,1,5,12,5,30,3,1,2,53,1,low,0.2,
36037,530527,1,2,12,5,35,2,1,2,53,0,low,0.5,
36038,530528,1,3,12,2,50,1,1,5,53,0,low,0.3333333333333333,
36039,530529,1,2,12,5,35,2,2,2,53,1,low,0.5,
36040,530530,1,5,12,2,55,1,2,2,53,0,low,0.2,
36041,530531,1,4,12,0,25,2,2,2,53,2,low,0.25,
36042,530532,1,1,12,0,55,3,1,1,53,1,high,1.0,
36043,530533,1,1,11,0,35,1,1,1,53,0,high,1.0,
36044,530534,2,2,12,0,0,1,1,1,53,2,high,1.0,
36045,530536,1,1,11,8,25,3,1,1,53,1,high,1.0,
36046,530537,1,2,12,0,25,3,2,2,53,1,low,0.5,
36047,530538,1,2,12,0,35,1,1,1,53,1,low,0.5,
36048,530539,1,2,10,0,30,2,2,2,53,0,low,0.5,