,ST_CASE,FATALS,PERSONS,MONTH,MAN_COLL,SP_LIMIT,LGT_COND,WEATHER,SUR_COND,STATE,DRUNK_DR,rate,rate_numerical,arrival_time
36049,530540,1,3,12,0,35,3,1,8,53,2,low,0.3333333333333333,
36050,540002,1,2,1,0,70,2,5,2,54,0,low,0.5,
36051,540003,2,3,1,9,70,1,1,2,54,0,high,0.6666666666666666,
36052,540004,2,3,1,4,65,1,1,1,54,0,high,0.6666666666666666,
36053,540005,1,2,1,0,45,2,2,2,54,1,low,0.5,
36054,540007,1,1,1,0,99,2,1,1,54,1,high,1.0,
36055,540008,1,1,1,0,25,3,1,1,54,1,high,1.0,
36056,540009,1,1,1,0,55,1,2,2,54,1,high,1.0,
36057,540010,1,6,1,2,70,2,1,1,54,1,low,0.16666666666666666,
36058,540011,1,4,1,2,55,1,1,1,54,0,low,0.25,
36059,540012,1,2,1,2,55,1,1,2,54,0,low,0.5,
36060,540013,2,4,1,0,25,1,1,1,54,0,low,0.5,
36061,540014,2,2,1,2,55,2,1,2,54,0,high,1.0,
36062,540015,1,1,1,0,35,2,1,4,54,0,high,1.0,
36063,540016,1,1,1,0,40,2,1,1,54,1,high,1.0,
36064,540017,1,2,1,0,55,1,1,2,54,2,low,0.5,
36065,540018,1,3,1,0,55,2,1,3,54,0,low,0.3333333333333333,
36066,540019,1,7,1,2,35,1,1,1,54,0,low,0.14285714285714285,
36067,540020,1,2,1,0,99,2,1,3,54,0,low,0.5,
36068,540021,1,1,1,0,35,1,1,1,54,0,high,1.0,
36069,540022,1,2,2,0,55,2,1,1,54,1,low,0.5,
36070,540023,1,1,2,0,99,1,1,3,54,0,high,1.0,
36071,540024,3,4,2,2,40,1,4,2,54,2,high,0.75,
36072,540025,1,4,2,1,30,1,4,2,54,0,low,0.25,
36073,540026,2,2,2,0,70,2,1,1,54,1,high,1.0,
36074,540027,1,3,2,0,55,2,4,3,54,2,low,0.3333333333333333,
36075,540028,1,2,2,0,99,2,4,3,54,1,low,0.5,
36076,540029,1,2,2,4,70,1,1,1,54,0,low,0.5,
36077,540030,1,1,2,0,45,1,1,1,54,0,high,1.0,
36078,540031,1,8,2,1,70,1,1,2,54,0,low,0.125,
36079,540032,1,2,2,0,25,1,1,1,54,0,low,0.5,
36080,540033,1,2,2,0,40,2,1,1,54,1,low,0.5,
36081,540034,1,1,2,0,55,3,1,1,54,1,high,1.0,
36082,540035,1,3,2,0,55,2,1,1,54,2,low,0.3333333333333333,
36083,540036,1,1,2,0,70,1,1,1,54,0,high,1.0,
36084,540037,1,2,2,0,45,2,1,1,54,1,low,0.5,
36085,540039,1,2,2,5,65,2,1,1,54,0,low,0.5,
36086,540040,1,2,2,2,55,2,1,1,54,1,low,0.5,
36087,540041,1,3,2,2,40,1,4,3,54,0,low,0.3333333333333333,
36088,540042,1,1,2,0,55,5,1,1,54,0,high,1.0,
36089,540043,1,1,2,0,99,1,1,3,54,0,high,1.0,
36090,540044,1,1,2,0,55,2,5,2,54,1,high,1.0,
36091,540045,2,3,2,5,60,1,1,1,54,0,high,0.6666666666666666,
36092,540046,1,2,2,2,45,2,1,1,54,0,low,0.5,
36093,540047,1,2,2,0,35,1,1,1,54,0,low,0.5,
36094,540048,1,2,2,2,45,2,1,1,54,0,low,0.5,
36095,540049,1,1,2,0,55,2,4,3,54,0,high,1.0,
36096,540050,1,2,2,1,70,2,1,1,54,0,low,0.5,
36097,540051,1,3,2,1,65,2,1,1,54,0,low,0.3333333333333333,
36098,540052,2,4,2,0,65,2,1,1,54,0,low,0.5,
36099,540053,1,3,3,4,35,1,1,1,54,0,low,0.3333333333333333,
36100,540054,1,2,3,0,55,1,1,1,54,0,low,0.5,
36101,540055,1,1,3,0,55,2,4,2,54,1,high,1.0,
36102,540056,1,5,3,7,40,1,1,1,54,2,low,0.2,
36103,540057,1,2,3,2,55,1,4,3,54,0,low,0.5,
36104,540058,1,1,3,0,40,1,1,1,54,0,high,1.0,
36105,540059,1,2,3,0,40,2,1,1,54,1,low,0.5,
36106,540060,1,1,3,0,35,2,1,1,54,0,high,1.0,
36107,540061,1,1,3,0,70,1,1,1,54,0,high,1.0,
36108,540062,1,1,3,0,99,2,1,1,54,0,high,1.0,
36109,540063,1,1,3,0,35,4,1,1,54,0,high,1.0,
36110,540064,1,1,3,0,30,1,1,1,54,1,high,1.0,
36111,540065,2,2,3,2,50,1,1,1,54,1,high,1.0,
36112,540066,1,1,3,0,45,1,1,1,54,1,high,1.0,
36113,540067,1,3,3,0,40,1,1,1,54,0,low,0.3333333333333333,
36114,540068,1,1,3,0,65,2,1,1,54,1,high,1.0,
36115,540069,2,2,3,0,99,2,2,2,54,2,high,1.0,
36116,540070,2,3,3,1,55,2,2,2,54,3,high,0.6666666666666666,
36117,540071,1,2,3,2,60,3,1,1,54,2,low,0.5,
36118,540072,1,3,3,2,55,1,4,2,54,0,low,0.3333333333333333,
36119,540073,1,6,3,0,70,1,1,9,54,0,low,0.16666666666666666,
36120,540074,1,1,3,0,55,1,1,1,54,0,high,1.0,
36121,540075,1,1,3,0,45,2,2,2,54,1,high,1.0,
36122,540076,1,2,3,0,50,2,1,1,54,1,low,0.5,
36123,540077,1,5,3,5,45,1,1,1,54,0,low,0.2,
36124,540078,1,2,3,8,55,2,1,1,54,0,low,0.5,
36125,540080,1,1,3,0,99,2,1,1,54,0,high,1.0,
36126,540081,1,1,3,0,45,2,1,1,54,1,high,1.0,
36127,540082,1,1,3,0,65,2,1,1,54,1,high,1.0,
36128,540083,1,2,3,2,40,1,1,1,54,0,low,0.5,
36129,540084,1,2,3,2,45,2,1,1,54,0,low,0.5,
36130,540085,1,1,4,0,45,1,1,1,54,1,high,1.0,
36131,540086,1,2,4,2,55,1,1,1,54,0,low,0.5,
36132,540087,1,10,4,1,55,2,4,4,54,1,low,0.1,
36133,540088,1,2,4,2,55,2,4,2,54,0,low,0.5,
36134,540089,1,4,4,0,55,1,1,1,54,0,low,0.25,
36135,540090,1,1,4,0,99,1,1,1,54,0,high,1.0,
36136,540091,1,2,4,0,99,2,2,2,54,1,low,0.5,
36137,540092,1,1,4,0,55,2,1,1,54,1,high,1.0,
36138,540093,1,1,4,0,35,2,1,1,54,0,high,1.0,
36139,540094,1,1,4,0,55,2,1,1,54,1,high,1.0,
36140,540096,1,1,4,0,55,1,1,1,54,0,high,1.0,
36141,540097,1,3,4,5,55,2,1,1,54,0,low,0.3333333333333333,
36142,540098,1,1,4,0,70,2,1,1,54,0,high,1.0,
36143,540099,1,3,4,2,45,1,1,1,54,0,low,0.3333333333333333,
36144,540100,1,2,4,0,55,1,2,2,54,0,low,0.5,
36145,540101,1,2,4,2,55,1,2,2,54,0,low,0.5,
36146,540102,1,3,4,2,55,1,1,1,54,0,low,0.3333333333333333,
36147,540103,2,2,4,0,40,2,1,1,54,2,high,1.0,
36148,540104,1,1,4,0,70,1,1,1,54,0,high,1.0,
36149,540105,1,3,4,2,55,1,1,1,54,0,low,0.3333333333333333,
36150,540106,1,1,5,0,55,2,1,1,54,0,high,1.0,
36151,540107,1,2,5,2,55,1,1,1,54,0,low,0.5,
36152,540108,1,1,5,0,55,2,1,1,54,0,high,1.0,
36153,540109,1,1,5,0,45,1,1,1,54,0,high,1.0,
36154,540110,1,2,5,5,65,1,1,1,54,1,low,0.5,
36155,540111,1,5,5,0,60,1,1,1,54,0,low,0.2,
36156,540112,1,6,5,5,55,1,1,1,54,0,low,0.16666666666666666,
36157,540113,1,5,5,0,50,2,1,1,54,1,low,0.2,
36158,540114,1,1,5,0,40,1,1,1,54,1,high,1.0,
36159,540116,1,1,5,0,30,2,1,1,54,1,high,1.0,
36160,540117,1,1,5,0,70,1,1,1,54,0,high,1.0,
36161,540118,1,1,5,0,45,1,1,1,54,1,high,1.0,
36162,540119,1,2,5,0,25,2,1,1,54,1,low,0.5,
36163,540120,1,3,5,4,70,4,2,2,54,0,low,0.3333333333333333,
36164,540121,1,1,5,0,35,2,1,1,54,1,high,1.0,
36165,540122,1,2,5,0,25,1,1,1,54,0,low,0.5,
36166,540123,1,4,5,0,45,2,1,1,54,1,low,0.25,
36167,540124,1,2,5,0,40,1,1,1,54,0,low,0.5,
36168,540125,1,1,5,0,55,2,1,1,54,1,high,1.0,
36169,540126,1,1,5,0,55,1,1,2,54,1,high,1.0,
36170,540127,1,1,5,0,45,2,1,1,54,1,high,1.0,
36171,540129,1,1,5,0,55,1,1,1,54,1,high,1.0,
36172,540130,1,1,5,0,25,1,1,1,54,1,high,1.0,
36173,540131,1,1,5,0,35,1,1,1,54,1,high,1.0,
36174,540132,1,1,5,0,35,1,1,1,54,0,high,1.0,
36175,540133,1,6,5,7,65,1,1,1,54,0,low,0.16666666666666666,
36176,540134,1,3,5,2,55,1,1,1,54,0,low,0.3333333333333333,
36177,540135,1,1,5,0,65,1,1,1,54,0,high,1.0,
36178,540136,1,3,5,2,55,1,1,1,54,0,low,0.3333333333333333,
36179,540137,1,1,5,0,99,2,1,1,54,1,high,1.0,
36180,540138,1,1,6,0,0,1,1,2,54,1,high,1.0,
36181,540139,2,3,6,0,55,2,1,1,54,2,high,0.6666666666666666,
36182,540140,1,1,6,0,55,1,1,1,54,0,high,1.0,
36183,540141,1,2,6,2,55,1,1,1,54,0,low,0.5,
36184,540142,1,6,6,2,55,2,1,1,54,0,low,0.16666666666666666,
36185,540143,1,1,6,0,55,1,1,1,54,0,high,1.0,
36186,540144,2,3,5,2,55,1,1,1,54,0,high,0.6666666666666666,
36187,540145,1,2,6,0,60,2,1,1,54,1,low,0.5,
36188,540146,1,1,6,0,0,2,1,1,54,1,high,1.0,
36189,540147,1,2,6,0,55,1,1,1,54,0,low,0.5,
36190,540148,1,2,6,0,55,2,1,1,54,1,low,0.5,
36191,540149,1,1,6,0,70,1,1,1,54,1,high,1.0,
36192,540150,1,1,6,0,65,2,5,2,54,0,high,1.0,
36193,540151,1,2,6,0,70,1,1,1,54,0,low,0.5,
36194,540153,1,3,6,6,35,1,1,1,54,0,low,0.3333333333333333,
36195,540154,1,2,6,0,55,1,1,1,54,0,low,0.5,
36196,540155,1,2,6,0,25,1,1,1,54,1,low,0.5,
36197,540156,1,4,6,0,35,2,1,1,54,3,low,0.25,
36198,540157,1,2,6,2,55,2,1,1,54,1,low,0.5,
36199,540158,1,2,6,2,40,2,2,2,54,1,low,0.5,
36200,540159,1,3,6,2,50,3,1,1,54,0,low,0.3333333333333333,
36201,540160,1,1,6,0,55,1,1,1,54,0,high,1.0,
36202,540161,1,2,7,0,0,4,1,1,54,1,low,0.5,
36203,540162,1,1,7,0,25,3,1,1,54,1,high,1.0,
36204,540164,1,1,2,0,25,5,1,1,54,1,high,1.0,
36205,540167,1,1,3,0,25,1,1,1,54,1,high,1.0,
36206,540168,1,1,4,0,25,2,2,2,54,0,high,1.0,
36207,540169,1,2,4,0,55,2,1,1,54,0,low,0.5,
36208,540170,1,3,4,2,25,1,1,1,54,0,low,0.3333333333333333,
36209,540171,1,2,4,0,15,1,1,1,54,0,low,0.5,
36210,540172,1,4,5,2,55,2,1,1,54,1,low,0.25,
36211,540173,3,6,5,2,70,1,2,2,54,0,low,0.5,
36212,540174,1,1,5,0,55,5,1,1,54,0,high,1.0,
36213,540175,1,1,6,0,45,2,1,1,54,1,high,1.0,
36214,540176,1,1,7,0,30,5,1,1,54,1,high,1.0,
36215,540177,1,1,7,0,30,2,2,2,54,0,high,1.0,
36216,540178,1,1,7,0,45,1,1,1,54,0,high,1.0,
36217,540179,1,1,8,0,70,1,1,1,54,0,high,1.0,
36218,540180,1,2,8,3,65,2,1,1,54,0,low,0.5,
36219,540181,1,1,8,0,55,2,1,1,54,1,high,1.0,
36220,540182,1,2,8,11,55,1,1,1,54,1,low,0.5,
36221,540183,1,2,8,4,45,1,1,1,54,0,low,0.5,
36222,540184,1,1,8,0,25,2,1,1,54,1,high,1.0,
36223,540185,1,3,8,2,45,1,1,1,54,0,low,0.3333333333333333,
36224,540186,1,5,8,2,65,1,1,1,54,0,low,0.2,
36225,540187,1,1,8,0,55,1,1,1,54,1,high,1.0,
36226,540188,1,4,8,2,55,1,1,1,54,0,low,0.25,
36227,540189,1,1,8,0,70,2,1,1,54,1,high,1.0,
36228,540190,2,2,8,2,55,1,1,1,54,0,high,1.0,
36229,540191,2,3,8,0,25,2,1,1,54,3,high,0.6666666666666666,
36230,540192,1,2,8,0,30,1,2,2,54,1,low,0.5,
36231,540193,1,2,8,0,55,1,1,1,54,0,low,0.5,
36232,540194,1,1,8,0,45,1,1,1,54,0,high,1.0,
36233,540195,1,1,8,0,55,1,1,1,54,0,high,1.0,
36234,540196,1,1,8,0,35,1,1,1,54,1,high,1.0,
36235,540197,1,1,8,0,70,2,5,1,54,0,high,1.0,
36236,540198,1,3,9,7,55,1,1,1,54,3,low,0.3333333333333333,
36237,540199,1,3,8,0,35,3,1,1,54,2,low,0.3333333333333333,
36238,540200,1,2,7,2,55,2,1,1,54,0,low,0.5,
36239,540201,1,6,9,0,65,2,1,1,54,0,low,0.16666666666666666,
36240,540202,1,1,7,0,45,2,1,1,54,1,high,1.0,
36241,540203,1,10,6,5,60,1,1,1,54,0,low,0.1,
36242,540204,1,5,6,0,30,2,1,1,54,1,low,0.2,
36243,540205,1,3,7,7,45,2,1,1,54,0,low,0.3333333333333333,
36244,540206,1,2,6,0,70,2,1,2,54,0,low,0.5,
36245,540207,1,2,7,8,70,2,1,1,54,0,low,0.5,
36246,540208,1,1,7,0,55,1,1,1,54,1,high,1.0,
36247,540209,1,1,9,0,55,5,1,1,54,0,high,1.0,
36248,540210,1,2,9,2,55,1,2,7,54,0,low,0.5,
36249,540212,1,4,8,7,70,2,1,1,54,1,low,0.25,
36250,540214,1,2,9,0,55,1,1,1,54,2,low,0.5,
36251,540215,1,2,8,7,70,2,1,1,54,1,low,0.5,
36252,540218,1,3,8,0,55,2,1,1,54,1,low,0.3333333333333333,
36253,540219,1,2,9,0,55,2,1,1,54,1,low,0.5,
36254,540220,1,6,6,0,55,2,1,1,54,0,low,0.16666666666666666,
36255,540221,1,3,6,1,55,2,1,1,54,0,low,0.3333333333333333,
36256,540222,1,1,9,0,99,2,1,1,54,1,high,1.0,
36257,540223,1,3,8,0,70,2,1,1,54,1,low,0.3333333333333333,
36258,540225,1,1,7,0,35,2,1,1,54,1,high,1.0,
36259,540226,1,2,7,2,25,1,1,2,54,0,low,0.5,
36260,540227,1,2,1,0,45,2,1,1,54,0,low,0.5,
36261,540228,1,2,6,0,55,1,1,1,54,0,low,0.5,
36262,540229,1,1,8,0,55,1,1,1,54,0,high,1.0,
36263,540230,1,1,9,0,55,1,1,1,54,0,high,1.0,
36264,540231,1,1,8,99,55,1,1,1,54,0,high,1.0,
36265,540232,1,2,9,0,25,2,1,1,54,2,low,0.5,
36266,540233,1,1,9,0,99,2,1,1,54,1,high,1.0,
36267,540234,1,3,9,6,45,1,1,1,54,1,low,0.3333333333333333,
36268,540235,1,2,9,0,45,2,1,1,54,1,low,0.5,
36269,540236,1,2,9,0,50,2,1,1,54,1,low,0.5,
36270,540237,1,1,9,0,25,2,1,1,54,1,high,1.0,
36271,540238,1,1,9,0,55,2,1,1,54,1,high,1.0,
36272,540239,1,8,9,5,55,1,1,1,54,0,low,0.125,
36273,540240,1,2,7,0,65,1,1,1,54,0,low,0.5,
36274,540241,1,1,6,0,25,2,2,2,54,1,high,1.0,
36275,540242,1,4,9,2,50,1,1,1,54,0,low,0.25,
36276,540243,2,7,9,4,70,1,1,1,54,0,low,0.2857142857142857,
36277,540244,2,3,3,3,55,1,2,2,54,0,high,0.6666666666666666,
36278,540245,1,3,4,4,55,1,1,1,54,1,low,0.3333333333333333,
36279,540246,1,2,8,5,25,3,1,1,54,1,low,0.5,
36280,540247,1,3,9,2,40,1,1,1,54,1,low,0.3333333333333333,
36281,540248,1,2,6,4,55,1,1,1,54,0,low,0.5,
36282,540250,1,2,1,0,45,2,1,2,54,0,low,0.5,
36283,540251,1,1,1,3,25,1,1,1,54,0,high,1.0,
36284,540252,1,3,2,7,65,1,1,2,54,0,low,0.3333333333333333,
36285,540253,1,2,2,1,50,3,1,1,54,0,low,0.5,
36286,540254,1,1,6,0,55,1,1,1,54,0,high,1.0,
36287,540255,1,1,9,0,55,1,1,1,54,0,high,1.0,
36288,540256,1,1,3,0,50,2,1,1,54,0,high,1.0,
36289,540257,1,3,3,0,55,1,1,1,54,0,low,0.3333333333333333,
36290,540258,1,1,3,0,70,2,1,1,54,1,high,1.0,
36291,540259,1,1,4,0,25,2,4,3,54,1,high,1.0,
36292,540260,1,1,4,0,55,1,1,2,54,0,high,1.0,
36293,540261,1,2,9,0,45,1,1,1,54,0,low,0.5,
36294,540262,1,2,10,4,35,1,1,1,54,0,low,0.5,
36295,540263,1,2,10,0,55,2,1,1,54,2,low,0.5,
36296,540264,1,2,5,2,60,3,1,1,54,1,low,0.5,
36297,540265,2,3,5,5,55,1,1,1,54,1,high,0.6666666666666666,
36298,540267,1,2,10,0,40,1,2,2,54,0,low,0.5,
36299,540268,1,2,7,0,70,1,1,1,54,0,low,0.5,
36300,540269,1,5,9,3,35,1,1,1,54,0,low,0.2,
36301,540270,1,2,9,0,45,2,1,1,54,2,low,0.5,
36302,540271,1,2,9,5,45,1,1,1,54,0,low,0.5,
36303,540272,2,3,9,2,45,1,1,1,54,1,high,0.6666666666666666,
36304,540273,1,2,2,0,35,2,1,1,54,0,low,0.5,
36305,540274,1,2,3,0,55,1,1,1,54,0,low,0.5,
36306,540276,1,1,4,0,45,2,1,1,54,1,high,1.0,
36307,540277,1,2,6,0,55,1,1,1,54,1,low,0.5,
36308,540278,1,1,9,0,25,1,1,1,54,0,high,1.0,
36309,540279,1,2,8,2,55,1,1,1,54,0,low,0.5,
36310,540280,1,1,10,0,99,1,1,1,54,0,high,1.0,
36311,540281,1,1,10,0,55,2,1,1,54,1,high,1.0,
36312,540283,1,2,10,0,45,2,5,1,54,1,low,0.5,
36313,540284,1,2,10,0,55,1,1,1,54,1,low,0.5,
36314,540285,1,1,10,0,45,2,1,1,54,1,high,1.0,
36315,540286,1,2,10,0,40,3,1,1,54,0,low,0.5,
36316,540287,1,3,10,8,35,1,2,2,54,0,low,0.3333333333333333,
36317,540288,1,2,10,2,55,1,2,2,54,1,low,0.5,
36318,540289,1,1,10,0,55,1,1,1,54,1,high,1.0,
36319,540290,1,2,10,0,35,2,1,1,54,2,low,0.5,
36320,540291,1,1,10,0,55,2,1,1,54,1,high,1.0,
36321,540292,1,1,6,0,55,1,1,1,54,1,high,1.0,
36322,540293,1,1,8,0,55,1,1,1,54,0,high,1.0,
36323,540295,2,2,10,0,65,1,1,1,54,0,high,1.0,
36324,540296,1,2,10,0,55,2,1,1,54,1,low,0.5,
36325,540297,1,3,10,2,50,1,1,1,54,1,low,0.3333333333333333,
36326,540298,1,1,10,0,70,1,1,1,54,0,high,1.0,
36327,540299,1,1,10,0,45,2,1,1,54,1,high,1.0,
36328,540300,1,2,10,0,70,4,1,1,54,0,low,0.5,
36329,540301,3,4,10,0,45,5,1,1,54,1,high,0.75,
36330,540302,1,4,10,2,50,2,1,1,54,2,low,0.25,
36331,540303,1,1,10,0,55,2,1,1,54,0,high,1.0,
36332,540304,1,2,10,0,25,2,1,1,54,0,low,0.5,
36333,540305,1,9,10,1,55,1,1,1,54,0,low,0.1111111111111111,
36334,540306,1,1,3,0,25,2,3,2,54,0,high,1.0,
36335,540307,1,2,9,0,70,1,1,1,54,0,low,0.5,
36336,540308,1,2,9,0,55,5,1,1,54,1,low,0.5,
36337,540309,1,1,10,0,70,1,1,1,54,0,high,1.0,
36338,540310,2,2,10,0,55,1,2,2,54,0,high,1.0,
36339,540311,1,3,10,2,55,1,1,1,54,0,low,0.3333333333333333,
36340,540312,2,3,11,0,70,2,1,1,54,0,high,0.6666666666666666,
36341,540313,1,1,11,0,25,3,1,1,54,1,high,1.0,
36342,540314,1,2,11,0,50,2,1,1,54,0,low,0.5,
36343,540315,1,3,4,2,99,2,1,1,54,0,low,0.3333333333333333,
36344,540316,1,1,4,0,99,2,1,4,54,1,high,1.0,
36345,540317,1,1,5,0,25,1,1,1,54,0,high,1.0,
36346,540318,1,1,6,0,45,2,2,2,54,1,high,1.0,
36347,540319,1,2,6,0,55,1,1,1,54,0,low,0.5,
36348,540320,1,3,6,2,55,1,1,1,54,0,low,0.3333333333333333,
36349,540321,1,1,7,0,45,1,1,1,54,1,high,1.0,
36350,540322,1,1,7,0,25,1,1,1,54,0,high,1.0,
36351,540323,1,1,7,0,55,1,1,1,54,0,high,1.0,
36352,540324,2,2,7,7,55,1,1,1,54,0,high,1.0,
36353,540325,1,3,7,0,55,1,1,1,54,0,low,0.3333333333333333,
36354,540326,2,2,5,0,30,3,1,2,54,2,high,1.0,
36355,540327,1,3,6,0,99,2,1,1,54,3,low,0.3333333333333333,
36356,540328,1,3,7,4,55,1,1,1,54,0,low,0.3333333333333333,
36357,540329,1,1,7,0,55,2,2,2,54,1,high,1.0,
36358,540330,1,3,7,2,55,1,1,1,54,0,low,0.3333333333333333,
36359,540331,1,2,12,0,40,1,4,3,54,0,low,0.5,
36360,540332,1,4,12,2,55,4,2,2,54,0,low,0.25,
36361,540333,1,2,12,0,55,2,2,2,54,0,low,0.5,
36362,540334,2,2,12,2,70,1,1,2,54,0,high,1.0,
36363,540335,1,1,12,0,45,1,2,6,54,0,high,1.0,
36364,540336,1,3,12,4,50,3,1,1,54,0,low,0.3333333333333333,
36365,540337,1,2,12,0,70,1,1,2,54,0,low,0.5,
36366,540338,1,2,12,4,55,2,1,1,54,1,low,0.5,
36367,540339,1,1,12,0,55,2,1,1,54,0,high,1.0,
36368,540340,1,1,12,0,99,1,1,1,54,0,high,1.0,
36369,540341,1,2,12,0,35,2,1,1,54,1,low,0.5,
36370,540342,1,2,12,0,50,2,1,1,54,1,low,0.5,
36371,540343,1,1,12,0,55,2,1,1,54,1,high,1.0,
36372,540344,1,9,7,0,25,1,1,1,54,0,low,0.1111111111111111,
36373,540345,1,2,8,7,45,1,1,1,54,0,low,0.5,
36374,540346,1,1,8,0,65,4,1,1,54,0,high,1.0,
36375,540347,1,2,9,2,35,1,1,1,54,0,low,0.5,
36376,540348,1,2,9,3,55,2,5,1,54,1,low,0.5,
36377,540349,2,2,9,0,70,2,5,1,54,0,high,1.0,
36378,540350,1,1,9,0,65,2,2,2,54,0,high,1.0,
36379,540351,1,3,9,0,55,1,1,1,54,0,low,0.3333333333333333,
36380,540352,1,6,10,0,70,2,1,1,54,0,low,0.16666666666666666,
36381,540353,1,3,10,2,45,1,1,1,54,1,low,0.3333333333333333,
36382,540354,1,2,10,0,70,2,1,1,54,1,low,0.5,
36383,540355,1,2,10,1,70,1,1,1,54,0,low,0.5,
36384,540356,2,5,10,5,55,2,1,1,54,1,low,0.4,
36385,540357,1,3,10,2,99,5,1,1,54,0,low,0.3333333333333333,
36386,540358,1,2,10,2,45,1,3,2,54,0,low,0.5,
36387,540359,1,1,10,0,55,2,2,2,54,0,high,1.0,
36388,540360,1,1,11,0,55,2,1,1,54,0,high,1.0,
36389,540361,1,1,10,0,35,2,1,1,54,0,high,1.0,
36390,540362,1,3,9,0,55,1,1,1,54,0,low,0.3333333333333333,
36391,540363,1,2,11,2,55,1,2,2,54,0,low,0.5,
36392,540364,1,1,9,0,55,1,1,1,54,0,high,1.0,
36393,540365,1,3,11,2,55,1,1,1,54,0,low,0.3333333333333333,
36394,540366,1,3,11,8,55,1,2,2,54,0,low,0.3333333333333333,
36395,540367,1,1,11,0,55,1,1,2,54,0,high,1.0,
36396,540368,1,1,11,0,70,2,1,1,54,0,high,1.0,
36397,540369,1,1,11,0,99,2,1,1,54,1,high,1.0,
36398,540370,1,2,11,0,55,1,1,1,54,1,low,0.5,
36399,540371,1,2,11,2,55,1,2,2,54,0,low,0.5,
36400,540372,1,1,11,0,55,2,3,2,54,0,high,1.0,
36401,540373,1,4,11,5,55,2,1,2,54,0,low,0.25,
36402,540374,1,6,11,8,35,1,1,1,54,1,low,0.16666666666666666,
36403,540375,2,2,11,0,70,2,1,1,54,2,high,1.0,
36404,540376,1,1,11,0,99,1,1,1,54,0,high,1.0,
36405,540377,3,7,12,5,99,4,1,2,54,0,low,0.42857142857142855,
36406,540378,1,3,9,5,55,1,1,1,54,0,low,0.3333333333333333,
36407,540379,5,13,7,1,70,2,1,1,54,1,low,0.38461538461538464,
36408,540380,1,2,7,7,25,2,1,1,54,2,low,0.5,
36409,540381,1,1,8,0,99,2,1,1,54,0,high,1.0,
36410,540382,1,2,9,0,70,2,1,1,54,2,low,0.5,
36411,540383,1,1,11,0,40,1,1,1,54,1,high,1.0,
36412,540384,1,3,11,2,55,1,3,2,54,0,low,0.3333333333333333,
36413,540385,1,1,11,0,40,2,1,1,54,1,high,1.0,
36414,540386,1,1,11,0,25,3,1,1,54,1,high,1.0,
36415,540387,1,1,11,0,55,2,1,1,54,1,high,1.0,
36416,540388,1,1,11,0,25,3,1,1,54,1,high,1.0,
36417,540389,2,2,11,0,25,9,9,8,54,0,high,1.0,
36418,540390,1,3,4,0,70,3,1,1,54,2,low,0.3333333333333333,
36419,540391,1,4,7,2,55,1,1,1,54,0,low,0.25,
36420,540392,1,1,7,0,25,2,1,1,54,0,high,1.0,
36421,540393,1,1,12,0,70,2,1,1,54,1,high,1.0,
36422,540394,1,6,12,0,99,2,1,1,54,1,low,0.16666666666666666,
36423,540395,1,2,12,0,25,1,4,3,54,0,low,0.5,
36424,540396,1,2,7,0,99,2,5,1,54,1,low,0.5,
36425,540397,1,2,12,4,55,1,4,3,54,0,low,0.5,
36426,540398,1,2,12,0,50,2,2,2,54,2,low,0.5,
36427,540399,1,2,12,0,60,1,2,2,54,0,low,0.5,
36428,540400,1,1,12,0,99,1,2,2,54,0,high,1.0,
36429,540401,1,1,12,0,45,2,5,2,54,0,high,1.0,
36430,540402,3,4,12,4,45,1,1,2,54,0,high,0.75,
36431,540403,1,1,12,0,40,1,1,1,54,0,high,1.0,
36432,540404,2,7,12,0,65,2,1,1,54,0,low,0.2857142857142857,
36433,540405,1,1,12,0,35,2,1,1,54,1,high,1.0,
36434,540406,2,2,11,0,99,2,5,1,54,2,high,1.0,
36435,540407,1,2,9,0,99,2,1,1,54,2,low,0.5,
36436,550001,1,3,1,0,30,2,1,3,55,2,low,0.3333333333333333,
36437,550002,1,4,1,5,55,1,1,1,55,0,low,0.25,
36438,550003,2,6,1,0,40,5,1,1,55,0,low,0.3333333333333333,
36439,550004,1,1,1,0,45,2,1,1,55,1,high,1.0,
36440,550005,1,6,1,5,35,1,1,1,55,0,low,0.16666666666666666,
36441,550006,2,3,1,5,45,1,1,2,55,0,high,0.6666666666666666,
36442,550007,1,1,1,0,55,2,1,2,55,1,high,1.0,
36443,550008,1,2,1,2,55,1,1,1,55,0,low,0.5,
36444,550009,1,1,1,0,25,3,1,1,55,0,high,1.0,
36445,550010,2,2,1,2,45,2,1,1,55,1,high,1.0,
36446,550011,1,1,1,0,65,2,1,1,55,1,high,1.0,
36447,550013,1,1,1,0,55,1,3,4,55,0,high,1.0,
36448,550014,1,1,1,0,55,2,1,1,55,1,high,1.0,