,ST_CASE,FATALS,PERSONS,MONTH,MAN_COLL,SP_LIMIT,LGT_COND,WEATHER,SUR_COND,STATE,DRUNK_DR,rate,rate_numerical,arrival_time
36848,550415,1,1,8,0,55,1,1,1,55,0,high,1.0,
36849,550416,1,2,8,4,55,1,5,2,55,0,low,0.5,
36850,550417,1,5,8,2,55,2,5,1,55,1,low,0.2,
36851,550418,1,3,8,0,55,2,2,2,55,1,low,0.3333333333333333,
36852,550419,1,1,8,0,45,1,1,1,55,1,high,1.0,
36853,550420,1,2,8,2,55,1,1,9,55,0,low,0.5,
36854,550421,2,5,8,1,40,2,1,1,55,1,low,0.4,
36855,550422,1,2,8,0,35,2,1,1,55,1,low,0.5,
36856,550423,1,2,8,0,65,1,1,1,55,0,low,0.5,
36857,550424,1,1,8,0,55,1,1,1,55,0,high,1.0,
36858,550425,1,1,8,1,55,1,1,1,55,0,high,1.0,
36859,550426,1,3,8,5,35,1,1,1,55,0,low,0.3333333333333333,
36860,550427,1,4,8,5,25,1,1,1,55,0,low,0.25,
36861,550428,1,2,8,0,30,1,1,2,55,0,low,0.5,
36862,550429,2,4,8,2,40,1,1,1,55,0,low,0.5,
36863,550430,1,1,8,0,45,1,1,1,55,0,high,1.0,
36864,550431,1,3,8,5,45,3,1,1,55,1,low,0.3333333333333333,
36865,550432,1,1,8,0,65,2,1,1,55,1,high,1.0,
36866,550433,1,1,8,0,55,2,9,1,55,1,high,1.0,
36867,550434,1,2,8,1,55,1,1,1,55,0,low,0.5,
36868,550435,1,7,8,0,65,2,1,1,55,0,low,0.14285714285714285,
36869,550436,1,1,8,0,25,1,1,1,55,1,high,1.0,
36870,550437,1,1,9,0,25,2,1,1,55,1,high,1.0,
36871,550438,1,2,9,0,55,2,1,1,55,1,low,0.5,
36872,550439,1,8,9,0,55,1,1,1,55,0,low,0.125,
36873,550440,1,5,9,0,65,1,1,1,55,0,low,0.2,
36874,550441,1,1,9,0,55,2,1,1,55,1,high,1.0,
36875,550442,1,2,9,0,45,1,1,1,55,2,low,0.5,
36876,550443,1,1,9,0,55,2,1,1,55,1,high,1.0,
36877,550444,1,1,9,0,55,2,1,1,55,1,high,1.0,
36878,550445,1,1,9,0,45,2,1,1,55,1,high,1.0,
36879,550446,1,6,9,1,55,1,1,1,55,0,low,0.16666666666666666,
36880,550447,1,5,9,4,30,3,1,1,55,2,low,0.2,
36881,550448,1,6,9,5,55,1,1,1,55,0,low,0.16666666666666666,
36882,550449,1,2,9,0,35,3,1,1,55,1,low,0.5,
36883,550450,1,2,9,0,40,3,1,1,55,2,low,0.5,
36884,550451,1,1,9,0,55,1,1,1,55,1,high,1.0,
36885,550452,1,1,9,0,55,2,1,1,55,1,high,1.0,
36886,550453,1,1,9,0,55,1,1,1,55,0,high,1.0,
36887,550454,1,1,9,0,55,1,1,1,55,1,high,1.0,
36888,550455,1,1,9,0,55,3,1,1,55,1,high,1.0,
36889,550456,1,1,9,0,65,2,1,1,55,0,high,1.0,
36890,550457,1,2,9,0,99,1,1,6,55,0,low,0.5,
36891,550458,1,2,9,0,15,1,2,2,55,0,low,0.5,
36892,550459,1,1,9,0,55,5,1,1,55,0,high,1.0,
36893,550460,1,2,9,2,55,2,1,1,55,1,low,0.5,
36894,550461,1,2,9,1,30,1,1,1,55,1,low,0.5,
36895,550462,3,5,9,5,40,1,1,1,55,0,high,0.6,
36896,550463,1,3,9,5,30,1,1,1,55,0,low,0.3333333333333333,
36897,550464,1,1,9,0,55,2,5,1,55,1,high,1.0,
36898,550465,1,2,9,2,55,1,1,1,55,0,low,0.5,
36899,550466,1,1,9,0,40,2,1,1,55,1,high,1.0,
36900,550467,1,2,9,0,55,2,1,1,55,2,low,0.5,
36901,550468,1,1,9,0,25,3,1,1,55,1,high,1.0,
36902,550469,1,1,9,0,55,2,1,1,55,1,high,1.0,
36903,550470,2,5,9,5,55,1,1,1,55,3,low,0.4,
36904,550471,1,2,9,0,35,3,1,1,55,1,low,0.5,
36905,550472,1,1,9,0,55,2,1,1,55,1,high,1.0,
36906,550473,1,2,9,0,65,2,1,1,55,1,low,0.5,
36907,550474,1,3,9,3,30,1,1,1,55,1,low,0.3333333333333333,
36908,550475,1,2,9,7,35,1,1,1,55,0,low,0.5,
36909,550476,1,2,9,0,55,2,1,1,55,0,low,0.5,
36910,550477,1,3,9,5,45,2,1,1,55,1,low,0.3333333333333333,
36911,550478,1,2,9,4,55,1,1,1,55,0,low,0.5,
36912,550479,2,2,9,2,25,3,1,1,55,2,high,1.0,
36913,550480,1,3,9,5,55,1,1,1,55,0,low,0.3333333333333333,
36914,550481,1,4,9,2,55,1,1,1,55,1,low,0.25,
36915,550482,1,2,9,2,55,2,1,1,55,1,low,0.5,
36916,550483,1,2,9,0,35,1,1,1,55,0,low,0.5,
36917,550484,1,2,9,5,55,1,1,1,55,0,low,0.5,
36918,550485,1,1,9,0,55,1,1,1,55,1,high,1.0,
36919,550486,1,1,9,0,35,1,1,1,55,0,high,1.0,
36920,550487,1,3,9,5,35,1,1,1,55,1,low,0.3333333333333333,
36921,550488,4,4,9,0,55,2,1,1,55,4,high,1.0,
36922,550489,1,2,9,2,55,1,1,1,55,0,low,0.5,
36923,550490,1,1,9,0,45,1,1,1,55,1,high,1.0,
36924,550491,2,3,9,5,55,3,1,1,55,1,high,0.6666666666666666,
36925,550492,1,2,9,0,55,1,1,2,55,0,low,0.5,
36926,550493,1,2,9,1,55,1,1,1,55,0,low,0.5,
36927,550494,1,1,9,0,55,2,1,1,55,0,high,1.0,
36928,550495,1,1,9,0,55,2,1,1,55,1,high,1.0,
36929,550496,1,3,9,0,55,1,1,1,55,1,low,0.3333333333333333,
36930,550497,1,1,9,0,55,2,1,1,55,1,high,1.0,
36931,550498,3,10,9,2,55,5,1,1,55,0,low,0.3,
36932,550499,1,2,9,2,55,1,1,1,55,0,low,0.5,
36933,550500,1,1,9,0,45,2,1,1,55,1,high,1.0,
36934,550501,1,2,9,2,55,2,2,2,55,1,low,0.5,
36935,550502,1,3,9,2,55,1,1,1,55,0,low,0.3333333333333333,
36936,550503,1,2,9,0,25,1,1,1,55,0,low,0.5,
36937,550504,1,1,9,0,99,3,1,1,55,0,high,1.0,
36938,550505,1,1,9,0,55,1,1,1,55,0,high,1.0,
36939,550506,1,1,9,0,60,1,2,2,55,0,high,1.0,
36940,550507,1,5,9,1,25,1,1,1,55,0,low,0.2,
36941,550508,1,2,10,2,45,3,2,2,55,1,low,0.5,
36942,550509,1,1,10,0,55,1,1,1,55,0,high,1.0,
36943,550510,2,2,10,5,55,1,1,1,55,0,high,1.0,
36944,550511,1,4,10,0,55,2,1,1,55,1,low,0.25,
36945,550512,1,1,10,0,65,1,1,1,55,0,high,1.0,
36946,550513,1,2,10,5,55,1,1,1,55,0,low,0.5,
36947,550514,1,1,10,0,55,2,1,1,55,1,high,1.0,
36948,550515,2,4,10,5,55,1,1,1,55,0,low,0.5,
36949,550516,1,3,10,1,55,1,1,1,55,1,low,0.3333333333333333,
36950,550517,1,2,10,0,65,2,1,1,55,1,low,0.5,
36951,550518,2,2,10,2,55,2,1,1,55,1,high,1.0,
36952,550519,1,2,10,5,35,1,1,1,55,1,low,0.5,
36953,550520,1,3,10,0,45,5,1,1,55,0,low,0.3333333333333333,
36954,550521,2,13,10,5,55,2,1,1,55,0,low,0.15384615384615385,
36955,550522,1,1,10,0,55,2,1,1,55,1,high,1.0,
36956,550523,1,3,10,1,55,1,1,9,55,0,low,0.3333333333333333,
36957,550524,1,1,10,0,55,2,1,1,55,1,high,1.0,
36958,550525,2,5,10,5,55,1,2,2,55,0,low,0.4,
36959,550526,2,4,10,0,35,3,1,2,55,2,low,0.5,
36960,550527,1,8,10,4,50,1,1,1,55,0,low,0.125,
36961,550528,1,1,10,0,55,1,1,2,55,0,high,1.0,
36962,550529,1,5,10,2,55,1,1,1,55,0,low,0.2,
36963,550530,1,1,10,0,55,2,1,1,55,1,high,1.0,
36964,550531,1,2,10,0,25,3,2,2,55,1,low,0.5,
36965,550532,1,3,10,5,25,1,1,1,55,0,low,0.3333333333333333,
36966,550533,1,1,10,0,55,2,2,2,55,1,high,1.0,
36967,550534,2,6,10,8,35,3,1,1,55,0,low,0.3333333333333333,
36968,550535,1,3,10,0,45,2,1,1,55,1,low,0.3333333333333333,
36969,550536,1,3,10,1,55,2,1,1,55,1,low,0.3333333333333333,
36970,550537,1,2,10,0,40,2,1,1,55,0,low,0.5,
36971,550538,2,3,10,0,55,2,1,1,55,0,high,0.6666666666666666,
36972,550539,2,3,10,5,55,1,1,1,55,0,high,0.6666666666666666,
36973,550540,1,3,10,2,55,2,1,1,55,0,low,0.3333333333333333,
36974,550541,1,3,10,5,45,1,1,1,55,0,low,0.3333333333333333,
36975,550542,1,1,10,0,55,2,1,9,55,1,high,1.0,
36976,550543,1,1,10,0,55,2,1,1,55,1,high,1.0,
36977,550544,1,5,10,0,55,2,1,1,55,3,low,0.2,
36978,550545,1,4,10,0,55,2,1,1,55,1,low,0.25,
36979,550546,1,2,10,0,45,2,1,9,55,1,low,0.5,
36980,550547,1,1,10,0,25,3,2,2,55,1,high,1.0,
36981,550548,1,1,10,0,99,9,9,8,55,1,high,1.0,
36982,550549,1,3,10,0,45,2,1,1,55,1,low,0.3333333333333333,
36983,550550,1,2,10,2,55,2,1,1,55,1,low,0.5,
36984,550551,1,3,10,5,25,3,1,1,55,0,low,0.3333333333333333,
36985,550552,1,1,10,0,55,2,1,1,55,1,high,1.0,
36986,550553,1,2,10,0,55,4,1,1,55,0,low,0.5,
36987,550554,1,1,10,0,99,2,1,1,55,1,high,1.0,
36988,550555,1,3,10,5,45,1,1,1,55,0,low,0.3333333333333333,
36989,550556,1,3,10,1,55,2,1,1,55,0,low,0.3333333333333333,
36990,550557,1,3,10,5,55,2,1,1,55,1,low,0.3333333333333333,
36991,550558,1,1,10,0,55,1,1,1,55,0,high,1.0,
36992,550559,1,2,10,1,55,1,1,1,55,0,low,0.5,
36993,550560,1,1,12,0,55,2,1,1,55,1,high,1.0,
36994,550561,1,1,12,0,45,2,1,4,55,1,high,1.0,
36995,550562,1,2,12,2,45,5,4,3,55,0,low,0.5,
36996,550563,1,2,12,5,55,2,1,3,55,0,low,0.5,
36997,550564,1,4,12,0,55,1,1,2,55,0,low,0.25,
36998,550566,1,1,12,0,40,3,1,2,55,0,high,1.0,
36999,550567,1,1,12,0,25,3,1,3,55,1,high,1.0,
37000,550568,1,2,12,0,55,2,7,3,55,2,low,0.5,
37001,550569,1,1,12,0,25,3,2,2,55,1,high,1.0,
37002,550570,1,2,12,5,35,3,1,2,55,0,low,0.5,
37003,550571,1,2,12,1,65,1,3,4,55,0,low,0.5,
37004,550572,1,3,12,1,65,1,4,3,55,0,low,0.3333333333333333,
37005,550573,3,5,12,5,55,1,1,4,55,0,high,0.6,
37006,550574,1,2,12,5,55,2,1,1,55,1,low,0.5,
37007,550575,1,4,12,4,45,2,4,3,55,0,low,0.25,
37008,550576,1,2,12,0,55,2,1,1,55,0,low,0.5,
37009,550577,1,8,12,0,65,1,1,1,55,0,low,0.125,
37010,550578,1,2,12,0,65,1,1,1,55,0,low,0.5,
37011,550579,1,4,12,2,55,1,4,3,55,0,low,0.25,
37012,550580,1,2,12,2,55,2,1,1,55,1,low,0.5,
37013,550581,1,1,12,0,65,2,1,2,55,0,high,1.0,
37014,550582,1,1,9,0,55,3,1,2,55,0,high,1.0,
37015,550583,1,3,10,1,35,1,1,1,55,1,low,0.3333333333333333,
37016,550584,1,2,10,0,25,1,1,1,55,0,low,0.5,
37017,550585,1,1,10,0,45,2,1,1,55,1,high,1.0,
37018,550586,1,4,10,1,25,3,1,1,55,0,low,0.25,
37019,550587,1,1,11,0,55,2,1,1,55,1,high,1.0,
37020,550588,1,1,11,0,45,2,1,1,55,1,high,1.0,
37021,550589,1,4,11,0,65,2,1,1,55,0,low,0.25,
37022,550590,1,1,11,0,55,5,1,1,55,0,high,1.0,
37023,550591,1,2,11,1,55,2,1,1,55,0,low,0.5,
37024,550592,1,5,11,0,55,2,1,1,55,2,low,0.2,
37025,550593,1,2,11,0,35,2,1,1,55,1,low,0.5,
37026,550594,1,1,11,0,45,2,1,1,55,1,high,1.0,
37027,550595,1,1,11,0,55,2,1,1,55,0,high,1.0,
37028,550596,1,1,11,0,55,2,1,1,55,1,high,1.0,
37029,550597,1,3,11,2,55,2,2,2,55,0,low,0.3333333333333333,
37030,550598,1,1,11,0,55,2,1,1,55,1,high,1.0,
37031,550599,1,2,11,2,45,2,1,1,55,1,low,0.5,
37032,550600,1,1,11,0,50,5,1,1,55,0,high,1.0,
37033,550601,1,4,11,5,55,2,1,1,55,0,low,0.25,
37034,550602,1,2,11,0,55,3,1,1,55,0,low,0.5,
37035,550603,1,1,11,0,65,2,1,1,55,1,high,1.0,
37036,550604,1,2,11,0,45,2,1,1,55,1,low,0.5,
37037,550605,1,1,11,0,65,2,1,1,55,1,high,1.0,
37038,550606,2,2,11,0,55,2,1,1,55,2,high,1.0,
37039,550607,1,2,11,99,55,1,1,1,55,2,low,0.5,
37040,550608,1,1,11,0,55,1,1,1,55,0,high,1.0,
37041,550609,1,2,11,5,45,1,1,1,55,0,low,0.5,
37042,550610,1,3,11,2,55,1,1,4,55,0,low,0.3333333333333333,
37043,550611,1,3,11,5,55,2,1,1,55,0,low,0.3333333333333333,
37044,550612,1,1,11,0,55,2,2,2,55,1,high,1.0,
37045,550613,1,1,11,0,55,2,9,9,55,1,high,1.0,
37046,550614,1,1,11,0,65,1,1,1,55,0,high,1.0,
37047,550615,1,1,11,0,55,2,1,2,55,1,high,1.0,
37048,550616,1,1,11,0,55,1,4,3,55,0,high,1.0,
37049,550617,1,1,11,0,50,3,1,2,55,1,high,1.0,
37050,550618,2,2,11,2,55,1,1,1,55,0,high,1.0,
37051,550619,3,7,11,2,65,1,1,1,55,1,low,0.42857142857142855,
37052,550620,2,4,11,5,55,2,1,1,55,1,low,0.5,
37053,550621,1,7,11,8,55,1,1,2,55,0,low,0.14285714285714285,
37054,550622,1,1,11,0,55,2,1,1,55,1,high,1.0,
37055,550623,1,2,11,0,50,3,1,1,55,1,low,0.5,
37056,550624,2,4,11,0,55,2,1,1,55,2,low,0.5,
37057,550625,1,2,11,0,30,3,2,2,55,0,low,0.5,
37058,550626,1,1,11,0,55,2,1,1,55,1,high,1.0,
37059,550627,1,2,11,0,55,1,1,1,55,0,low,0.5,
37060,550628,1,3,11,5,25,1,1,1,55,1,low,0.3333333333333333,
37061,550629,1,1,11,0,55,1,1,1,55,0,high,1.0,
37062,550630,1,3,11,4,45,1,1,1,55,0,low,0.3333333333333333,
37063,550631,1,5,11,1,55,1,1,1,55,0,low,0.2,
37064,550632,1,3,12,5,55,1,1,1,55,0,low,0.3333333333333333,
37065,550633,1,4,12,3,55,2,1,1,55,1,low,0.25,
37066,550634,1,2,12,1,25,1,1,1,55,0,low,0.5,
37067,550635,1,1,12,0,55,2,1,3,55,1,high,1.0,
37068,550636,1,1,12,0,55,1,1,3,55,0,high,1.0,
37069,550637,1,5,12,0,55,2,5,2,55,2,low,0.2,
37070,550638,1,2,12,0,25,4,5,2,55,0,low,0.5,
37071,550639,1,3,12,5,55,5,4,4,55,0,low,0.3333333333333333,
37072,550640,1,2,12,5,55,1,4,3,55,1,low,0.5,
37073,550641,1,2,10,0,30,3,1,1,55,0,low,0.5,
37074,550642,1,2,11,3,55,1,1,1,55,0,low,0.5,
37075,550643,1,1,11,0,40,4,1,1,55,0,high,1.0,
37076,550644,1,2,11,4,55,1,1,1,55,0,low,0.5,
37077,550645,1,7,11,5,45,2,1,2,55,0,low,0.14285714285714285,
37078,550646,1,3,12,99,65,1,4,4,55,0,low,0.3333333333333333,
37079,550647,1,2,12,2,55,2,4,3,55,0,low,0.5,
37080,550648,1,9,12,4,55,1,4,3,55,0,low,0.1111111111111111,
37081,550649,1,12,12,9,65,2,4,3,55,0,low,0.08333333333333333,
37082,550650,1,4,12,4,65,2,1,1,55,2,low,0.25,
37083,550651,2,3,12,4,25,2,1,2,55,1,high,0.6666666666666666,
37084,550652,1,3,12,4,55,1,4,3,55,0,low,0.3333333333333333,
37085,550653,1,2,12,4,55,2,1,4,55,0,low,0.5,
37086,550654,1,2,12,2,55,1,4,3,55,0,low,0.5,
37087,550655,1,3,12,0,55,2,1,2,55,0,low,0.3333333333333333,
37088,550656,1,3,12,2,99,1,1,3,55,1,low,0.3333333333333333,
37089,550657,1,7,12,8,55,1,4,3,55,0,low,0.14285714285714285,
37090,550658,1,3,12,1,45,1,1,4,55,0,low,0.3333333333333333,
37091,550659,1,1,10,0,55,2,1,1,55,1,high,1.0,
37092,550660,1,1,1,0,99,2,1,3,55,1,high,1.0,
37093,550661,1,1,1,0,99,2,1,3,55,1,high,1.0,
37094,550662,1,1,2,0,99,2,1,3,55,0,high,1.0,
37095,550663,1,1,4,0,99,2,1,1,55,1,high,1.0,
37096,550664,1,1,5,0,99,2,1,1,55,1,high,1.0,
37097,550665,1,1,5,0,55,1,1,1,55,0,high,1.0,
37098,550666,1,1,7,0,55,2,1,1,55,1,high,1.0,
37099,550667,1,2,7,0,99,1,1,1,55,0,low,0.5,
37100,550668,2,3,8,0,99,1,1,1,55,0,high,0.6666666666666666,
37101,550669,1,2,9,0,99,1,1,1,55,1,low,0.5,
37102,550670,1,1,9,0,99,2,1,9,55,1,high,1.0,
37103,550671,1,1,10,0,99,1,1,1,55,0,high,1.0,
37104,550672,1,1,11,0,99,2,1,1,55,1,high,1.0,
37105,550673,1,1,12,0,99,2,4,3,55,1,high,1.0,
37106,550674,1,1,10,0,55,1,1,1,55,0,high,1.0,
37107,550676,1,3,1,0,99,1,1,1,55,1,low,0.3333333333333333,
37108,550677,1,1,5,0,99,1,1,1,55,1,high,1.0,
37109,550678,1,2,12,0,99,1,1,1,55,0,low,0.5,
37110,550679,1,2,7,0,99,1,1,1,55,0,low,0.5,
37111,560001,1,2,1,0,55,1,1,1,56,1,low,0.5,
37112,560002,1,1,1,0,75,1,4,4,56,0,high,1.0,
37113,560003,1,1,1,0,35,2,1,3,56,1,high,1.0,
37114,560004,1,4,1,3,75,1,4,4,56,0,low,0.25,
37115,560005,2,4,1,5,65,2,1,1,56,0,low,0.5,
37116,560006,1,1,1,0,75,1,1,1,56,0,high,1.0,
37117,560007,1,3,1,2,65,2,4,4,56,0,low,0.3333333333333333,
37118,560008,1,3,1,0,65,2,1,1,56,1,low,0.3333333333333333,
37119,560009,1,2,1,0,20,1,1,1,56,0,low,0.5,
37120,560010,1,2,1,2,65,1,4,3,56,0,low,0.5,
37121,560011,1,3,1,7,75,1,1,1,56,1,low,0.3333333333333333,
37122,560012,1,2,2,2,65,2,1,1,56,0,low,0.5,
37123,560013,2,4,2,1,75,1,1,4,56,0,low,0.5,
37124,560014,1,2,2,0,75,2,1,4,56,0,low,0.5,
37125,560015,1,1,2,0,45,1,1,4,56,0,high,1.0,
37126,560016,1,3,2,0,65,2,1,4,56,0,low,0.3333333333333333,
37127,560017,1,2,2,0,30,3,1,3,56,1,low,0.5,
37128,560018,2,2,2,0,75,3,4,4,56,0,high,1.0,
37129,560019,1,1,2,0,75,1,1,1,56,0,high,1.0,
37130,560020,1,1,2,0,65,2,4,3,56,0,high,1.0,
37131,560021,1,5,2,2,65,2,4,3,56,1,low,0.2,
37132,560022,1,1,2,0,65,5,1,1,56,0,high,1.0,
37133,560023,1,3,3,0,75,2,4,4,56,0,low,0.3333333333333333,
37134,560024,1,1,3,0,45,2,1,1,56,1,high,1.0,
37135,560025,1,1,3,0,75,2,1,1,56,1,high,1.0,
37136,560026,1,5,3,0,99,1,1,1,56,0,low,0.2,
37137,560027,2,2,3,0,75,2,1,1,56,2,high,1.0,
37138,560028,1,1,3,0,30,2,1,1,56,1,high,1.0,
37139,560029,1,2,3,0,75,4,1,1,56,0,low,0.5,
37140,560030,1,1,3,0,75,2,1,1,56,0,high,1.0,
37141,560031,1,1,4,0,65,1,1,1,56,0,high,1.0,
37142,560032,1,3,4,0,75,2,4,4,56,0,low,0.3333333333333333,
37143,560033,1,1,4,0,65,1,1,1,56,0,high,1.0,
37144,560034,1,1,4,0,65,2,1,1,56,0,high,1.0,
37145,560035,1,4,4,0,75,1,1,1,56,0,low,0.25,
37146,560036,1,3,4,0,65,1,1,1,56,0,low,0.3333333333333333,
37147,560037,1,1,4,0,40,2,1,1,56,1,high,1.0,
37148,560038,1,2,4,0,0,2,1,1,56,0,low,0.5,
37149,560039,1,1,5,0,65,1,1,1,56,1,high,1.0,
37150,560040,1,2,5,1,75,1,1,1,56,0,low,0.5,
37151,560041,1,3,5,0,65,5,1,1,56,0,low,0.3333333333333333,
37152,560042,1,1,5,0,20,3,1,1,56,1,high,1.0,
37153,560043,2,4,5,4,40,1,1,1,56,0,low,0.5,
37154,560044,1,1,5,0,65,2,1,1,56,1,high,1.0,
37155,560045,2,3,5,2,60,1,1,1,56,0,high,0.6666666666666666,
37156,560046,1,1,5,0,55,1,1,1,56,0,high,1.0,
37157,560047,1,1,5,0,45,3,1,1,56,0,high,1.0,
37158,560048,1,1,5,0,75,1,1,1,56,0,high,1.0,
37159,560049,1,7,5,11,65,1,1,1,56,0,low,0.14285714285714285,
37160,560050,1,2,6,0,40,1,1,1,56,1,low,0.5,
37161,560051,1,1,6,0,65,1,1,1,56,0,high,1.0,
37162,560052,1,3,6,0,99,1,1,5,56,1,low,0.3333333333333333,
37163,560053,1,2,6,2,65,2,1,1,56,1,low,0.5,
37164,560054,1,1,6,0,99,1,1,1,56,0,high,1.0,
37165,560055,1,2,6,0,75,2,1,1,56,0,low,0.5,
37166,560056,1,2,6,2,55,1,1,1,56,0,low,0.5,
37167,560057,1,5,6,0,75,1,1,1,56,0,low,0.2,
37168,560058,1,2,6,5,45,1,1,1,56,1,low,0.5,
37169,560059,1,2,5,0,0,1,1,1,56,1,low,0.5,
37170,560060,1,1,6,0,30,1,1,1,56,0,high,1.0,
37171,560061,1,1,7,0,65,1,1,1,56,1,high,1.0,
37172,560062,1,2,7,0,40,1,1,1,56,2,low,0.5,
37173,560063,1,1,7,0,30,2,1,1,56,1,high,1.0,
37174,560064,1,2,7,0,65,2,1,1,56,1,low,0.5,
37175,560065,1,1,7,0,25,1,1,1,56,1,high,1.0,
37176,560066,1,1,7,0,75,1,1,1,56,0,high,1.0,
37177,560067,1,2,7,0,75,1,1,1,56,0,low,0.5,
37178,560068,2,6,7,0,99,1,1,1,56,2,low,0.3333333333333333,
37179,560069,1,1,7,0,65,2,1,1,56,0,high,1.0,
37180,560070,1,4,7,0,65,3,1,1,56,1,low,0.25,
37181,560071,1,9,7,2,55,1,1,1,56,0,low,0.1111111111111111,
37182,560072,1,6,7,0,99,2,9,9,56,6,low,0.16666666666666666,
37183,560073,1,1,7,0,75,1,1,1,56,0,high,1.0,
37184,560074,1,1,7,0,75,1,1,1,56,0,high,1.0,
37185,560075,1,1,7,0,99,1,1,1,56,0,high,1.0,
37186,560076,1,1,7,0,99,2,1,1,56,1,high,1.0,
37187,560077,1,2,8,2,55,1,1,1,56,0,low,0.5,
37188,560078,1,1,8,0,65,1,1,1,56,0,high,1.0,
37189,560079,1,1,8,0,75,1,1,1,56,0,high,1.0,
37190,560080,1,2,8,0,99,1,1,1,56,0,low,0.5,
37191,560081,1,1,8,0,75,1,1,1,56,0,high,1.0,
37192,560082,1,3,8,0,30,2,1,1,56,1,low,0.3333333333333333,
37193,560083,1,1,8,0,30,1,1,1,56,0,high,1.0,
37194,560084,1,6,8,4,45,1,1,1,56,0,low,0.16666666666666666,
37195,560085,1,5,8,4,65,1,1,1,56,0,low,0.2,
37196,560086,1,1,8,0,45,1,1,1,56,1,high,1.0,
37197,560087,1,1,8,0,65,1,1,1,56,0,high,1.0,
37198,560088,1,2,8,0,65,2,1,1,56,1,low,0.5,
37199,560089,1,1,8,0,40,1,1,1,56,1,high,1.0,
37200,560090,1,2,8,8,65,1,1,1,56,0,low,0.5,
37201,560091,1,4,8,0,99,2,1,1,56,3,low,0.25,
37202,560092,1,2,9,2,65,1,1,1,56,1,low,0.5,
37203,560093,1,1,9,0,55,1,1,1,56,1,high,1.0,
37204,560094,1,2,9,8,65,1,1,1,56,0,low,0.5,
37205,560095,1,1,9,0,65,2,1,1,56,1,high,1.0,
37206,560096,1,2,9,0,65,4,1,1,56,0,low,0.5,
37207,560097,1,1,9,0,75,2,1,1,56,1,high,1.0,
37208,560098,1,1,9,0,99,5,2,5,56,1,high,1.0,
37209,560099,1,1,9,0,45,1,1,1,56,1,high,1.0,
37210,560100,1,2,9,1,45,1,1,1,56,1,low,0.5,
37211,560101,1,2,10,0,65,1,1,1,56,0,low,0.5,
37212,560102,1,2,10,5,45,3,1,1,56,0,low,0.5,
37213,560103,1,1,10,0,65,1,1,1,56,1,high,1.0,
37214,560104,1,2,10,0,65,1,1,1,56,0,low,0.5,
37215,560105,1,2,10,1,75,4,1,1,56,0,low,0.5,
37216,560106,1,2,10,4,65,1,1,1,56,0,low,0.5,
37217,560107,1,1,10,0,65,2,1,1,56,1,high,1.0,
37218,560108,1,1,10,0,65,1,1,1,56,1,high,1.0,
37219,560109,2,2,10,0,75,2,1,1,56,0,high,1.0,
37220,560110,1,2,10,2,55,1,1,1,56,0,low,0.5,
37221,560111,2,2,10,0,45,2,1,1,56,2,high,1.0,
37222,560112,1,1,10,0,99,9,1,1,56,0,high,1.0,
37223,560113,1,1,9,0,60,2,1,1,56,0,high,1.0,
37224,560114,1,1,11,0,99,2,1,1,56,1,high,1.0,
37225,560115,1,1,11,0,65,2,1,1,56,1,high,1.0,
37226,560116,1,1,11,0,65,2,1,1,56,1,high,1.0,
37227,560117,1,3,11,1,65,1,1,1,56,1,low,0.3333333333333333,
37228,560118,1,2,11,0,75,2,1,1,56,1,low,0.5,
37229,560119,2,3,11,0,65,1,1,1,56,0,high,0.6666666666666666,
37230,560120,1,1,11,0,65,2,1,1,56,1,high,1.0,
37231,560121,1,3,11,2,65,2,1,1,56,0,low,0.3333333333333333,
37232,560122,1,1,11,0,65,2,1,1,56,1,high,1.0,
37233,560123,1,1,11,0,75,2,1,1,56,1,high,1.0,
37234,560124,1,1,12,0,65,2,1,1,56,1,high,1.0,
37235,560125,1,2,12,0,65,1,1,4,56,0,low,0.5,
37236,560126,1,2,12,0,75,2,4,4,56,0,low,0.5,
37237,560127,2,5,12,8,65,1,1,4,56,0,low,0.4,
37238,560128,1,5,12,2,65,1,4,4,56,0,low,0.2,
37239,560129,1,5,12,8,65,5,4,4,56,0,low,0.2,
37240,560130,1,3,12,4,55,2,3,4,56,0,low,0.3333333333333333,
37241,560131,3,12,12,1,75,1,4,4,56,0,low,0.25,
37242,560132,1,1,12,0,65,1,1,1,56,1,high,1.0,
37243,560133,1,2,12,0,60,1,6,1,56,0,low,0.5,
37244,560134,1,1,12,0,65,1,1,4,56,0,high,1.0,
37245,560135,1,4,4,0,55,2,1,1,56,1,low,0.25,
37246,560136,1,2,7,0,45,1,1,1,56,0,low,0.5,
37247,560137,1,1,8,0,35,1,1,1,56,0,high,1.0,